#,Module,Method,Endpoint,Summary,Front-end screen (touchpoint),Auth,Roles/Permissions,Request example,Response example
1,Accounting,GET,/api/accounting/account-groups,Account types and financial-statement groups of the chart (for the chart of accounts form and reports),Master > Finance > Chart of Accounts,Bearer JWT,"read:journal-vouchers, read:masters",,"{
  ""success"": true,
  ""data"": {
    ""types"": [
      ""asset"",
      ""liability"",
      ""equity"",
      ""income"",
      ""expense""
    ],
    ""groups"": [
      {
        ""group"": ""Current Assets"",
        ""accountType"": ""asset""
      }
    ]
  }
}"
2,Accounting,GET,/api/accounting/accounts,"Chart of accounts in statement order (filter type, status, fsGroup, level=main|sub, search) with the system roles mapped to each account",Master > Finance > Chart of Accounts (Main / Sub Account); Journal Voucher account pickers,Bearer JWT,"read:journal-vouchers, read:masters",Query: ?type=asset&search=receivable,"{
  ""success"": true,
  ""data"": [
    {
      ""code"": ""1203001"",
      ""name"": ""Commission Receivable – Insurers (Direct Bill)"",
      ""accountType"": ""asset"",
      ""fsGroup"": ""Current Assets"",
      ""category"": ""Receivables"",
      ""normalBalance"": ""debit"",
      ""isOpenItem"": true,
      ""allowManual"": true,
      ""status"": ""active"",
      ""systemRoles"": [
        ""commission_receivable""
      ],
      ""isSystem"": true
    }
  ]
}"
3,Accounting,POST,/api/accounting/accounts,Add a GL account (also listed in the Main / Sub Account masters),Master > Finance > Chart of Accounts,Bearer JWT,write:journal-vouchers,"{
  ""code"": ""4409002"",
  ""name"": ""Donations and Contributions"",
  ""accountType"": ""expense"",
  ""fsGroup"": ""Operating Expenses"",
  ""category"": ""Operating Expenses""
}","{
  ""success"": true,
  ""data"": {
    ""code"": ""4409002"",
    ""name"": ""Donations and Contributions"",
    ""accountType"": ""expense"",
    ""fsGroup"": ""Operating Expenses""
  }
}"
4,Accounting,PUT,/api/accounting/accounts/:code,Update a GL account (deactivation only with zero balance and no system role; type fixed once used),Master > Finance > Chart of Accounts,Bearer JWT,write:journal-vouchers,"{
  ""name"": ""Office Supplies Expense""
}","{
  ""success"": true,
  ""data"": {
    ""code"": ""4401008"",
    ""name"": ""Office Supplies Expense""
  }
}"
5,Accounting,GET,/api/accounting/all-clients-accounting,"Entries grouped by client with per-client and grand totals (filter entryType, startDate, endDate, clientId, policyId)",Accounts > All Clients Accounting,Bearer JWT,"read:journal-vouchers, read:receipts, read:disbursements",Query: ?entryType=PAYMENT_RECEIPT&startDate=2026-09-01&endDate=2026-09-30&page=1&pageSize=10,"{
  ""success"": true,
  ""data"": [
    {
      ""clientId"": ""cl_1"",
      ""clientNumber"": ""CL-2026-00001"",
      ""clientName"": ""Maria Santos"",
      ""totalTransactions"": 5,
      ""summary"": {
        ""totalDebits"": 23725,
        ""totalCredits"": 23725,
        ""balance"": 0
      },
      ""transactions"": [
        {
          ""id"": ""101"",
          ""transactionId"": ""jv_1"",
          ""transactionCode"": ""JV-2026-00001"",
          ""entryType"": ""PAYMENT_RECEIPT"",
          ""debitCredit"": ""DEBIT"",
          ""amount"": 11862.5,
          ""accountCode"": ""1102001"",
          ""accountName"": ""Cash in Bank – BDO Current"",
          ""account"": {
            ""accountCode"": ""1102001"",
            ""accountName"": ""Cash in Bank – BDO Current""
          },
          ""glCode"": ""1102001"",
          ""documentDate"": ""2026-09-28"",
          ""status"": ""Posted"",
          ""motherPolicyId"": ""pol_1"",
          ""motherPolicyNumber"": ""POL-2026-00001"",
          ""clientId"": ""cl_1"",
          ""client"": {
            ""clientId"": ""CL-2026-00001"",
            ""firstName"": ""Maria"",
            ""lastName"": ""Santos""
          },
          ""referenceType"": ""Receipt"",
          ""referenceId"": ""or_1""
        }
      ]
    }
  ],
  ""pagination"": {
    ""page"": 1,
    ""pageSize"": 10,
    ""total"": 1,
    ""totalPages"": 1
  },
  ""totals"": {
    ""totalClients"": 1,
    ""totalTransactions"": 5,
    ""grandTotalDebits"": 23725,
    ""grandTotalCredits"": 23725,
    ""grandTotalBalance"": 0
  }
}"
6,Accounting,GET,/api/accounting/clients/:id/ledger-view,"Client ledger (all entries tagged to the client, running balance)",Accounts > All Clients Accounting > Client,Bearer JWT,"read:journal-vouchers, read:receipts, read:disbursements",,"{
  ""success"": true,
  ""data"": [
    {
      ""id"": ""101"",
      ""transactionId"": ""jv_1"",
      ""transactionCode"": ""JV-2026-00001"",
      ""entryType"": ""PAYMENT_RECEIPT"",
      ""debitCredit"": ""DEBIT"",
      ""amount"": 11862.5,
      ""accountCode"": ""1102001"",
      ""accountName"": ""Cash in Bank – BDO Current"",
      ""account"": {
        ""accountCode"": ""1102001"",
        ""accountName"": ""Cash in Bank – BDO Current""
      },
      ""glCode"": ""1102001"",
      ""documentDate"": ""2026-09-28"",
      ""status"": ""Posted"",
      ""motherPolicyId"": ""pol_1"",
      ""motherPolicyNumber"": ""POL-2026-00001"",
      ""clientId"": ""cl_1"",
      ""client"": {
        ""clientId"": ""CL-2026-00001"",
        ""firstName"": ""Maria"",
        ""lastName"": ""Santos""
      },
      ""referenceType"": ""Receipt"",
      ""referenceId"": ""or_1"",
      ""runningBalance"": 11862.5
    }
  ],
  ""totals"": {
    ""totalDebits"": 11862.5,
    ""totalCredits"": 0,
    ""balance"": 11862.5
  }
}"
7,Accounting,POST,/api/accounting/entries/match,Match debit and credit open entries on the same account (partial amounts allowed),Accounts > Open Entry Matching,Bearer JWT,write:journal-vouchers,"{
  ""matchPairs"": [
    {
      ""debitTransactionId"": ""101"",
      ""creditTransactionId"": ""205"",
      ""matchedAmount"": 11862.5,
      ""adjustmentAmount"": null
    }
  ],
  ""metadata"": {
    ""documentRef"": ""MATCH-001"",
    ""narration"": ""Premium settled""
  }
}","{
  ""success"": true,
  ""data"": [
    {
      ""id"": ""mt_1"",
      ""debitTransactionId"": ""101"",
      ""creditTransactionId"": ""205"",
      ""matchedAmount"": 11862.5
    }
  ]
}"
8,Accounting,GET,/api/accounting/entries/matched,Active matches with their debit and credit entries,Accounts > Open Entry Un-Matching,Bearer JWT,"read:journal-vouchers, read:receipts, read:disbursements",,"{
  ""success"": true,
  ""data"": [
    {
      ""id"": ""mt_1"",
      ""matchedAmount"": 11862.5,
      ""matchedDate"": ""2026-09-28T08:00:00Z"",
      ""debitTransaction"": {
        ""id"": ""101"",
        ""transactionId"": ""jv_1"",
        ""transactionCode"": ""JV-2026-00001"",
        ""entryType"": ""PAYMENT_RECEIPT"",
        ""debitCredit"": ""DEBIT"",
        ""amount"": 11862.5,
        ""accountCode"": ""1102001"",
        ""accountName"": ""Cash in Bank – BDO Current"",
        ""account"": {
          ""accountCode"": ""1102001"",
          ""accountName"": ""Cash in Bank – BDO Current""
        },
        ""glCode"": ""1102001"",
        ""documentDate"": ""2026-09-28"",
        ""status"": ""Posted"",
        ""motherPolicyId"": ""pol_1"",
        ""motherPolicyNumber"": ""POL-2026-00001"",
        ""clientId"": ""cl_1"",
        ""client"": {
          ""clientId"": ""CL-2026-00001"",
          ""firstName"": ""Maria"",
          ""lastName"": ""Santos""
        },
        ""referenceType"": ""Receipt"",
        ""referenceId"": ""or_1""
      },
      ""creditTransaction"": {
        ""id"": ""102"",
        ""transactionId"": ""jv_1"",
        ""transactionCode"": ""JV-2026-00001"",
        ""entryType"": ""PAYMENT_RECEIPT"",
        ""debitCredit"": ""CREDIT"",
        ""amount"": 11862.5,
        ""accountCode"": ""1102001"",
        ""accountName"": ""Cash in Bank – BDO Current"",
        ""account"": {
          ""accountCode"": ""1102001"",
          ""accountName"": ""Cash in Bank – BDO Current""
        },
        ""glCode"": ""1102001"",
        ""documentDate"": ""2026-09-28"",
        ""status"": ""Posted"",
        ""motherPolicyId"": ""pol_1"",
        ""motherPolicyNumber"": ""POL-2026-00001"",
        ""clientId"": ""cl_1"",
        ""client"": {
          ""clientId"": ""CL-2026-00001"",
          ""firstName"": ""Maria"",
          ""lastName"": ""Santos""
        },
        ""referenceType"": ""Receipt"",
        ""referenceId"": ""or_1""
      }
    }
  ]
}"
9,Accounting,GET,/api/accounting/entries/search,"Search accounting entries (policyId, clientId, clientName, entryType, referenceType, status, glCode, startDate, endDate; paging)",Accounts > Accounting Query,Bearer JWT,"read:journal-vouchers, read:receipts, read:disbursements",Query: ?clientId=CL-2026-00001&status=Posted&page=1&pageSize=20,"{
  ""success"": true,
  ""data"": [
    {
      ""id"": ""101"",
      ""transactionId"": ""jv_1"",
      ""transactionCode"": ""JV-2026-00001"",
      ""entryType"": ""PAYMENT_RECEIPT"",
      ""debitCredit"": ""DEBIT"",
      ""amount"": 11862.5,
      ""accountCode"": ""1102001"",
      ""accountName"": ""Cash in Bank – BDO Current"",
      ""account"": {
        ""accountCode"": ""1102001"",
        ""accountName"": ""Cash in Bank – BDO Current""
      },
      ""glCode"": ""1102001"",
      ""documentDate"": ""2026-09-28"",
      ""status"": ""Posted"",
      ""motherPolicyId"": ""pol_1"",
      ""motherPolicyNumber"": ""POL-2026-00001"",
      ""clientId"": ""cl_1"",
      ""client"": {
        ""clientId"": ""CL-2026-00001"",
        ""firstName"": ""Maria"",
        ""lastName"": ""Santos""
      },
      ""referenceType"": ""Receipt"",
      ""referenceId"": ""or_1""
    }
  ],
  ""pagination"": {
    ""page"": 1,
    ""pageSize"": 10,
    ""total"": 1,
    ""totalPages"": 1
  }
}"
10,Accounting,GET,/api/accounting/entries/unmatch,"Undo matches (query matchingIds=a,b) – kept for the current front-end service",Accounts > Open Entry Un-Matching,Bearer JWT,write:journal-vouchers,Query: ?matchingIds=mt_1%2Cmt_2,"{
  ""success"": true,
  ""data"": [
    ""mt_1""
  ]
}"
11,Accounting,POST,/api/accounting/entries/unmatch,Undo matches (body matchingIds[]),Accounts > Open Entry Un-Matching,Bearer JWT,write:journal-vouchers,"{
  ""matchingIds"": [
    ""mt_1""
  ]
}","{
  ""success"": true,
  ""data"": [
    ""mt_1""
  ]
}"
12,Accounting,GET,/api/accounting/entries/unmatched,"Posted open-item entries with an unmatched balance (filter debitCredit, currency, clientId, accountCode)",Accounts > Open Entry Matching,Bearer JWT,"read:journal-vouchers, read:receipts, read:disbursements",Query: ?debitCredit=DEBIT,"{
  ""success"": true,
  ""data"": [
    {
      ""id"": ""101"",
      ""transactionId"": ""jv_1"",
      ""transactionCode"": ""JV-2026-00001"",
      ""entryType"": ""PAYMENT_RECEIPT"",
      ""debitCredit"": ""DEBIT"",
      ""amount"": 11862.5,
      ""accountCode"": ""1102001"",
      ""accountName"": ""Cash in Bank – BDO Current"",
      ""account"": {
        ""accountCode"": ""1102001"",
        ""accountName"": ""Cash in Bank – BDO Current""
      },
      ""glCode"": ""1102001"",
      ""documentDate"": ""2026-09-28"",
      ""status"": ""Posted"",
      ""motherPolicyId"": ""pol_1"",
      ""motherPolicyNumber"": ""POL-2026-00001"",
      ""clientId"": ""cl_1"",
      ""client"": {
        ""clientId"": ""CL-2026-00001"",
        ""firstName"": ""Maria"",
        ""lastName"": ""Santos""
      },
      ""referenceType"": ""Receipt"",
      ""referenceId"": ""or_1"",
      ""originalAmount"": 11862.5
    }
  ]
}"
13,Accounting,GET,/api/accounting/export,Export entries matching the search filters as CSV (attachment),Accounts > Accounting Query > Export,Bearer JWT,"read:journal-vouchers, read:receipts, read:disbursements",Query: ?startDate=2026-09-01&endDate=2026-09-30,(text/csv attachment)
14,Accounting,POST,/api/accounting/payment-entries,"Finance (write:receipts): record a premium payment for a policy directly: bills the policy if needed, applies the outstanding part (Dr Cash / Cr Premium Receivable); direct-billed books commission receivable. Agents / sales / underwriters record payments with POST /policies/:id/payments for finance to verify",Accounts > Receipts,Bearer JWT,write:receipts,"{
  ""amount"": 11862.5,
  ""grossPremium"": 11862.5,
  ""netPremium"": 10000,
  ""valueAddedTax"": 1200,
  ""documentaryStampTax"": 1250,
  ""localGovernmentTax"": 75,
  ""accountPremiumOthers"": 0,
  ""discount"": 662.5,
  ""paymentDate"": ""2026-09-28T02:00:00Z"",
  ""description"": ""Quote payment for policy POL-2026-00001"",
  ""referenceType"": ""Policy"",
  ""referenceId"": ""pol_1"",
  ""clientId"": ""cl_1"",
  ""policyId"": ""pol_1"",
  ""policyNumber"": ""POL-2026-00001"",
  ""isDirectBilled"": false
}","{
  ""success"": true,
  ""message"": ""Payment accounting entries created"",
  ""data"": {
    ""journals"": [
      ""jv_1"",
      ""jv_2""
    ],
    ""applied"": 11862.5,
    ""alreadyApplied"": false
  }
}"
15,Accounting,GET,/api/accounting/periods,Accounting periods (last 12 months plus any stored) with open / closed status,Accounts > Journal Voucher > Periods,Bearer JWT,"read:journal-vouchers, read:receipts, read:disbursements",,"{
  ""success"": true,
  ""data"": [
    {
      ""period"": ""2026-09"",
      ""status"": ""open""
    }
  ]
}"
16,Accounting,POST,/api/accounting/periods/:period/close,Close an accounting period (YYYY-MM); postings into a closed period are rejected,Accounts > Journal Voucher > Periods,Bearer JWT,write:journal-vouchers,"{
  ""remarks"": ""August books closed""
}","{
  ""success"": true,
  ""data"": {
    ""period"": ""2026-08"",
    ""status"": ""closed""
  }
}"
17,Accounting,POST,/api/accounting/periods/:period/reopen,Reopen an accounting period (YYYY-MM); postings into a closed period are rejected,Accounts > Journal Voucher > Periods,Bearer JWT,write:journal-vouchers,"{
  ""remarks"": ""August books closed""
}","{
  ""success"": true,
  ""data"": {
    ""period"": ""2026-08"",
    ""status"": ""open""
  }
}"
18,Accounting,GET,/api/accounting/policies/:id/entries,"Premium accounting entries of a policy (filter startDate, endDate, entryType, status; paging)",Agent > Policy detail > Premium accounting entries,Bearer JWT,"read:journal-vouchers, read:receipts, read:policies",Query: ?entryType=NEW_BUSINESS&page=1&pageSize=50,"{
  ""success"": true,
  ""data"": [
    {
      ""id"": ""101"",
      ""transactionId"": ""jv_1"",
      ""transactionCode"": ""JV-2026-00001"",
      ""entryType"": ""PAYMENT_RECEIPT"",
      ""debitCredit"": ""DEBIT"",
      ""amount"": 11862.5,
      ""accountCode"": ""1102001"",
      ""accountName"": ""Cash in Bank – BDO Current"",
      ""account"": {
        ""accountCode"": ""1102001"",
        ""accountName"": ""Cash in Bank – BDO Current""
      },
      ""glCode"": ""1102001"",
      ""documentDate"": ""2026-09-28"",
      ""status"": ""Posted"",
      ""motherPolicyId"": ""pol_1"",
      ""motherPolicyNumber"": ""POL-2026-00001"",
      ""clientId"": ""cl_1"",
      ""client"": {
        ""clientId"": ""CL-2026-00001"",
        ""firstName"": ""Maria"",
        ""lastName"": ""Santos""
      },
      ""referenceType"": ""Receipt"",
      ""referenceId"": ""or_1""
    }
  ],
  ""totals"": {
    ""totalDebits"": 11862.5,
    ""totalCredits"": 11862.5,
    ""balance"": 0
  },
  ""isCoInsurance"": false
}"
19,Accounting,GET,/api/accounting/policies/:id/ledger-view,Policy ledger (running balance),Agent > Policy detail > Premium accounting entries,Bearer JWT,"read:journal-vouchers, read:receipts, read:policies",Query: ?entryType=NEW_BUSINESS&page=1&pageSize=50,"{
  ""success"": true,
  ""data"": [
    {
      ""id"": ""101"",
      ""transactionId"": ""jv_1"",
      ""transactionCode"": ""JV-2026-00001"",
      ""entryType"": ""PAYMENT_RECEIPT"",
      ""debitCredit"": ""DEBIT"",
      ""amount"": 11862.5,
      ""accountCode"": ""1102001"",
      ""accountName"": ""Cash in Bank – BDO Current"",
      ""account"": {
        ""accountCode"": ""1102001"",
        ""accountName"": ""Cash in Bank – BDO Current""
      },
      ""glCode"": ""1102001"",
      ""documentDate"": ""2026-09-28"",
      ""status"": ""Posted"",
      ""motherPolicyId"": ""pol_1"",
      ""motherPolicyNumber"": ""POL-2026-00001"",
      ""clientId"": ""cl_1"",
      ""client"": {
        ""clientId"": ""CL-2026-00001"",
        ""firstName"": ""Maria"",
        ""lastName"": ""Santos""
      },
      ""referenceType"": ""Receipt"",
      ""referenceId"": ""or_1""
    }
  ],
  ""totals"": {
    ""totalDebits"": 11862.5,
    ""totalCredits"": 11862.5,
    ""balance"": 0
  },
  ""isCoInsurance"": false
}"
20,Accounting,PUT,/api/accounting/transactions/:id/cancel,"Cancel an unposted journal (id = entry id, journal id or number)",Accounts > Accounting Query,Bearer JWT,write:journal-vouchers,,"{
  ""success"": true,
  ""data"": {
    ""transactionId"": ""jv_1"",
    ""status"": ""Cancelled""
  }
}"
21,Accounting,PUT,/api/accounting/transactions/:id/post,"Post a pending journal (maker-checker for vouchers that require approval) (id = entry id, journal id or number)",Accounts > Accounting Query,Bearer JWT,write:journal-vouchers,,"{
  ""success"": true,
  ""data"": {
    ""transactionId"": ""jv_1"",
    ""status"": ""Posted""
  }
}"
22,Accounting,PUT,/api/accounting/transactions/:id/reverse,"Reverse a posted journal with a mirror journal (id = entry id, journal id or number)",Accounts > Accounting Query,Bearer JWT,write:journal-vouchers,,"{
  ""success"": true,
  ""data"": {
    ""transactionId"": ""jv_1"",
    ""status"": ""Reversed""
  }
}"
23,Accounting,PUT,/api/accounting/transactions/bulk-post,"Post several pending journals (ids may be entry ids, journal ids or numbers)",Accounts > Accounting Query,Bearer JWT,write:journal-vouchers,"{
  ""transactionIds"": [
    ""101"",
    ""jv_2""
  ]
}","{
  ""success"": true,
  ""data"": {
    ""posted"": [
      ""jv_1""
    ],
    ""errors"": []
  }
}"
24,Accounting,GET,/api/accounting/trial-balance,Trial balance from posted journals (asOf date or period YYYY-MM; optional from),Reports > Financial Reports > Trial Balance,Bearer JWT,"read:journal-vouchers, read:reports",Query: ?asOf=2026-09-30,"{
  ""success"": true,
  ""data"": {
    ""asOf"": ""2026-09-30"",
    ""rows"": [
      {
        ""accountCode"": ""1102001"",
        ""accountName"": ""Cash in Bank – BDO Current"",
        ""debit"": 11862.5,
        ""credit"": 0
      }
    ],
    ""totals"": {
      ""debit"": 11862.5,
      ""credit"": 11862.5,
      ""balanced"": true
    }
  }
}"
25,Addresses,GET,/api/addresses/cities/:cityId/districts,Districts / barangays of a city (id or name),Operations > Leads/Prospects > Create Lead (address fields),Bearer JWT,Any authenticated user,,"{
  ""success"": true,
  ""data"": [
    {
      ""id"": 1,
      ""name"": ""Poblacion"",
      ""postalCode"": ""1210""
    }
  ]
}"
26,Addresses,GET,/api/addresses/countries,Countries for the address picker,Operations > Leads/Prospects > Create Lead (address fields),Bearer JWT,Any authenticated user,,"{
  ""success"": true,
  ""data"": [
    {
      ""id"": 1,
      ""code"": ""PH"",
      ""name"": ""Philippines""
    }
  ]
}"
27,Addresses,GET,/api/addresses/countries/:countryId/provinces,"Provinces / states of a country (id, code or name)",Operations > Leads/Prospects > Create Lead (address fields),Bearer JWT,Any authenticated user,,"{
  ""success"": true,
  ""data"": [
    {
      ""id"": 1,
      ""code"": ""NCR"",
      ""name"": ""Metro Manila""
    }
  ]
}"
28,Addresses,GET,/api/addresses/postal-code,Postal code lookup: province / city / district for a country + code,Operations > Leads/Prospects > Create Lead (address fields),Bearer JWT,Any authenticated user,Query: ?countryCode=PH&code=1226,"{
  ""success"": true,
  ""data"": [
    {
      ""province"": ""Metro Manila"",
      ""city"": ""Makati"",
      ""district"": ""Bel-Air"",
      ""postalCode"": ""1209""
    }
  ]
}"
29,Addresses,GET,/api/addresses/provinces/:provinceId/cities,"Cities of a province (id, code or name)",Operations > Leads/Prospects > Create Lead (address fields),Bearer JWT,Any authenticated user,,"{
  ""success"": true,
  ""data"": [
    {
      ""id"": 1,
      ""name"": ""Makati""
    }
  ]
}"
30,Auth,POST,/api/auth/2fa/disable,Turn two-factor off with a current code (rate limited; refused while a role requires it),Profile > Security,Bearer JWT,Any authenticated user,"{
  ""code"": ""123456""
}","{
  ""success"": true,
  ""message"": ""Two-factor authentication disabled"",
  ""data"": {
    ""enabled"": false
  }
}"
31,Auth,POST,/api/auth/2fa/enable,Confirm enrolment with a code from the authenticator app (rate limited); after a forced enrolment the normal sign-in payload is returned,Profile > Security > Set up two-factor,Bearer JWT,Any authenticated user,"{
  ""code"": ""123456""
}","{
  ""success"": true,
  ""message"": ""Two-factor authentication enabled"",
  ""data"": {
    ""enabled"": true
  }
}"
32,Auth,POST,/api/auth/2fa/setup,Start two-factor enrolment: returns a new base32 secret and the otpauth:// URL for the QR code (the secret is stored encrypted),Profile > Security > Set up two-factor,Bearer JWT,Any authenticated user,,"{
  ""success"": true,
  ""data"": {
    ""secret"": ""JBSWY3DPEHPK3PXP..."",
    ""otpauthUrl"": ""otpauth://totp/BrokerVerse:BrokerVerse?secret=...&issuer=BrokerVerse"",
    ""issuer"": ""BrokerVerse"",
    ""account"": ""BrokerVerse""
  }
}"
33,Auth,GET,/api/auth/2fa/status,"Own two-factor status (enabled, required by role)",Profile > Security,Bearer JWT,Any authenticated user,,"{
  ""success"": true,
  ""data"": {
    ""enabled"": false,
    ""required"": false,
    ""enabledAt"": null
  }
}"
34,Auth,POST,/api/auth/change-password,"Change own password (password policy and history from settings group ""security""). Ends every other session and returns a new token payload; also completes a sign-in that required a password change",Profile > Change password; Sign-in > Change password,Bearer JWT,Any authenticated user,"{
  ""currentPassword"": ""<current password>"",
  ""newPassword"": ""<new password>""
}","{
  ""success"": true,
  ""message"": ""Password changed"",
  ""accessToken"": ""<jwt>"",
  ""refreshToken"": ""<jwt>"",
  ""expiresIn"": 1800,
  ""issuedAt"": ""2026-01-01T00:00:00Z"",
  ""mustChangePassword"": false,
  ""user"": {
    ""userId"": ""usr_1"",
    ""username"": ""BrokerVerse"",
    ""displayName"": ""BrokerVerse Administrator"",
    ""roles"": [
      ""it-admin""
    ],
    ""permissions"": [
      ""read:leads""
    ],
    ""mustChangePassword"": false,
    ""twoFactorEnabled"": false
  }
}"
35,Auth,POST,/api/auth/forgot-password,Request a password reset code (queued to the e-mail outbox; earlier codes are withdrawn; rate limited per IP and username),Forgot password,Public,Public,"{
  ""email"": ""user@example.com""
}","{
  ""success"": true
}"
36,Auth,POST,/api/auth/login,"Sign in with username and password (rate limited). Answers twoFactorRequired + challengeToken when two-factor is on, twoFactorSetupRequired + a restricted token when the role requires enrolment, passwordChangeRequired + a restricted token when the password must be changed",Sign-in,Public,Public,"{
  ""username"": ""BrokerVerse"",
  ""password"": ""<password>""
}","{
  ""accessToken"": ""<jwt>"",
  ""refreshToken"": ""<jwt>"",
  ""expiresIn"": 1800,
  ""issuedAt"": ""2026-01-01T00:00:00Z"",
  ""mustChangePassword"": false,
  ""user"": {
    ""userId"": ""usr_1"",
    ""username"": ""BrokerVerse"",
    ""displayName"": ""BrokerVerse Administrator"",
    ""roles"": [
      ""it-admin""
    ],
    ""permissions"": [
      ""read:leads""
    ],
    ""mustChangePassword"": false,
    ""twoFactorEnabled"": false
  }
}"
37,Auth,GET,/api/auth/login-history,"Own sign-in history (success, from, to; paging)",Profile > Sign-in history,Bearer JWT,Any authenticated user,Query: ?page=1&perPage=20&success=false,"{
  ""success"": true,
  ""data"": [
    {
      ""id"": 1,
      ""at"": ""2026-09-28T01:00:00Z"",
      ""username"": ""BrokerVerse"",
      ""ip"": ""10.0.0.5"",
      ""userAgent"": ""Mozilla/5.0"",
      ""success"": true,
      ""reason"": ""ok"",
      ""method"": ""password""
    }
  ],
  ""total"": 1,
  ""page"": 1,
  ""perPage"": 20,
  ""totalPages"": 1
}"
38,Auth,POST,/api/auth/login/2fa,Second sign-in step: the challengeToken from /auth/login and the 6-digit authenticator code; returns the normal token payload (or passwordChangeRequired),Sign-in > Two-factor code,Public,Public,"{
  ""challengeToken"": ""<jwt from /auth/login>"",
  ""code"": ""123456""
}","{
  ""accessToken"": ""<jwt>"",
  ""refreshToken"": ""<jwt>"",
  ""expiresIn"": 1800,
  ""user"": {
    ""userId"": ""usr_1"",
    ""username"": ""BrokerVerse"",
    ""twoFactorEnabled"": true
  }
}"
39,Auth,POST,/api/auth/logout,Revoke the refresh token and end the session (works with an expired access token),Profile menu,Public,Public,"{
  ""refreshToken"": ""<jwt>"",
  ""deviceId"": ""device-1""
}","{
  ""success"": true
}"
40,Auth,GET,/api/auth/password-policy,Password rules from settings (for the change / reset password forms),Profile > Change password; Reset password,Public,Public,,"{
  ""success"": true,
  ""data"": {
    ""minLength"": 8,
    ""requireUpper"": true,
    ""requireLower"": true,
    ""requireDigit"": true,
    ""requireSymbol"": true,
    ""historyCount"": 5,
    ""maxAgeDays"": 90
  }
}"
41,Auth,GET,/api/auth/profile,Current user profile,Profile,Bearer JWT,Any authenticated user,,"{
  ""success"": true,
  ""data"": {
    ""userId"": ""usr_1"",
    ""username"": ""BrokerVerse"",
    ""roles"": [
      ""it-admin""
    ]
  }
}"
42,Auth,PUT,/api/auth/profile,Update own profile,Profile,Bearer JWT,Any authenticated user,"{
  ""displayName"": ""Juan Santos"",
  ""email"": ""juan@example.com"",
  ""phone"": ""+63 900 000 0000""
}","{
  ""success"": true
}"
43,Auth,POST,/api/auth/refresh,Exchange a refresh token for a new access and refresh token (rotation). A rotated token used again revokes the whole sign-in; a password change or reset requires signing in again,Session,Public,Public,"{
  ""refreshToken"": ""<jwt>""
}","{
  ""accessToken"": ""<jwt>"",
  ""refreshToken"": ""<jwt>"",
  ""expiresIn"": 1800,
  ""user"": {
    ""userId"": ""usr_1"",
    ""roles"": [
      ""sales""
    ]
  }
}"
44,Auth,POST,/api/auth/reset-password,Reset the password with the e-mailed code (only the latest code is valid; password policy applies; wrong codes are rate limited and withdraw the code after security.reset_code_max_attempts),Forgot password > Reset password,Public,Public,"{
  ""username"": ""juan.santos"",
  ""code"": ""123456"",
  ""newPassword"": ""<new password>""
}","{
  ""success"": true
}"
45,Bank Reconciliation,POST,/api/bank-reconciliation/auto-match,"Run the automatic matching rules for a bank account (exact amounts: reference, date window, 1:many, many:1, contra, adjustments)",Accounts > Bank Reconciliation,Bearer JWT,write:bank-reconciliation,"{
  ""bankAccount"": ""ACC-BDO-001""
}","{
  ""success"": true,
  ""data"": {
    ""matched"": 9,
    ""byRule"": {
      ""REFERENCE"": 4,
      ""AMOUNT_DATE"": 3,
      ""ONE_TO_MANY"": 1,
      ""CONTRA"": 1
    }
  }
}"
46,Bank Reconciliation,GET,/api/bank-reconciliation/bank-accounts,"Bank accounts of the bank account master with their GL cash account, default statement format, last statement and last approved reconciliation",Accounts > Bank Reconciliation,Bearer JWT,read:bank-reconciliation,,"{
  ""success"": true,
  ""data"": [
    {
      ""code"": ""ACC-BDO-001"",
      ""name"": ""BrokerVerse - Operating Account"",
      ""glAccountCode"": ""1102001"",
      ""statementFormat"": ""BDO-SAMPLE"",
      ""lastStatement"": {
        ""statementNumber"": ""BST-2026-00001"",
        ""periodTo"": ""2026-09-28""
      },
      ""lastApproved"": {
        ""period"": ""2026-08""
      }
    }
  ]
}"
47,Bank Reconciliation,PUT,/api/bank-reconciliation/bank-accounts/:code,"Link a bank account to its GL cash account, default statement format and reconciliation start date (book entries before it are covered by the first statement's opening balance; default: the first statement's start)",Accounts > Bank Reconciliation > Bank account setup,Bearer JWT,write:bank-reconciliation,"{
  ""glAccountCode"": ""1102001"",
  ""statementFormat"": ""BDO-SAMPLE"",
  ""reconcileFrom"": ""2026-08-01""
}","{
  ""success"": true,
  ""data"": {
    ""code"": ""ACC-BDO-001"",
    ""glAccountCode"": ""1102001"",
    ""reconcileFrom"": ""2026-08-01""
  }
}"
48,Bank Reconciliation,POST,/api/bank-reconciliation/bank-lines/:id/adjustment,"Create the adjustment for an unrecorded bank item from a bank line (postBankAdjustment: bank charges, interest, final tax, direct credits, returned cheque)",Accounts > Bank Reconciliation > Create adjustment,Bearer JWT,write:bank-reconciliation,"{
  ""typeCode"": ""BCHG"",
  ""remarks"": ""September service charge""
}","{
  ""success"": true,
  ""data"": {
    ""status"": ""posted"",
    ""journal"": {
      ""jv_number"": ""JV-2026-00120""
    },
    ""matchId"": ""brm_9""
  }
}"
49,Bank Reconciliation,POST,/api/bank-reconciliation/bank-lines/:id/adjustment/approve,Approve (post) the adjustment journal of a bank line awaiting approval (a different user than its maker) and match it,Accounts > Bank Reconciliation > Create adjustment,Bearer JWT,"write:bank-reconciliation, write:journal-vouchers",,"{
  ""success"": true,
  ""data"": {
    ""journal"": {
      ""jvNumber"": ""JV-2026-00121"",
      ""status"": ""posted""
    },
    ""matched"": 1
  }
}"
50,Bank Reconciliation,POST,/api/bank-reconciliation/bank-lines/:id/flag,"Mark a bank line as a bank error (reconciling item on the bank side, no journal), or clear the flag",Accounts > Bank Reconciliation,Bearer JWT,write:bank-reconciliation,"{
  ""flag"": ""bank-error"",
  ""remarks"": ""Credit belongs to another depositor; bank to reverse""
}","{
  ""success"": true,
  ""data"": {
    ""id"": ""bsl_1"",
    ""flag"": ""bank-error""
  }
}"
51,Bank Reconciliation,GET,/api/bank-reconciliation/formats,Bank statement formats (column mapping per bank export) and the supported date formats,Master > Finance > Bank Statement Formats,Bearer JWT,"read:bank-reconciliation, read:masters",,"{
  ""success"": true,
  ""data"": {
    ""items"": [
      {
        ""code"": ""GENERIC"",
        ""name"": ""Generic"",
        ""dateFormat"": ""YYYY-MM-DD"",
        ""columns"": {
          ""date"": ""date""
        }
      }
    ],
    ""dateFormats"": [
      ""YYYY-MM-DD""
    ],
    ""columnKeys"": [
      ""date""
    ]
  }
}"
52,Bank Reconciliation,POST,/api/bank-reconciliation/formats,Add a bank statement format,Master > Finance > Bank Statement Formats,Bearer JWT,"write:bank-reconciliation, write:masters","{
  ""code"": ""UB-CSV"",
  ""name"": ""UnionBank CSV"",
  ""bankCode"": ""UBP"",
  ""dateFormat"": ""MM/DD/YYYY"",
  ""columns"": {
    ""date"": ""Date"",
    ""description"": ""Description"",
    ""reference"": ""Reference"",
    ""debit"": ""Debit"",
    ""credit"": ""Credit"",
    ""balance"": ""Balance""
  }
}","{
  ""success"": true,
  ""data"": {
    ""code"": ""UB-CSV""
  }
}"
53,Bank Reconciliation,PUT,/api/bank-reconciliation/formats/:code,Change a bank statement format,Master > Finance > Bank Statement Formats,Bearer JWT,"write:bank-reconciliation, write:masters","{
  ""skipRows"": 2,
  ""dateFormat"": ""DD/MM/YYYY""
}","{
  ""success"": true,
  ""data"": {
    ""code"": ""BPI-SAMPLE"",
    ""skipRows"": 2
  }
}"
54,Bank Reconciliation,DELETE,/api/bank-reconciliation/formats/:code,Delete a statement format not used by any statement (deactivate it otherwise),Master > Finance > Bank Statement Formats,Bearer JWT,"write:bank-reconciliation, write:masters",,"{
  ""success"": true,
  ""data"": {
    ""code"": ""UB-CSV""
  }
}"
55,Bank Reconciliation,POST,/api/bank-reconciliation/formats/:code/test,Parse an uploaded file with a format (no bank account needed): the lines it reads and the rows it rejects,Master > Finance > Bank Statement Formats,Bearer JWT,"read:bank-reconciliation, read:masters","{
  ""file"": ""(multipart) statement.csv""
}","{
  ""success"": true,
  ""data"": {
    ""lines"": [
      {
        ""date"": ""2026-09-02"",
        ""description"": ""DEPOSIT"",
        ""credit"": 1000
      }
    ],
    ""errors"": [],
    ""skippedRows"": 1
  }
}"
56,Bank Reconciliation,GET,/api/bank-reconciliation/match-rules,Automatic matching rules in the order they run,Accounts > Bank Reconciliation > Match rules,Bearer JWT,read:bank-reconciliation,,"{
  ""success"": true,
  ""data"": [
    {
      ""code"": ""REFERENCE"",
      ""ruleType"": ""reference"",
      ""sortOrder"": 10,
      ""confidence"": 100,
      ""active"": true
    }
  ]
}"
57,Bank Reconciliation,PUT,/api/bank-reconciliation/match-rules/:code,"Change a matching rule: order, active, confidence, date window / most lines",Accounts > Bank Reconciliation > Match rules,Bearer JWT,"write:bank-reconciliation, write:masters","{
  ""sortOrder"": 15,
  ""params"": {
    ""dateWindowDays"": 3
  }
}","{
  ""success"": true,
  ""data"": {
    ""code"": ""AMOUNT_DATE"",
    ""sortOrder"": 15
  }
}"
58,Bank Reconciliation,GET,/api/bank-reconciliation/matches,"Matches of a bank account (active, unmatched or all) with who matched / unmatched them",Accounts > Bank Reconciliation > Matches,Bearer JWT,read:bank-reconciliation,Query: ?bankAccount=ACC-BDO-001&status=all,"{
  ""success"": true,
  ""data"": [
    {
      ""id"": ""brm_1"",
      ""matchType"": ""auto"",
      ""rule"": ""REFERENCE"",
      ""status"": ""active"",
      ""matchedBy"": ""Finance User""
    }
  ]
}"
59,Bank Reconciliation,POST,/api/bank-reconciliation/matches,"Match bank lines with book entries by hand; amounts must agree, or the difference is explained (adjustment journal of a bank transaction type, bank error or book error)",Accounts > Bank Reconciliation > Manual match,Bearer JWT,write:bank-reconciliation,"{
  ""bankAccount"": ""ACC-BDO-001"",
  ""bankLineIds"": [
    ""bsl_1""
  ],
  ""bookLineIds"": [
    101,
    102
  ],
  ""difference"": {
    ""treatment"": ""adjustment"",
    ""typeCode"": ""BCHG""
  }
}","{
  ""success"": true,
  ""data"": {
    ""id"": ""brm_1"",
    ""bankTotal"": 9950,
    ""bookTotal"": 9950,
    ""difference"": 0
  }
}"
60,Bank Reconciliation,POST,/api/bank-reconciliation/matches/:id/unmatch,Undo a match (audited; refused when an approved reconciliation locks it),Accounts > Bank Reconciliation > Matches,Bearer JWT,write:bank-reconciliation,"{
  ""reason"": ""Wrong OR""
}","{
  ""success"": true,
  ""data"": {
    ""id"": ""brm_1"",
    ""status"": ""unmatched""
  }
}"
61,Bank Reconciliation,GET,/api/bank-reconciliation/reconciliations,"Bank reconciliation runs (by bank account, period, status)",Accounts > Bank Reconciliation > Reconciliations,Bearer JWT,read:bank-reconciliation,Query: ?bankAccount=ACC-BDO-001&period=2026-09,"{
  ""success"": true,
  ""data"": [
    {
      ""recNumber"": ""BRC-2026-00001"",
      ""bankAccount"": ""ACC-BDO-001"",
      ""period"": ""2026-09"",
      ""status"": ""approved"",
      ""difference"": 0
    }
  ]
}"
62,Bank Reconciliation,POST,/api/bank-reconciliation/reconciliations,Start the reconciliation of a bank account for a period (as of the period end),Accounts > Bank Reconciliation > Reconciliations,Bearer JWT,write:bank-reconciliation,"{
  ""bankAccount"": ""ACC-BDO-001"",
  ""period"": ""2026-09""
}","{
  ""success"": true,
  ""data"": {
    ""recNumber"": ""BRC-2026-00001"",
    ""status"": ""draft""
  }
}"
63,Bank Reconciliation,GET,/api/bank-reconciliation/reconciliations/:id,"A reconciliation with its Bank Reconciliation Statement (live while draft, frozen once prepared) and history",Accounts > Bank Reconciliation > Reconciliation statement,Bearer JWT,read:bank-reconciliation,,"{
  ""success"": true,
  ""data"": {
    ""recNumber"": ""BRC-2026-00001"",
    ""statement"": {
      ""bankBalance"": 162500,
      ""depositsInTransit"": 5000,
      ""outstandingCheques"": 17500,
      ""adjustedBankBalance"": 150000,
      ""bookBalance"": 150250,
      ""unbookedDebits"": 250,
      ""adjustedBookBalance"": 150000,
      ""difference"": 0
    }
  }
}"
64,Bank Reconciliation,POST,/api/bank-reconciliation/reconciliations/:id/approve,"Approve a prepared reconciliation (approve:bank-reconciliation, not the preparer); locks the matches cleared up to the period end",Accounts > Bank Reconciliation > Reconciliation statement,Bearer JWT,approve:bank-reconciliation,"{
  ""remarks"": ""Reviewed""
}","{
  ""success"": true,
  ""data"": {
    ""status"": ""approved""
  }
}"
65,Bank Reconciliation,POST,/api/bank-reconciliation/reconciliations/:id/cancel,Cancel a draft reconciliation,Accounts > Bank Reconciliation > Reconciliation statement,Bearer JWT,write:bank-reconciliation,"{
  ""remarks"": ""Created for the wrong account""
}","{
  ""success"": true,
  ""data"": {
    ""status"": ""cancelled""
  }
}"
66,Bank Reconciliation,GET,/api/bank-reconciliation/reconciliations/:id/pdf,Printable Bank Reconciliation Statement (PDF),Accounts > Bank Reconciliation > Reconciliation statement,Bearer JWT,read:bank-reconciliation,,(application/pdf)
67,Bank Reconciliation,POST,/api/bank-reconciliation/reconciliations/:id/prepare,Prepare: freeze the statement (adjusted balances must agree); maker of the maker-checker,Accounts > Bank Reconciliation > Reconciliation statement,Bearer JWT,write:bank-reconciliation,"{
  ""remarks"": ""All items explained""
}","{
  ""success"": true,
  ""data"": {
    ""status"": ""prepared""
  }
}"
68,Bank Reconciliation,POST,/api/bank-reconciliation/reconciliations/:id/reopen,"Reopen a prepared or approved reconciliation (approver, remarks required): back to draft, matches unlocked",Accounts > Bank Reconciliation > Reconciliation statement,Bearer JWT,approve:bank-reconciliation,"{
  ""remarks"": ""Late bank debit memo""
}","{
  ""success"": true,
  ""data"": {
    ""status"": ""draft""
  }
}"
69,Bank Reconciliation,GET,/api/bank-reconciliation/stale-cheques,Outstanding payments of a bank account older than bank_reconciliation.stale_cheque_days as of a date,Accounts > Bank Reconciliation > Stale cheques,Bearer JWT,read:bank-reconciliation,Query: ?bankAccount=ACC-BDO-001&asOf=2026-09-30,"{
  ""success"": true,
  ""data"": {
    ""staleDays"": 180,
    ""rows"": [
      {
        ""journalNumber"": ""JV-2026-00012"",
        ""chequeNumber"": ""000045"",
        ""amount"": -12500,
        ""ageDays"": 212
      }
    ]
  }
}"
70,Bank Reconciliation,POST,/api/bank-reconciliation/stale-cheques/:lineId/cancel,Cancel a stale cheque: the payment journal is reversed and the payable re-opened (disbursement cancellation),Accounts > Bank Reconciliation > Stale cheques,Bearer JWT,write:bank-reconciliation,"{
  ""bankAccount"": ""ACC-BDO-001"",
  ""reason"": ""Not presented within 180 days""
}","{
  ""success"": true,
  ""data"": {
    ""chequeNumber"": ""000045"",
    ""reversal"": {
      ""jvNumber"": ""JV-2026-00130""
    }
  }
}"
71,Bank Reconciliation,GET,/api/bank-reconciliation/statement-preview,Bank Reconciliation Statement of a bank account as of any date (no run needed),Accounts > Bank Reconciliation,Bearer JWT,read:bank-reconciliation,Query: ?bankAccount=ACC-BDO-001&asOf=2026-09-30,"{
  ""success"": true,
  ""data"": {
    ""difference"": 0
  }
}"
72,Bank Reconciliation,GET,/api/bank-reconciliation/statements,Bank statements (optionally of one bank account) with their matched line count,Accounts > Bank Reconciliation > Statements,Bearer JWT,read:bank-reconciliation,Query: ?bankAccount=ACC-BDO-001,"{
  ""success"": true,
  ""data"": [
    {
      ""statementNumber"": ""BST-2026-00001"",
      ""bankAccount"": ""ACC-BDO-001"",
      ""periodFrom"": ""2026-09-01"",
      ""periodTo"": ""2026-09-28"",
      ""lineCount"": 12,
      ""matchedLines"": 9
    }
  ]
}"
73,Bank Reconciliation,POST,/api/bank-reconciliation/statements,Enter a bank statement by hand (same checks as an import),Accounts > Bank Reconciliation > Manual statement,Bearer JWT,write:bank-reconciliation,"{
  ""bankAccount"": ""ACC-BDO-001"",
  ""statementRef"": ""SOA 2026-09"",
  ""openingBalance"": 150000,
  ""closingBalance"": 149750,
  ""lines"": [
    {
      ""date"": ""2026-09-30"",
      ""description"": ""SERVICE CHARGE"",
      ""debit"": 250
    }
  ]
}","{
  ""success"": true,
  ""data"": {
    ""statement"": {
      ""statementNumber"": ""BST-2026-00002""
    }
  }
}"
74,Bank Reconciliation,GET,/api/bank-reconciliation/statements/:id,A bank statement with its lines,Accounts > Bank Reconciliation > Statements,Bearer JWT,read:bank-reconciliation,,"{
  ""success"": true,
  ""data"": {
    ""statementNumber"": ""BST-2026-00001"",
    ""lines"": [
      {
        ""lineNo"": 1,
        ""date"": ""2026-09-02"",
        ""description"": ""DEPOSIT"",
        ""credit"": 5000
      }
    ]
  }
}"
75,Bank Reconciliation,DELETE,/api/bank-reconciliation/statements/:id,Delete a statement none of whose lines is matched or adjusted,Accounts > Bank Reconciliation > Statements,Bearer JWT,write:bank-reconciliation,,"{
  ""success"": true,
  ""data"": {
    ""statementNumber"": ""BST-2026-00001""
  }
}"
76,Bank Reconciliation,POST,/api/bank-reconciliation/statements/import,"Import a bank statement file (validated: balance, duplicates, rows that cannot be read); auto-matches when bank_reconciliation.auto_match_on_import",Accounts > Bank Reconciliation > Import statement,Bearer JWT,write:bank-reconciliation,"{
  ""bankAccount"": ""ACC-BDO-001"",
  ""format"": ""BDO-SAMPLE"",
  ""statementRef"": ""SOA 2026-09"",
  ""skipDuplicates"": ""false"",
  ""file"": ""(multipart) statement.csv""
}","{
  ""success"": true,
  ""data"": {
    ""statement"": {
      ""statementNumber"": ""BST-2026-00001"",
      ""lineCount"": 12
    },
    ""autoMatch"": {
      ""matched"": 9
    }
  }
}"
77,Bank Reconciliation,POST,/api/bank-reconciliation/statements/preview,"Parse a bank statement file with a statement format and show the lines, totals, balance check and duplicates before saving",Accounts > Bank Reconciliation > Import statement,Bearer JWT,write:bank-reconciliation,"{
  ""bankAccount"": ""ACC-BDO-001"",
  ""format"": ""BDO-SAMPLE"",
  ""statementRef"": ""SOA 2026-09"",
  ""openingBalance"": ""150000.00"",
  ""closingBalance"": ""162500.00"",
  ""file"": ""(multipart) statement.csv""
}","{
  ""success"": true,
  ""data"": {
    ""lineCount"": 12,
    ""totalDebits"": 10000,
    ""totalCredits"": 22500,
    ""balanced"": true,
    ""duplicates"": 0,
    ""lines"": [
      {
        ""date"": ""2026-09-02"",
        ""description"": ""DEPOSIT"",
        ""credit"": 5000,
        ""duplicate"": false,
        ""suggestedType"": null
      }
    ],
    ""errors"": []
  }
}"
78,Bank Reconciliation,GET,/api/bank-reconciliation/transaction-types,Bank transaction types: unrecorded bank items and the account their adjustment posts to,Master > Finance > Bank Transaction Types,Bearer JWT,"read:bank-reconciliation, read:masters",,"{
  ""success"": true,
  ""data"": {
    ""items"": [
      {
        ""code"": ""BCHG"",
        ""name"": ""Bank charges"",
        ""direction"": ""debit"",
        ""action"": ""journal"",
        ""accountRole"": ""bank_charges"",
        ""requiresApproval"": false
      }
    ],
    ""accountRoles"": [
      {
        ""role"": ""bank_charges"",
        ""accountCode"": ""4401004""
      }
    ]
  }
}"
79,Bank Reconciliation,POST,/api/bank-reconciliation/transaction-types,Add a bank transaction type,Master > Finance > Bank Transaction Types,Bearer JWT,"write:bank-reconciliation, write:masters","{
  ""code"": ""PESO-FEE"",
  ""name"": ""PESONet fee"",
  ""direction"": ""debit"",
  ""accountRole"": ""bank_charges"",
  ""matchPattern"": ""pesonet fee""
}","{
  ""success"": true,
  ""data"": {
    ""code"": ""PESO-FEE""
  }
}"
80,Bank Reconciliation,PUT,/api/bank-reconciliation/transaction-types/:code,"Change a bank transaction type (accounts, approval, pattern, active)",Master > Finance > Bank Transaction Types,Bearer JWT,"write:bank-reconciliation, write:masters","{
  ""requiresApproval"": true
}","{
  ""success"": true,
  ""data"": {
    ""code"": ""BCHG"",
    ""requiresApproval"": true
  }
}"
81,Bank Reconciliation,DELETE,/api/bank-reconciliation/transaction-types/:code,Delete a bank transaction type added by users and never used (deactivate it otherwise),Master > Finance > Bank Transaction Types,Bearer JWT,"write:bank-reconciliation, write:masters",,"{
  ""success"": true,
  ""data"": {
    ""code"": ""PESO-FEE""
  }
}"
82,Bank Reconciliation,GET,/api/bank-reconciliation/workspace,"Matching workspace of a bank account and period: summary tiles, bank lines and book entries of the period plus older unmatched ones, the period's reconciliation",Accounts > Bank Reconciliation,Bearer JWT,read:bank-reconciliation,Query: ?bankAccount=ACC-BDO-001&period=2026-09,"{
  ""success"": true,
  ""data"": {
    ""summary"": {
      ""statementBalance"": 162500,
      ""bookBalance"": 150000,
      ""unmatchedBank"": 3,
      ""unmatchedBook"": 2,
      ""difference"": 0
    },
    ""bankLines"": [],
    ""bookLines"": [],
    ""reconciliation"": null
  }
}"
83,Billing statements,GET,/api/receipts/billing-statement/endorsement/:id/generate,Endorsement billing statement (PDF); id = endorsement or policy id,Agent > Policy detail > Generate invoice (endorsement),Bearer JWT,"read:policies, read:receipts",,(application/pdf)
84,Billing statements,GET,/api/receipts/billing-statement/endorsement/:id/preview,Endorsement billing preview (JSON); id = endorsement or policy id,Agent > Endorsement,Bearer JWT,"read:policies, read:receipts",,"{
  ""success"": true,
  ""data"": {
    ""policyNumber"": ""POL-2026-00001"",
    ""endorsement"": {
      ""endorsementNumber"": ""END-2026-00001"",
      ""premiumDelta"": 1500
    },
    ""bills"": [],
    ""totalDue"": 0
  }
}"
85,Billing statements,GET,/api/receipts/billing-statement/policy/:policyId/generate,Policy billing statement (PDF),Agent > Policy detail > Generate invoice (policy),Bearer JWT,"read:policies, read:receipts",,(application/pdf)
86,Billing statements,GET,/api/receipts/billing-statement/renewal/:policyId/generate,Renewal billing statement (PDF),Agent > Policy detail > Generate invoice (renewal),Bearer JWT,"read:policies, read:receipts",,(application/pdf)
87,Claims,GET,/api/claims,"Claims list (filters: status, clientId, policyId, lob, handlerUserId, search, dateFrom, dateTo; paging page/pageSize)",Operations > Claims; Clients > Claims tab,Bearer JWT,read:claims,Query: ?page=1&pageSize=10&status=Processing&search=CLM-2026,"{
  ""success"": true,
  ""data"": {
    ""claims"": [
      {
        ""id"": ""clm_1a2b"",
        ""claimNumber"": ""CLM-2026-00001"",
        ""status"": ""Pending"",
        ""claimStatus"": ""Pending"",
        ""lifecycleStatus"": ""registered"",
        ""policyNumber"": ""POL-2026-00001"",
        ""policyHolderName"": ""Maria Santos"",
        ""lob"": ""MOTOR"",
        ""dateOfIncident"": ""2026-09-20"",
        ""reportedDate"": ""2026-09-21"",
        ""estimatedClaimAmount"": 85000,
        ""policy"": {
          ""policyNumber"": ""POL-2026-00001"",
          ""clientId"": ""cl_1""
        }
      }
    ],
    ""pagination"": {
      ""total"": 1,
      ""page"": 1,
      ""pageSize"": 10,
      ""limit"": 10,
      ""totalPages"": 1
    }
  },
  ""total"": 1,
  ""page"": 1,
  ""perPage"": 10,
  ""totalPages"": 1
}"
88,Claims,POST,/api/claims,Register a claim (multipart). Blocked when premium is unpaid or the loss date is outside the policy period; sends the Preliminary Loss Advice,Operations > Claims > Send mail,Bearer JWT,write:claims,"{
  ""policyNumber"": ""POL-2026-00001"",
  ""policyRefId"": ""pol_1"",
  ""lob"": ""MOTOR"",
  ""claimType"": ""Motor"",
  ""claimPriority"": ""High"",
  ""dateOfIncident"": ""2026-09-20"",
  ""timeOfIncident"": ""14:30"",
  ""addressOfIncident"": ""EDSA cor. Ayala Ave"",
  ""cityOfIncident"": ""Makati"",
  ""provinceOfIncident"": ""Metro Manila"",
  ""typeOfIncident"": ""Collision"",
  ""estimatedClaimAmount"": 85000,
  ""policyInfo"": ""{\""policyHolderName\"":\""Maria Santos\""}"",
  ""driverDetails"": ""{\""driverName\"":\""Jose Santos\""}"",
  ""thirdPartyDetails"": ""{\""thirdPartyName\"":\""Pedro Cruz\""}"",
  ""emailData"": ""{\""mailSubject\"":\""New Claim Notification\"",\""write\"":\""Please see attached\""}"",
  ""claimDocument"": ""(file)""
}","{
  ""success"": true,
  ""message"": ""Claim registered"",
  ""data"": {
    ""id"": ""clm_1a2b"",
    ""claimNumber"": ""CLM-2026-00001"",
    ""status"": ""Pending"",
    ""claimStatus"": ""Pending"",
    ""lifecycleStatus"": ""registered"",
    ""policyNumber"": ""POL-2026-00001"",
    ""policyHolderName"": ""Maria Santos"",
    ""lob"": ""MOTOR"",
    ""dateOfIncident"": ""2026-09-20"",
    ""reportedDate"": ""2026-09-21"",
    ""estimatedClaimAmount"": 85000,
    ""policy"": {
      ""policyNumber"": ""POL-2026-00001"",
      ""clientId"": ""cl_1""
    }
  }
}"
89,Claims,GET,/api/claims/:id,"Claim details (by id or claim number) with policy, documents and status history",Operations > Claims > Claim wizard / detailed view,Bearer JWT,read:claims,,"{
  ""success"": true,
  ""data"": {
    ""id"": ""clm_1a2b"",
    ""claimNumber"": ""CLM-2026-00001"",
    ""status"": ""Pending"",
    ""claimStatus"": ""Pending"",
    ""lifecycleStatus"": ""registered"",
    ""policyNumber"": ""POL-2026-00001"",
    ""policyHolderName"": ""Maria Santos"",
    ""lob"": ""MOTOR"",
    ""dateOfIncident"": ""2026-09-20"",
    ""reportedDate"": ""2026-09-21"",
    ""estimatedClaimAmount"": 85000,
    ""policy"": {
      ""policyNumber"": ""POL-2026-00001"",
      ""clientId"": ""cl_1""
    }
  }
}"
90,Claims,PUT,/api/claims/:id,Update claim details / adjuster report (multipart; file stored as FIR),Operations > Claims > Adjuster submission,Bearer JWT,write:claims,"{
  ""insuranceCompanyClaimNumber"": ""MAPFRE-CL-7781"",
  ""reportedDate"": ""2026-09-21"",
  ""dateOfIncident"": ""2026-09-20"",
  ""addressOfIncident"": ""EDSA"",
  ""driverName"": ""Jose Santos"",
  ""adjusterName"": ""Cunningham Lindsey PH"",
  ""adjusterStatus"": ""Assigned"",
  ""thirdPartyDetails[thirdPartyName]"": ""Pedro Cruz"",
  ""file"": ""(file)""
}","{
  ""success"": true,
  ""message"": ""Claim updated"",
  ""data"": {
    ""id"": ""clm_1a2b"",
    ""claimNumber"": ""CLM-2026-00001"",
    ""status"": ""Pending"",
    ""claimStatus"": ""Pending"",
    ""lifecycleStatus"": ""registered"",
    ""policyNumber"": ""POL-2026-00001"",
    ""policyHolderName"": ""Maria Santos"",
    ""lob"": ""MOTOR"",
    ""dateOfIncident"": ""2026-09-20"",
    ""reportedDate"": ""2026-09-21"",
    ""estimatedClaimAmount"": 85000,
    ""policy"": {
      ""policyNumber"": ""POL-2026-00001"",
      ""clientId"": ""cl_1""
    }
  }
}"
91,Claims,PUT,/api/claims/approve-settlement/:id,Checker decision on a pending settlement (decision approve | return); the approver must differ from the requester,Operations > Claims > Settlement approval,Bearer JWT,"role:claims, write:claims","{
  ""decision"": ""approve"",
  ""approvedAmount"": 75000,
  ""note"": ""Within authority""
}","{
  ""success"": true,
  ""message"": ""Settlement approved"",
  ""data"": {
    ""id"": ""clm_1a2b"",
    ""claimNumber"": ""CLM-2026-00001"",
    ""status"": ""Settled"",
    ""claimStatus"": ""Pending"",
    ""lifecycleStatus"": ""registered"",
    ""policyNumber"": ""POL-2026-00001"",
    ""policyHolderName"": ""Maria Santos"",
    ""lob"": ""MOTOR"",
    ""dateOfIncident"": ""2026-09-20"",
    ""reportedDate"": ""2026-09-21"",
    ""estimatedClaimAmount"": 85000,
    ""policy"": {
      ""policyNumber"": ""POL-2026-00001"",
      ""clientId"": ""cl_1""
    }
  }
}"
92,Claims,GET,/api/claims/audit-trail/:id,Field-level audit trail of a claim,Operations > Claims > Audit trail,Bearer JWT,read:claims,Query: ?sort=desc,"{
  ""success"": true,
  ""data"": [
    {
      ""id"": 1,
      ""timestamp"": ""2026-09-21T02:00:00Z"",
      ""action"": ""Status Changed"",
      ""fieldName"": ""claimStatus"",
      ""oldValue"": ""registered"",
      ""newValue"": ""in-review"",
      ""user"": ""j.claims""
    }
  ],
  ""total"": 1,
  ""sort"": ""desc""
}"
93,Claims,PUT,/api/claims/close/:id,Close a settled or rejected claim,Operations > Claims,Bearer JWT,"role:claims, write:claims","{
  ""note"": ""File closed""
}","{
  ""success"": true,
  ""message"": ""Claim closed"",
  ""data"": {
    ""id"": ""clm_1a2b"",
    ""claimNumber"": ""CLM-2026-00001"",
    ""status"": ""Closed"",
    ""claimStatus"": ""Pending"",
    ""lifecycleStatus"": ""registered"",
    ""policyNumber"": ""POL-2026-00001"",
    ""policyHolderName"": ""Maria Santos"",
    ""lob"": ""MOTOR"",
    ""dateOfIncident"": ""2026-09-20"",
    ""reportedDate"": ""2026-09-21"",
    ""estimatedClaimAmount"": 85000,
    ""policy"": {
      ""policyNumber"": ""POL-2026-00001"",
      ""clientId"": ""cl_1""
    }
  }
}"
94,Claims,GET,/api/claims/getdocuments/:id,"Download a claim document (uploaded file, or generated PDF: Claims Acknowledgement Letter, Claims Discharge Voucher, Claims Data Sheet)",Operations > Claims > Claim detailed view,Bearer JWT,read:claims,Query: ?documentName=Claims%20Acknowledgement%20Letter,application/pdf
95,Claims,PUT,/api/claims/rejectclaim/:id,Reject a claim,Operations > Claims > Settlement approval,Bearer JWT,"role:claims, write:claims","{
  ""reason"": ""Loss not covered""
}","{
  ""success"": true,
  ""message"": ""Claim rejected"",
  ""data"": {
    ""id"": ""clm_1a2b"",
    ""claimNumber"": ""CLM-2026-00001"",
    ""status"": ""Rejected"",
    ""claimStatus"": ""Pending"",
    ""lifecycleStatus"": ""registered"",
    ""policyNumber"": ""POL-2026-00001"",
    ""policyHolderName"": ""Maria Santos"",
    ""lob"": ""MOTOR"",
    ""dateOfIncident"": ""2026-09-20"",
    ""reportedDate"": ""2026-09-21"",
    ""estimatedClaimAmount"": 85000,
    ""policy"": {
      ""policyNumber"": ""POL-2026-00001"",
      ""clientId"": ""cl_1""
    }
  }
}"
96,Claims,GET,/api/claims/report,"Claims dashboard data (summary, breakdowns, ageing, detailed rows); format=excel downloads an .xlsx",Claims > Claims Dashboard,Bearer JWT,"read:claims, read:reports",Query: ?startDate=2026-01-01&endDate=2026-09-28&includeData=true&format=excel,"{
  ""success"": true,
  ""data"": {
    ""dateRange"": {
      ""startDate"": ""2026-01-01"",
      ""endDate"": ""2026-09-28""
    },
    ""summary"": {
      ""totalOpenClaims"": 8,
      ""totalAgingClaims"": 2,
      ""todaysClaims"": 1,
      ""maxClaimsByState"": {
        ""state"": ""Metro Manila"",
        ""count"": 6,
        ""percentage"": 40
      }
    },
    ""breakdown"": {
      ""byType"": [
        {
          ""type"": ""Motor"",
          ""count"": 12
        }
      ],
      ""byStatus"": [
        {
          ""status"": ""Settled"",
          ""count"": 5
        }
      ],
      ""byLOB"": [
        {
          ""lob"": ""MOTOR"",
          ""count"": 12
        }
      ],
      ""byState"": [],
      ""agingBreakdown"": {
        ""recent"": 3,
        ""moderate"": 2,
        ""high"": 1,
        ""critical"": 2
      }
    },
    ""detailedClaims"": []
  }
}"
97,Claims,GET,/api/claims/reports/criteria,Claims report by criteria (All | Open | Settled | Rejected | Aging) as an .xlsx download (reportType=json for JSON),Reports > Operational Reports > Claims,Bearer JWT,"read:claims, read:reports",Query: ?startDate=2026-01-01&endDate=2026-09-28&criteria=Open&reportType=excel,application/vnd.openxmlformats-officedocument.spreadsheetml.sheet (claims-report-Open-2026-01-01-to-2026-09-28.xlsx)
98,Claims,PUT,/api/claims/settle/:id,Submit the settlement (multipart; goes to Pending Approval when maker-checker is on) or mark an approved claim settled,Operations > Claims > Settlement details,Bearer JWT,"role:claims, write:claims","{
  ""settlementType"": ""Cash"",
  ""settlementAmount"": 75000,
  ""settlementIssueDate"": ""2026-09-25"",
  ""settlementDate"": ""2026-09-28"",
  ""settlementDocument"": ""(file)""
}","{
  ""success"": true,
  ""message"": ""Settlement submitted for approval"",
  ""data"": {
    ""id"": ""clm_1a2b"",
    ""claimNumber"": ""CLM-2026-00001"",
    ""status"": ""Pending Approval"",
    ""claimStatus"": ""Pending"",
    ""lifecycleStatus"": ""registered"",
    ""policyNumber"": ""POL-2026-00001"",
    ""policyHolderName"": ""Maria Santos"",
    ""lob"": ""MOTOR"",
    ""dateOfIncident"": ""2026-09-20"",
    ""reportedDate"": ""2026-09-21"",
    ""estimatedClaimAmount"": 85000,
    ""policy"": {
      ""policyNumber"": ""POL-2026-00001"",
      ""clientId"": ""cl_1""
    }
  }
}"
99,Claims,PUT,/api/claims/updatestatus/:id,"Move a claim to review / closed / rejected (claimStatus accepts a code or label, e.g. Processing)",Operations > Claims > Request approval,Bearer JWT,"role:claims, write:claims","{
  ""claimStatus"": ""Processing"",
  ""note"": ""Documents complete""
}","{
  ""success"": true,
  ""message"": ""Claim status updated"",
  ""data"": {
    ""id"": ""clm_1a2b"",
    ""claimNumber"": ""CLM-2026-00001"",
    ""status"": ""Pending"",
    ""claimStatus"": ""Pending"",
    ""lifecycleStatus"": ""registered"",
    ""policyNumber"": ""POL-2026-00001"",
    ""policyHolderName"": ""Maria Santos"",
    ""lob"": ""MOTOR"",
    ""dateOfIncident"": ""2026-09-20"",
    ""reportedDate"": ""2026-09-21"",
    ""estimatedClaimAmount"": 85000,
    ""policy"": {
      ""policyNumber"": ""POL-2026-00001"",
      ""clientId"": ""cl_1""
    }
  }
}"
100,Clients,GET,/api/clients,"List clients (search, leadCategory, status; paging)",Operations > Clients,Bearer JWT,read:clients,Query: ?page=1&pageSize=10&search=juan,"{
  ""success"": true,
  ""data"": {
    ""clients"": [
      {
        ""clientId"": ""cl_1"",
        ""generatedClientId"": ""CL-2026-00001"",
        ""firstName"": ""Juan"",
        ""lastName"": ""Dela Cruz"",
        ""emailId"": ""juan@example.com"",
        ""contactNumber"": ""09171234567"",
        ""leadCategory"": ""Retail"",
        ""policies"": [
          {
            ""policyId"": ""pol_1"",
            ""policyNumber"": ""POL-2026-00001"",
            ""status"": ""Active""
          }
        ]
      }
    ],
    ""pagination"": {
      ""page"": 1,
      ""pageSize"": 10,
      ""totalCount"": 1,
      ""totalPages"": 1
    }
  }
}"
101,Clients,POST,/api/clients,Create a client,Operations > Clients,Bearer JWT,write:clients,"{
  ""firstName"": ""Juan"",
  ""lastName"": ""Dela Cruz"",
  ""emailId"": ""juan@example.com"",
  ""leadCategory"": ""Retail""
}","{
  ""clientId"": ""cl_1"",
  ""generatedClientId"": ""CL-2026-00001"",
  ""firstName"": ""Juan"",
  ""lastName"": ""Dela Cruz"",
  ""emailId"": ""juan@example.com"",
  ""contactNumber"": ""09171234567"",
  ""leadCategory"": ""Retail"",
  ""policies"": [
    {
      ""policyId"": ""pol_1"",
      ""policyNumber"": ""POL-2026-00001"",
      ""status"": ""Active""
    }
  ],
  ""success"": true
}"
102,Clients,GET,/api/clients/:id,Get one client with its policies (by id or client code),Operations > Clients > Client view / Payment options,Bearer JWT,read:clients,,"{
  ""clientId"": ""cl_1"",
  ""generatedClientId"": ""CL-2026-00001"",
  ""firstName"": ""Juan"",
  ""lastName"": ""Dela Cruz"",
  ""emailId"": ""juan@example.com"",
  ""contactNumber"": ""09171234567"",
  ""leadCategory"": ""Retail"",
  ""policies"": [
    {
      ""policyId"": ""pol_1"",
      ""policyNumber"": ""POL-2026-00001"",
      ""status"": ""Active""
    }
  ],
  ""success"": true,
  ""data"": {
    ""clientId"": ""cl_1"",
    ""generatedClientId"": ""CL-2026-00001"",
    ""firstName"": ""Juan"",
    ""lastName"": ""Dela Cruz"",
    ""emailId"": ""juan@example.com"",
    ""contactNumber"": ""09171234567"",
    ""leadCategory"": ""Retail"",
    ""policies"": [
      {
        ""policyId"": ""pol_1"",
        ""policyNumber"": ""POL-2026-00001"",
        ""status"": ""Active""
      }
    ]
  }
}"
103,Clients,PUT,/api/clients/:id,Update a client,Operations > Clients > Edit,Bearer JWT,write:clients,"{
  ""contactNumber"": ""09179998888""
}","{
  ""clientId"": ""cl_1"",
  ""generatedClientId"": ""CL-2026-00001"",
  ""firstName"": ""Juan"",
  ""lastName"": ""Dela Cruz"",
  ""emailId"": ""juan@example.com"",
  ""contactNumber"": ""09171234567"",
  ""leadCategory"": ""Retail"",
  ""policies"": [
    {
      ""policyId"": ""pol_1"",
      ""policyNumber"": ""POL-2026-00001"",
      ""status"": ""Active""
    }
  ],
  ""success"": true
}"
104,Clients,GET,/api/clients/customers/codes,Customer codes for dropdowns,Accounts > Disbursement / Receipts,Bearer JWT,read:clients,,"{
  ""success"": true,
  ""data"": [
    {
      ""clientId"": ""cl_1"",
      ""customerCode"": ""CL-2026-00001"",
      ""name"": ""Juan Dela Cruz""
    }
  ]
}"
105,Clients,POST,/api/clients/from-lead/:leadId,Convert a lead into a client (returns the existing client when already converted),Operations > Quotation > Convert to policy,Bearer JWT,write:clients,"{
  ""contactNumber"": ""09171234567""
}","{
  ""clientId"": ""cl_1"",
  ""generatedClientId"": ""CL-2026-00001"",
  ""firstName"": ""Juan"",
  ""lastName"": ""Dela Cruz"",
  ""emailId"": ""juan@example.com"",
  ""contactNumber"": ""09171234567"",
  ""leadCategory"": ""Retail"",
  ""policies"": [
    {
      ""policyId"": ""pol_1"",
      ""policyNumber"": ""POL-2026-00001"",
      ""status"": ""Active""
    }
  ],
  ""success"": true
}"
106,Collections,GET,/api/collections,"Collections register with ageing buckets (filter status, overdueLevel, clientId, search; sortField, sortOrder; paging)",Accounts > Collections,Bearer JWT,"read:collections, read:receipts",Query: ?page=1&pageSize=10&status=Overdue&overdueLevel=1&search=Santos&sortField=dueDate&sortOrder=asc,"{
  ""success"": true,
  ""data"": [
    {
      ""id"": ""col_1"",
      ""policyNumber"": ""POL-2026-00001"",
      ""client"": {
        ""firstName"": ""Maria"",
        ""lastName"": ""Santos""
      },
      ""grossPremium"": 11862.5,
      ""paidAmount"": 0,
      ""outstandingAmount"": 11862.5,
      ""currentAmount"": 0,
      ""days1to30Amount"": 11862.5,
      ""days31to60Amount"": 0,
      ""days61to90Amount"": 0,
      ""over90DaysAmount"": 0,
      ""dueDate"": ""2026-09-10"",
      ""daysPastDue"": 18,
      ""overdueLevel"": 1,
      ""collectionStatus"": ""Overdue""
    }
  ],
  ""pagination"": {
    ""page"": 1,
    ""pageSize"": 10,
    ""total"": 1,
    ""totalPages"": 1
  }
}"
107,Collections,GET,/api/collections/:id,Collection detail with follow-up actions and payment history,Accounts > Collections > Detail,Bearer JWT,"read:collections, read:receipts",,"{
  ""success"": true,
  ""data"": {
    ""id"": ""col_1"",
    ""policyNumber"": ""POL-2026-00001"",
    ""client"": {
      ""firstName"": ""Maria"",
      ""lastName"": ""Santos""
    },
    ""grossPremium"": 11862.5,
    ""paidAmount"": 0,
    ""outstandingAmount"": 11862.5,
    ""currentAmount"": 0,
    ""days1to30Amount"": 11862.5,
    ""days31to60Amount"": 0,
    ""days61to90Amount"": 0,
    ""over90DaysAmount"": 0,
    ""dueDate"": ""2026-09-10"",
    ""daysPastDue"": 18,
    ""overdueLevel"": 1,
    ""collectionStatus"": ""Overdue"",
    ""followUpActions"": [
      {
        ""actionType"": ""Call"",
        ""actionDate"": ""2026-09-20T03:00:00Z"",
        ""actionBy"": ""finance1"",
        ""callOutcome"": ""Answered"",
        ""notes"": ""Will pay Friday""
      }
    ],
    ""paymentHistory"": []
  }
}"
108,Collections,PATCH,/api/collections/:id/commitment,Record the date the client committed to pay,Accounts > Collections > Detail > Follow-up (Commitment),Bearer JWT,write:collections,"{
  ""commitmentDate"": ""2026-10-05"",
  ""reason"": ""Salary on the 5th""
}","{
  ""success"": true,
  ""data"": {
    ""id"": ""col_1"",
    ""policyNumber"": ""POL-2026-00001"",
    ""client"": {
      ""firstName"": ""Maria"",
      ""lastName"": ""Santos""
    },
    ""grossPremium"": 11862.5,
    ""paidAmount"": 0,
    ""outstandingAmount"": 11862.5,
    ""currentAmount"": 0,
    ""days1to30Amount"": 11862.5,
    ""days31to60Amount"": 0,
    ""days61to90Amount"": 0,
    ""over90DaysAmount"": 0,
    ""dueDate"": ""2026-09-10"",
    ""daysPastDue"": 18,
    ""overdueLevel"": 1,
    ""collectionStatus"": ""Committed"",
    ""commitmentDate"": ""2026-10-05""
  }
}"
109,Collections,POST,/api/collections/:id/follow-up,"Log a follow-up (Call, Email, SMS, Visit, Note, Escalation)",Accounts > Collections > Detail > Follow-up,Bearer JWT,write:collections,"{
  ""actionType"": ""Call"",
  ""notes"": ""Client promised to pay on Friday"",
  ""callOutcome"": ""Answered""
}","{
  ""success"": true,
  ""data"": {
    ""id"": ""col_1"",
    ""policyNumber"": ""POL-2026-00001"",
    ""client"": {
      ""firstName"": ""Maria"",
      ""lastName"": ""Santos""
    },
    ""grossPremium"": 11862.5,
    ""paidAmount"": 0,
    ""outstandingAmount"": 11862.5,
    ""currentAmount"": 0,
    ""days1to30Amount"": 11862.5,
    ""days31to60Amount"": 0,
    ""days61to90Amount"": 0,
    ""over90DaysAmount"": 0,
    ""dueDate"": ""2026-09-10"",
    ""daysPastDue"": 18,
    ""overdueLevel"": 1,
    ""collectionStatus"": ""Overdue""
  }
}"
110,Collections,POST,/api/collections/:id/send-email,E-mail the client about the outstanding premium (queued; logged as an Email action),Accounts > Collections > Detail > Send e-mail,Bearer JWT,write:collections,"{
  ""notes"": ""Dear Maria, your premium of ₱11,862.50 is due…"",
  ""actionBy"": ""finance1""
}","{
  ""success"": true,
  ""data"": {
    ""emailId"": 12,
    ""to"": ""maria.santos@example.ph""
  }
}"
111,Collections,GET,/api/collections/aging-report,"Ageing report: bucket totals, percentages and open items",Accounts > Collections > Aging report,Bearer JWT,"read:collections, read:receipts",Query: ?clientId=cl_1,"{
  ""success"": true,
  ""data"": {
    ""summary"": {
      ""totalOutstanding"": 11862.5,
      ""totalCurrent"": 0,
      ""total1to30"": 11862.5,
      ""total31to60"": 0,
      ""total61to90"": 0,
      ""totalOver90"": 0,
      ""percentages"": {
        ""current"": 0,
        ""days1to30"": 100,
        ""days31to60"": 0,
        ""days61to90"": 0,
        ""over90"": 0
      }
    },
    ""collections"": [
      {
        ""id"": ""col_1"",
        ""policyNumber"": ""POL-2026-00001"",
        ""client"": {
          ""firstName"": ""Maria"",
          ""lastName"": ""Santos""
        },
        ""grossPremium"": 11862.5,
        ""paidAmount"": 0,
        ""outstandingAmount"": 11862.5,
        ""currentAmount"": 0,
        ""days1to30Amount"": 11862.5,
        ""days31to60Amount"": 0,
        ""days61to90Amount"": 0,
        ""over90DaysAmount"": 0,
        ""dueDate"": ""2026-09-10"",
        ""daysPastDue"": 18,
        ""overdueLevel"": 1,
        ""collectionStatus"": ""Overdue""
      }
    ]
  }
}"
112,Collections,GET,/api/collections/dashboard-stats,"Collections KPIs (outstanding, overdue, committed, escalated, collected this month)",Accounts > Collections,Bearer JWT,"read:collections, read:receipts",,"{
  ""success"": true,
  ""data"": {
    ""totalOutstanding"": 11862.5,
    ""overdueCount"": 1,
    ""overdueAmount"": 11862.5,
    ""committedCount"": 0,
    ""escalatedCount"": 0,
    ""collectedThisMonth"": 0
  }
}"
113,Collections,POST,/api/collections/send-due-date-reminders,Queue reminder e-mails and notify owners for items due soon or overdue (not reminded recently),Accounts > Collections,Bearer JWT,write:collections,{},"{
  ""success"": true,
  ""message"": ""3 reminder(s) queued"",
  ""data"": {
    ""candidates"": 3,
    ""emails"": 3,
    ""notifications"": 3,
    ""skipped"": []
  }
}"
114,Collections,POST,/api/collections/sync,"Create collection items for receivables (all, or the policies on one receipt)",Agent > Payment confirmation; Accounts > Collections,Bearer JWT,"write:collections, write:receipts, write:policies","{
  ""receiptId"": ""or_1""
}","{
  ""success"": true,
  ""data"": {
    ""created"": 1,
    ""closed"": 0,
    ""collectionId"": ""col_1""
  }
}"
115,Commission,POST,/api/commission/accrue,Accrue commission lines for a policy from its commission details (primary + chain),Agent > Quote > Payment confirmation,Bearer JWT,"write:commission, write:policies","{
  ""policyId"": ""pol_1"",
  ""commissionDetails"": {
    ""brokeragePct"": 18,
    ""primary"": {
      ""referrerId"": ""ref-dcruz"",
      ""level"": ""L1"",
      ""comsubPct"": 8,
      ""comsubFixed"": 0
    },
    ""chain"": []
  }
}","{
  ""success"": true,
  ""data"": {
    ""created"": [
      ""cm_1""
    ]
  }
}"
116,Commission,GET,/api/commission/agents-ready-to-pay,Referrers with Approved lines not yet on a payout voucher,Accounts > Disbursement > Bulk Disburse,Bearer JWT,"read:commission, read:quotations",,"{
  ""success"": true,
  ""data"": {
    ""agents"": [
      {
        ""id"": ""ref-dcruz"",
        ""name"": ""Juan Dela Cruz"",
        ""approvedLineCount"": 2,
        ""comsubGross"": 2400,
        ""netPayable"": 2280
      }
    ],
    ""summary"": {
      ""agentCount"": 1,
      ""totalComsubGross"": 2400,
      ""totalNet"": 2280
    }
  }
}"
117,Commission,GET,/api/commission/dashboard,"Commission KPIs, comsub by referrer / product, brokerage by insurer, payable funnel, trend",Commission > Commission Dashboard,Bearer JWT,"read:commission, read:quotations",,"{
  ""success"": true,
  ""data"": {
    ""kpis"": {
      ""brokerageIncome"": 448530,
      ""comsubGross"": 221706,
      ""netMargin"": 226824,
      ""marginPct"": 50.6,
      ""outstandingPayable"": 150146,
      ""whtWithheldPaid"": 1228
    },
    ""linesByStatus"": [
      {
        ""status"": ""Accrued"",
        ""count"": 9
      }
    ]
  }
}"
118,Commission,GET,/api/commission/referrer-accounts,Referrer accounts with net payable this cycle,Commission > Agents/Referrer Accounts; Quote > Order summary > Commission referral,Bearer JWT,"read:commission, read:quotations",,"{
  ""success"": true,
  ""data"": {
    ""summary"": {
      ""cycleLabel"": ""Sep 2026"",
      ""dueThisCycle"": 1140,
      ""readyToPay"": 0
    },
    ""referrers"": [
      {
        ""id"": ""ref-dcruz"",
        ""name"": ""Juan Dela Cruz"",
        ""type"": ""Agent"",
        ""level"": ""L1"",
        ""policies"": 1,
        ""netPayable"": 1140,
        ""whtType"": ""Individual 5%"",
        ""whtApplicable"": true,
        ""bankAccount"": ""BDO ***4521"",
        ""status"": ""Active""
      }
    ]
  }
}"
119,Commission,POST,/api/commission/referrer-accounts,"Create a referrer (agent, sub-agent or external)",Commission > Agents/Referrer Accounts,Bearer JWT,write:commission,"{
  ""name"": ""Juan Dela Cruz"",
  ""type"": ""Agent"",
  ""level"": ""L1"",
  ""bankName"": ""BDO"",
  ""bankAccountNo"": ""001234564521""
}","{
  ""success"": true,
  ""data"": {
    ""referrer"": {
      ""id"": ""ref-dcruz"",
      ""name"": ""Juan Dela Cruz"",
      ""type"": ""Agent"",
      ""level"": ""L1"",
      ""whtApplicable"": true
    },
    ""summary"": {
      ""cycleLabel"": ""Sep 2026"",
      ""dueThisCycle"": 1140,
      ""upcoming"": 0,
      ""paidToDate"": 0
    },
    ""currentCycle"": {
      ""label"": ""Sep 2026"",
      ""totalNet"": 1140,
      ""lines"": [
        {
          ""id"": ""cm_1"",
          ""policyNo"": ""POL-2026-00001"",
          ""productInsurer"": ""Motor · Malayan"",
          ""cycle"": ""Sep 2026"",
          ""comsub"": 1200,
          ""comsubRateLabel"": ""8%"",
          ""wht"": 60,
          ""net"": 1140,
          ""status"": ""Eligible"",
          ""lifecycle"": {
            ""accruedAt"": ""02 Sep"",
            ""eligibleAt"": ""10 Sep"",
            ""approvedAt"": null,
            ""paidAt"": null
          }
        }
      ]
    },
    ""futureCycles"": {
      ""totalNet"": 0,
      ""lines"": []
    },
    ""past"": {
      ""totalNet"": 0,
      ""lines"": []
    },
    ""actions"": {
      ""approveCount"": 1,
      ""generatePayoutCount"": 0,
      ""markEligibleCount"": 0
    }
  }
}"
120,Commission,GET,/api/commission/referrer-accounts/:id,"Referrer account: current cycle, future cycles, past lines and available actions",Commission > Agents/Referrer Accounts,Bearer JWT,"read:commission, read:quotations",,"{
  ""success"": true,
  ""data"": {
    ""referrer"": {
      ""id"": ""ref-dcruz"",
      ""name"": ""Juan Dela Cruz"",
      ""type"": ""Agent"",
      ""level"": ""L1"",
      ""whtApplicable"": true
    },
    ""summary"": {
      ""cycleLabel"": ""Sep 2026"",
      ""dueThisCycle"": 1140,
      ""upcoming"": 0,
      ""paidToDate"": 0
    },
    ""currentCycle"": {
      ""label"": ""Sep 2026"",
      ""totalNet"": 1140,
      ""lines"": [
        {
          ""id"": ""cm_1"",
          ""policyNo"": ""POL-2026-00001"",
          ""productInsurer"": ""Motor · Malayan"",
          ""cycle"": ""Sep 2026"",
          ""comsub"": 1200,
          ""comsubRateLabel"": ""8%"",
          ""wht"": 60,
          ""net"": 1140,
          ""status"": ""Eligible"",
          ""lifecycle"": {
            ""accruedAt"": ""02 Sep"",
            ""eligibleAt"": ""10 Sep"",
            ""approvedAt"": null,
            ""paidAt"": null
          }
        }
      ]
    },
    ""futureCycles"": {
      ""totalNet"": 0,
      ""lines"": []
    },
    ""past"": {
      ""totalNet"": 0,
      ""lines"": []
    },
    ""actions"": {
      ""approveCount"": 1,
      ""generatePayoutCount"": 0,
      ""markEligibleCount"": 0
    }
  }
}"
121,Commission,PUT,/api/commission/referrer-accounts/:id,Update a referrer,Commission > Agents/Referrer Accounts,Bearer JWT,write:commission,"{
  ""bankAccountNo"": ""001234567777"",
  ""status"": ""Active""
}","{
  ""success"": true,
  ""data"": {
    ""referrer"": {
      ""id"": ""ref-dcruz"",
      ""name"": ""Juan Dela Cruz"",
      ""type"": ""Agent"",
      ""level"": ""L1"",
      ""whtApplicable"": true
    },
    ""summary"": {
      ""cycleLabel"": ""Sep 2026"",
      ""dueThisCycle"": 1140,
      ""upcoming"": 0,
      ""paidToDate"": 0
    },
    ""currentCycle"": {
      ""label"": ""Sep 2026"",
      ""totalNet"": 1140,
      ""lines"": [
        {
          ""id"": ""cm_1"",
          ""policyNo"": ""POL-2026-00001"",
          ""productInsurer"": ""Motor · Malayan"",
          ""cycle"": ""Sep 2026"",
          ""comsub"": 1200,
          ""comsubRateLabel"": ""8%"",
          ""wht"": 60,
          ""net"": 1140,
          ""status"": ""Eligible"",
          ""lifecycle"": {
            ""accruedAt"": ""02 Sep"",
            ""eligibleAt"": ""10 Sep"",
            ""approvedAt"": null,
            ""paidAt"": null
          }
        }
      ]
    },
    ""futureCycles"": {
      ""totalNet"": 0,
      ""lines"": []
    },
    ""past"": {
      ""totalNet"": 0,
      ""lines"": []
    },
    ""actions"": {
      ""approveCount"": 1,
      ""generatePayoutCount"": 0,
      ""markEligibleCount"": 0
    }
  }
}"
122,Commission,POST,/api/commission/referrer-accounts/:id/approve,Approve every Eligible line (maker-checker; posts comsub accrual),Commission > Agents/Referrer Accounts,Bearer JWT,write:commission,{},"{
  ""success"": true,
  ""data"": {
    ""referrer"": {
      ""id"": ""ref-dcruz"",
      ""name"": ""Juan Dela Cruz"",
      ""type"": ""Agent"",
      ""level"": ""L1"",
      ""whtApplicable"": true
    },
    ""summary"": {
      ""cycleLabel"": ""Sep 2026"",
      ""dueThisCycle"": 1140,
      ""upcoming"": 0,
      ""paidToDate"": 0
    },
    ""currentCycle"": {
      ""label"": ""Sep 2026"",
      ""totalNet"": 1140,
      ""lines"": [
        {
          ""id"": ""cm_1"",
          ""policyNo"": ""POL-2026-00001"",
          ""productInsurer"": ""Motor · Malayan"",
          ""cycle"": ""Sep 2026"",
          ""comsub"": 1200,
          ""comsubRateLabel"": ""8%"",
          ""wht"": 60,
          ""net"": 1140,
          ""status"": ""Eligible"",
          ""lifecycle"": {
            ""accruedAt"": ""02 Sep"",
            ""eligibleAt"": ""10 Sep"",
            ""approvedAt"": null,
            ""paidAt"": null
          }
        }
      ]
    },
    ""futureCycles"": {
      ""totalNet"": 0,
      ""lines"": []
    },
    ""past"": {
      ""totalNet"": 0,
      ""lines"": []
    },
    ""actions"": {
      ""approveCount"": 1,
      ""generatePayoutCount"": 0,
      ""markEligibleCount"": 0
    }
  }
}"
123,Commission,GET,/api/commission/referrer-accounts/:id/approved-lines,Approved lines not yet on a voucher,Commission > Agents/Referrer Accounts,Bearer JWT,"read:commission, read:quotations",,"{
  ""success"": true,
  ""data"": {
    ""lines"": [
      {
        ""id"": ""cm_1"",
        ""policyNo"": ""POL-2026-00001"",
        ""productInsurer"": ""Motor · Malayan"",
        ""cycle"": ""Sep 2026"",
        ""comsub"": 1200,
        ""comsubRateLabel"": ""8%"",
        ""wht"": 60,
        ""net"": 1140,
        ""status"": ""Eligible"",
        ""lifecycle"": {
          ""accruedAt"": ""02 Sep"",
          ""eligibleAt"": ""10 Sep"",
          ""approvedAt"": null,
          ""paidAt"": null
        }
      }
    ],
    ""totalNet"": 1140
  }
}"
124,Commission,POST,/api/commission/referrer-accounts/:id/generate-payout,Validate approved lines and hand over to Payment Voucher creation,Commission > Agents/Referrer Accounts,Bearer JWT,write:commission,{},"{
  ""success"": true,
  ""data"": {
    ""redirect"": {
      ""referrerId"": ""ref-dcruz"",
      ""referrerName"": ""Juan Dela Cruz""
    },
    ""approvedLineCount"": 2,
    ""totalNet"": 2280
  }
}"
125,Commission,GET,/api/commission/referrer-accounts/:id/lines/:lineId,One commission line,Commission > Agents/Referrer Accounts > Line drawer,Bearer JWT,"read:commission, read:quotations",,"{
  ""success"": true,
  ""data"": {
    ""id"": ""cm_1"",
    ""policyNo"": ""POL-2026-00001"",
    ""productInsurer"": ""Motor · Malayan"",
    ""cycle"": ""Sep 2026"",
    ""comsub"": 1200,
    ""comsubRateLabel"": ""8%"",
    ""wht"": 60,
    ""net"": 1140,
    ""status"": ""Eligible"",
    ""lifecycle"": {
      ""accruedAt"": ""02 Sep"",
      ""eligibleAt"": ""10 Sep"",
      ""approvedAt"": null,
      ""paidAt"": null
    }
  }
}"
126,Commission,POST,/api/commission/referrer-accounts/:id/lines/:lineId/approve,Approve an Eligible line (maker-checker; posts Dr Commission Expense / Cr Commission Payable),Commission > Agents/Referrer Accounts > Line drawer,Bearer JWT,write:commission,{},"{
  ""success"": true,
  ""data"": {
    ""account"": {
      ""referrer"": {
        ""id"": ""ref-dcruz"",
        ""name"": ""Juan Dela Cruz"",
        ""type"": ""Agent"",
        ""level"": ""L1"",
        ""whtApplicable"": true
      },
      ""summary"": {
        ""cycleLabel"": ""Sep 2026"",
        ""dueThisCycle"": 1140,
        ""upcoming"": 0,
        ""paidToDate"": 0
      },
      ""currentCycle"": {
        ""label"": ""Sep 2026"",
        ""totalNet"": 1140,
        ""lines"": [
          {
            ""id"": ""cm_1"",
            ""policyNo"": ""POL-2026-00001"",
            ""productInsurer"": ""Motor · Malayan"",
            ""cycle"": ""Sep 2026"",
            ""comsub"": 1200,
            ""comsubRateLabel"": ""8%"",
            ""wht"": 60,
            ""net"": 1140,
            ""status"": ""Eligible"",
            ""lifecycle"": {
              ""accruedAt"": ""02 Sep"",
              ""eligibleAt"": ""10 Sep"",
              ""approvedAt"": null,
              ""paidAt"": null
            }
          }
        ]
      },
      ""futureCycles"": {
        ""totalNet"": 0,
        ""lines"": []
      },
      ""past"": {
        ""totalNet"": 0,
        ""lines"": []
      },
      ""actions"": {
        ""approveCount"": 1,
        ""generatePayoutCount"": 0,
        ""markEligibleCount"": 0
      }
    },
    ""line"": {
      ""id"": ""cm_1"",
      ""policyNo"": ""POL-2026-00001"",
      ""productInsurer"": ""Motor · Malayan"",
      ""cycle"": ""Sep 2026"",
      ""comsub"": 1200,
      ""comsubRateLabel"": ""8%"",
      ""wht"": 60,
      ""net"": 1140,
      ""status"": ""Eligible"",
      ""lifecycle"": {
        ""accruedAt"": ""02 Sep"",
        ""eligibleAt"": ""10 Sep"",
        ""approvedAt"": null,
        ""paidAt"": null
      }
    }
  }
}"
127,Commission,POST,/api/commission/referrer-accounts/:id/lines/:lineId/mark-eligible,Mark an Accrued line Eligible once the premium is fully collected,Commission > Agents/Referrer Accounts > Line drawer,Bearer JWT,write:commission,{},"{
  ""success"": true,
  ""data"": {
    ""account"": {
      ""referrer"": {
        ""id"": ""ref-dcruz"",
        ""name"": ""Juan Dela Cruz"",
        ""type"": ""Agent"",
        ""level"": ""L1"",
        ""whtApplicable"": true
      },
      ""summary"": {
        ""cycleLabel"": ""Sep 2026"",
        ""dueThisCycle"": 1140,
        ""upcoming"": 0,
        ""paidToDate"": 0
      },
      ""currentCycle"": {
        ""label"": ""Sep 2026"",
        ""totalNet"": 1140,
        ""lines"": [
          {
            ""id"": ""cm_1"",
            ""policyNo"": ""POL-2026-00001"",
            ""productInsurer"": ""Motor · Malayan"",
            ""cycle"": ""Sep 2026"",
            ""comsub"": 1200,
            ""comsubRateLabel"": ""8%"",
            ""wht"": 60,
            ""net"": 1140,
            ""status"": ""Eligible"",
            ""lifecycle"": {
              ""accruedAt"": ""02 Sep"",
              ""eligibleAt"": ""10 Sep"",
              ""approvedAt"": null,
              ""paidAt"": null
            }
          }
        ]
      },
      ""futureCycles"": {
        ""totalNet"": 0,
        ""lines"": []
      },
      ""past"": {
        ""totalNet"": 0,
        ""lines"": []
      },
      ""actions"": {
        ""approveCount"": 1,
        ""generatePayoutCount"": 0,
        ""markEligibleCount"": 0
      }
    },
    ""line"": {
      ""id"": ""cm_1"",
      ""policyNo"": ""POL-2026-00001"",
      ""productInsurer"": ""Motor · Malayan"",
      ""cycle"": ""Sep 2026"",
      ""comsub"": 1200,
      ""comsubRateLabel"": ""8%"",
      ""wht"": 60,
      ""net"": 1140,
      ""status"": ""Eligible"",
      ""lifecycle"": {
        ""accruedAt"": ""02 Sep"",
        ""eligibleAt"": ""10 Sep"",
        ""approvedAt"": null,
        ""paidAt"": null
      }
    }
  }
}"
128,Commission,POST,/api/commission/referrer-accounts/:id/lines/:lineId/pay,Pay one Approved line (creates a paid voucher; Dr Commission Payable / Cr Cash / Cr WHT Payable),Commission > Agents/Referrer Accounts > Line drawer,Bearer JWT,write:commission,{},"{
  ""success"": true,
  ""data"": {
    ""account"": {
      ""referrer"": {
        ""id"": ""ref-dcruz"",
        ""name"": ""Juan Dela Cruz"",
        ""type"": ""Agent"",
        ""level"": ""L1"",
        ""whtApplicable"": true
      },
      ""summary"": {
        ""cycleLabel"": ""Sep 2026"",
        ""dueThisCycle"": 1140,
        ""upcoming"": 0,
        ""paidToDate"": 0
      },
      ""currentCycle"": {
        ""label"": ""Sep 2026"",
        ""totalNet"": 1140,
        ""lines"": [
          {
            ""id"": ""cm_1"",
            ""policyNo"": ""POL-2026-00001"",
            ""productInsurer"": ""Motor · Malayan"",
            ""cycle"": ""Sep 2026"",
            ""comsub"": 1200,
            ""comsubRateLabel"": ""8%"",
            ""wht"": 60,
            ""net"": 1140,
            ""status"": ""Eligible"",
            ""lifecycle"": {
              ""accruedAt"": ""02 Sep"",
              ""eligibleAt"": ""10 Sep"",
              ""approvedAt"": null,
              ""paidAt"": null
            }
          }
        ]
      },
      ""futureCycles"": {
        ""totalNet"": 0,
        ""lines"": []
      },
      ""past"": {
        ""totalNet"": 0,
        ""lines"": []
      },
      ""actions"": {
        ""approveCount"": 1,
        ""generatePayoutCount"": 0,
        ""markEligibleCount"": 0
      }
    },
    ""line"": {
      ""id"": ""cm_1"",
      ""policyNo"": ""POL-2026-00001"",
      ""productInsurer"": ""Motor · Malayan"",
      ""cycle"": ""Sep 2026"",
      ""comsub"": 1200,
      ""comsubRateLabel"": ""8%"",
      ""wht"": 60,
      ""net"": 1140,
      ""status"": ""Eligible"",
      ""lifecycle"": {
        ""accruedAt"": ""02 Sep"",
        ""eligibleAt"": ""10 Sep"",
        ""approvedAt"": null,
        ""paidAt"": null
      }
    }
  }
}"
129,Commission,POST,/api/commission/referrer-accounts/:id/lines/:lineId/rate,Override comsub rate (pct and / or fixed) before approval,Commission > Agents/Referrer Accounts > Line drawer,Bearer JWT,write:commission,"{
  ""comsubPct"": 7.5,
  ""comsubFixed"": 0
}","{
  ""success"": true,
  ""data"": {
    ""account"": {
      ""referrer"": {
        ""id"": ""ref-dcruz"",
        ""name"": ""Juan Dela Cruz"",
        ""type"": ""Agent"",
        ""level"": ""L1"",
        ""whtApplicable"": true
      },
      ""summary"": {
        ""cycleLabel"": ""Sep 2026"",
        ""dueThisCycle"": 1140,
        ""upcoming"": 0,
        ""paidToDate"": 0
      },
      ""currentCycle"": {
        ""label"": ""Sep 2026"",
        ""totalNet"": 1140,
        ""lines"": [
          {
            ""id"": ""cm_1"",
            ""policyNo"": ""POL-2026-00001"",
            ""productInsurer"": ""Motor · Malayan"",
            ""cycle"": ""Sep 2026"",
            ""comsub"": 1200,
            ""comsubRateLabel"": ""8%"",
            ""wht"": 60,
            ""net"": 1140,
            ""status"": ""Eligible"",
            ""lifecycle"": {
              ""accruedAt"": ""02 Sep"",
              ""eligibleAt"": ""10 Sep"",
              ""approvedAt"": null,
              ""paidAt"": null
            }
          }
        ]
      },
      ""futureCycles"": {
        ""totalNet"": 0,
        ""lines"": []
      },
      ""past"": {
        ""totalNet"": 0,
        ""lines"": []
      },
      ""actions"": {
        ""approveCount"": 1,
        ""generatePayoutCount"": 0,
        ""markEligibleCount"": 0
      }
    },
    ""line"": {
      ""id"": ""cm_1"",
      ""policyNo"": ""POL-2026-00001"",
      ""productInsurer"": ""Motor · Malayan"",
      ""cycle"": ""Sep 2026"",
      ""comsub"": 1200,
      ""comsubRateLabel"": ""8%"",
      ""wht"": 60,
      ""net"": 1140,
      ""status"": ""Eligible"",
      ""lifecycle"": {
        ""accruedAt"": ""02 Sep"",
        ""eligibleAt"": ""10 Sep"",
        ""approvedAt"": null,
        ""paidAt"": null
      }
    }
  }
}"
130,Commission,POST,/api/commission/referrer-accounts/:id/lines/:lineId/reverse,Reverse a line (reverses the accrual; clawback journal if already paid),Commission > Agents/Referrer Accounts > Line drawer,Bearer JWT,write:commission,{},"{
  ""success"": true,
  ""data"": {
    ""account"": {
      ""referrer"": {
        ""id"": ""ref-dcruz"",
        ""name"": ""Juan Dela Cruz"",
        ""type"": ""Agent"",
        ""level"": ""L1"",
        ""whtApplicable"": true
      },
      ""summary"": {
        ""cycleLabel"": ""Sep 2026"",
        ""dueThisCycle"": 1140,
        ""upcoming"": 0,
        ""paidToDate"": 0
      },
      ""currentCycle"": {
        ""label"": ""Sep 2026"",
        ""totalNet"": 1140,
        ""lines"": [
          {
            ""id"": ""cm_1"",
            ""policyNo"": ""POL-2026-00001"",
            ""productInsurer"": ""Motor · Malayan"",
            ""cycle"": ""Sep 2026"",
            ""comsub"": 1200,
            ""comsubRateLabel"": ""8%"",
            ""wht"": 60,
            ""net"": 1140,
            ""status"": ""Eligible"",
            ""lifecycle"": {
              ""accruedAt"": ""02 Sep"",
              ""eligibleAt"": ""10 Sep"",
              ""approvedAt"": null,
              ""paidAt"": null
            }
          }
        ]
      },
      ""futureCycles"": {
        ""totalNet"": 0,
        ""lines"": []
      },
      ""past"": {
        ""totalNet"": 0,
        ""lines"": []
      },
      ""actions"": {
        ""approveCount"": 1,
        ""generatePayoutCount"": 0,
        ""markEligibleCount"": 0
      }
    },
    ""line"": {
      ""id"": ""cm_1"",
      ""policyNo"": ""POL-2026-00001"",
      ""productInsurer"": ""Motor · Malayan"",
      ""cycle"": ""Sep 2026"",
      ""comsub"": 1200,
      ""comsubRateLabel"": ""8%"",
      ""wht"": 60,
      ""net"": 1140,
      ""status"": ""Eligible"",
      ""lifecycle"": {
        ""accruedAt"": ""02 Sep"",
        ""eligibleAt"": ""10 Sep"",
        ""approvedAt"": null,
        ""paidAt"": null
      }
    }
  }
}"
131,Commission,POST,/api/commission/referrer-accounts/:id/mark-eligible,Mark Accrued lines with fully collected premium as Eligible,Commission > Agents/Referrer Accounts,Bearer JWT,write:commission,{},"{
  ""success"": true,
  ""data"": {
    ""referrer"": {
      ""id"": ""ref-dcruz"",
      ""name"": ""Juan Dela Cruz"",
      ""type"": ""Agent"",
      ""level"": ""L1"",
      ""whtApplicable"": true
    },
    ""summary"": {
      ""cycleLabel"": ""Sep 2026"",
      ""dueThisCycle"": 1140,
      ""upcoming"": 0,
      ""paidToDate"": 0
    },
    ""currentCycle"": {
      ""label"": ""Sep 2026"",
      ""totalNet"": 1140,
      ""lines"": [
        {
          ""id"": ""cm_1"",
          ""policyNo"": ""POL-2026-00001"",
          ""productInsurer"": ""Motor · Malayan"",
          ""cycle"": ""Sep 2026"",
          ""comsub"": 1200,
          ""comsubRateLabel"": ""8%"",
          ""wht"": 60,
          ""net"": 1140,
          ""status"": ""Eligible"",
          ""lifecycle"": {
            ""accruedAt"": ""02 Sep"",
            ""eligibleAt"": ""10 Sep"",
            ""approvedAt"": null,
            ""paidAt"": null
          }
        }
      ]
    },
    ""futureCycles"": {
      ""totalNet"": 0,
      ""lines"": []
    },
    ""past"": {
      ""totalNet"": 0,
      ""lines"": []
    },
    ""actions"": {
      ""approveCount"": 1,
      ""generatePayoutCount"": 0,
      ""markEligibleCount"": 0
    }
  }
}"
132,Commission,POST,/api/commission/referrer-accounts/:id/pay-lines,Pay selected Approved lines on one voucher (maker-checker vs approver),Commission > Agents/Referrer Accounts,Bearer JWT,write:commission,"{
  ""lineIds"": [
    ""cm_1""
  ]
}","{
  ""success"": true,
  ""data"": {
    ""referrer"": {
      ""id"": ""ref-dcruz"",
      ""name"": ""Juan Dela Cruz"",
      ""type"": ""Agent"",
      ""level"": ""L1"",
      ""whtApplicable"": true
    },
    ""summary"": {
      ""cycleLabel"": ""Sep 2026"",
      ""dueThisCycle"": 1140,
      ""upcoming"": 0,
      ""paidToDate"": 0
    },
    ""currentCycle"": {
      ""label"": ""Sep 2026"",
      ""totalNet"": 1140,
      ""lines"": [
        {
          ""id"": ""cm_1"",
          ""policyNo"": ""POL-2026-00001"",
          ""productInsurer"": ""Motor · Malayan"",
          ""cycle"": ""Sep 2026"",
          ""comsub"": 1200,
          ""comsubRateLabel"": ""8%"",
          ""wht"": 60,
          ""net"": 1140,
          ""status"": ""Eligible"",
          ""lifecycle"": {
            ""accruedAt"": ""02 Sep"",
            ""eligibleAt"": ""10 Sep"",
            ""approvedAt"": null,
            ""paidAt"": null
          }
        }
      ]
    },
    ""futureCycles"": {
      ""totalNet"": 0,
      ""lines"": []
    },
    ""past"": {
      ""totalNet"": 0,
      ""lines"": []
    },
    ""actions"": {
      ""approveCount"": 1,
      ""generatePayoutCount"": 0,
      ""markEligibleCount"": 0
    }
  }
}"
133,Commission,POST,/api/commission/referrer-accounts/:id/wht,Toggle withholding tax for a referrer (recomputes unpaid lines),Commission > Agents/Referrer Accounts,Bearer JWT,write:commission,"{
  ""whtApplicable"": false
}","{
  ""success"": true,
  ""data"": {
    ""referrer"": {
      ""id"": ""ref-dcruz"",
      ""name"": ""Juan Dela Cruz"",
      ""type"": ""Agent"",
      ""level"": ""L1"",
      ""whtApplicable"": true
    },
    ""summary"": {
      ""cycleLabel"": ""Sep 2026"",
      ""dueThisCycle"": 1140,
      ""upcoming"": 0,
      ""paidToDate"": 0
    },
    ""currentCycle"": {
      ""label"": ""Sep 2026"",
      ""totalNet"": 1140,
      ""lines"": [
        {
          ""id"": ""cm_1"",
          ""policyNo"": ""POL-2026-00001"",
          ""productInsurer"": ""Motor · Malayan"",
          ""cycle"": ""Sep 2026"",
          ""comsub"": 1200,
          ""comsubRateLabel"": ""8%"",
          ""wht"": 60,
          ""net"": 1140,
          ""status"": ""Eligible"",
          ""lifecycle"": {
            ""accruedAt"": ""02 Sep"",
            ""eligibleAt"": ""10 Sep"",
            ""approvedAt"": null,
            ""paidAt"": null
          }
        }
      ]
    },
    ""futureCycles"": {
      ""totalNet"": 0,
      ""lines"": []
    },
    ""past"": {
      ""totalNet"": 0,
      ""lines"": []
    },
    ""actions"": {
      ""approveCount"": 1,
      ""generatePayoutCount"": 0,
      ""markEligibleCount"": 0
    }
  }
}"
134,Commission Rate Matrix,GET,/api/commission-rates,"Commission rate matrix rows (filters: insuranceCompanyId, productId, lineOfBusiness, policyType, active, search)",Master > Finance > Commission Rate Matrix,Bearer JWT,"read:masters, write:masters, read:commission",Query: ?insuranceCompanyId=3&active=true,"{
  ""success"": true,
  ""data"": [
    {
      ""id"": 1,
      ""insuranceCompanyId"": 3,
      ""insurerName"": ""Malayan Insurance Co., Inc."",
      ""productId"": 1,
      ""productName"": ""Motor Car"",
      ""lineOfBusiness"": null,
      ""policyType"": ""new"",
      ""rate"": 0.175,
      ""ratePercent"": 17.5,
      ""effectiveFrom"": ""2026-01-01"",
      ""effectiveTo"": null,
      ""active"": true,
      ""level"": ""insurer + product""
    }
  ]
}"
135,Commission Rate Matrix,POST,/api/commission-rates,"Add a commission rate (insurer, product and / or line of business; no overlap with an active row of the same keys)",Master > Finance > Commission Rate Matrix,Bearer JWT,write:masters,"{
  ""insuranceCompanyId"": 3,
  ""productId"": 1,
  ""policyType"": ""new"",
  ""rate"": 0.175,
  ""effectiveFrom"": ""2026-01-01""
}","{
  ""success"": true,
  ""data"": {
    ""id"": 1,
    ""insuranceCompanyId"": 3,
    ""insurerName"": ""Malayan Insurance Co., Inc."",
    ""productId"": 1,
    ""productName"": ""Motor Car"",
    ""lineOfBusiness"": null,
    ""policyType"": ""new"",
    ""rate"": 0.175,
    ""ratePercent"": 17.5,
    ""effectiveFrom"": ""2026-01-01"",
    ""effectiveTo"": null,
    ""active"": true,
    ""level"": ""insurer + product""
  }
}"
136,Commission Rate Matrix,GET,/api/commission-rates/:id,One commission rate row,Master > Finance > Commission Rate Matrix,Bearer JWT,"read:masters, write:masters, read:commission",,"{
  ""success"": true,
  ""data"": {
    ""id"": 1,
    ""insuranceCompanyId"": 3,
    ""insurerName"": ""Malayan Insurance Co., Inc."",
    ""productId"": 1,
    ""productName"": ""Motor Car"",
    ""lineOfBusiness"": null,
    ""policyType"": ""new"",
    ""rate"": 0.175,
    ""ratePercent"": 17.5,
    ""effectiveFrom"": ""2026-01-01"",
    ""effectiveTo"": null,
    ""active"": true,
    ""level"": ""insurer + product""
  }
}"
137,Commission Rate Matrix,PUT,/api/commission-rates/:id,Update a commission rate (same overlap rule),Master > Finance > Commission Rate Matrix,Bearer JWT,write:masters,"{
  ""rate"": 0.18,
  ""effectiveTo"": ""2026-12-31""
}","{
  ""success"": true,
  ""data"": {
    ""id"": 1,
    ""insuranceCompanyId"": 3,
    ""insurerName"": ""Malayan Insurance Co., Inc."",
    ""productId"": 1,
    ""productName"": ""Motor Car"",
    ""lineOfBusiness"": null,
    ""policyType"": ""new"",
    ""rate"": 0.175,
    ""ratePercent"": 17.5,
    ""effectiveFrom"": ""2026-01-01"",
    ""effectiveTo"": null,
    ""active"": true,
    ""level"": ""insurer + product""
  }
}"
138,Commission Rate Matrix,DELETE,/api/commission-rates/:id,Delete a commission rate row,Master > Finance > Commission Rate Matrix,Bearer JWT,write:masters,,"{
  ""success"": true,
  ""data"": {
    ""id"": 1,
    ""insuranceCompanyId"": 3,
    ""insurerName"": ""Malayan Insurance Co., Inc."",
    ""productId"": 1,
    ""productName"": ""Motor Car"",
    ""lineOfBusiness"": null,
    ""policyType"": ""new"",
    ""rate"": 0.175,
    ""ratePercent"": 17.5,
    ""effectiveFrom"": ""2026-01-01"",
    ""effectiveTo"": null,
    ""active"": true,
    ""level"": ""insurer + product""
  }
}"
139,Commission Rate Matrix,GET,/api/commission-rates/credit-terms/:insurerId,"Insurer credit terms with fallbacks: premium payment warranty days, remittance terms days, default billing mode",Master > Generals > Insurance Company,Bearer JWT,"read:masters, write:masters, read:commission",,"{
  ""success"": true,
  ""data"": {
    ""premiumWarrantyDays"": 30,
    ""remittanceTermsDays"": 30,
    ""billingMode"": ""broker"",
    ""source"": {
      ""premiumWarrantyDays"": ""setting"",
      ""remittanceTermsDays"": ""setting"",
      ""billingMode"": ""setting""
    }
  }
}"
140,Commission Rate Matrix,GET,/api/commission-rates/resolve,"Test rate: the commission rate that applies to an insurer / product / line of business / policy type on a date, and where it comes from",Master > Finance > Commission Rate Matrix > Test rate,Bearer JWT,"read:masters, write:masters, read:commission",Query: ?insurerId=3&productId=1&lob=motor&policyType=new&date=2026-09-29,"{
  ""success"": true,
  ""data"": {
    ""rate"": 0.175,
    ""source"": ""matrix"",
    ""ruleId"": 1,
    ""level"": ""insurer + product""
  }
}"
141,Dashboards,GET,/api/agent/get-dashboard-details,"Agent home: own funnel, premium this month, renewals due, recent quotations, commission (scope=all for managers)",Dashboard > Agent Dashboard,Bearer JWT,"read:leads, read:quotations, read:policies",Query: ?scope=mine,"{
  ""success"": true,
  ""data"": {
    ""funnel"": {
      ""leads"": 16,
      ""quotations"": 14,
      ""policies"": 8
    },
    ""premiumThisMonth"": 125000,
    ""renewalsDueIn60Days"": 3,
    ""recentQuotations"": [],
    ""expiringPolicies"": []
  }
}"
142,Dashboards,GET,/api/dashboard/claims,"Claims KPIs: counts and estimates by status, settled amount, average days to settle",Dashboard > Claims Dashboard,Bearer JWT,read:claims,,"{
  ""success"": true,
  ""data"": {
    ""totalClaims"": 5,
    ""settledAmount"": 85000,
    ""claimsByStatus"": [
      {
        ""status"": ""registered"",
        ""count"": 2
      }
    ]
  }
}"
143,Dashboards,GET,/api/dashboard/executive,"Executive KPIs (premium, policies in force, new business, claims ratio, retention), premium by product, monthly trend, regions, products, agents",Dashboard > Executive Dashboard,Bearer JWT,read:reports,Query: ?period=month,"{
  ""success"": true,
  ""data"": {
    ""executiveKPIs"": {
      ""totalRevenue"": {
        ""value"": 125000,
        ""change"": 12.5,
        ""trend"": ""up""
      }
    },
    ""revenueByProduct"": {
      ""labels"": [
        ""Motor""
      ],
      ""data"": [
        125000
      ]
    },
    ""monthlyTrend"": {
      ""labels"": [
        ""Sep""
      ],
      ""premium"": [
        125000
      ]
    }
  }
}"
144,Dashboards,GET,/api/dashboard/sales,"Sales funnel: leads by status, quotations by status, conversion rates, premium by product and month (always own book for scoped roles)",Dashboard > Sales,Bearer JWT,"read:leads, read:quotations",Query: ?scope=mine,"{
  ""success"": true,
  ""data"": {
    ""funnel"": {
      ""leads"": 16,
      ""quotations"": 14,
      ""policies"": 8,
      ""leadToPolicyRate"": 50
    },
    ""leadsByStatus"": [
      {
        ""status"": ""New"",
        ""count"": 4
      }
    ]
  }
}"
145,Dashboards,GET,/api/dashboard/underwriting,"Underwriting workbench: submissions, cycle time, data-quality alerts, cases awaiting decision, volume by LOB",Dashboard > Underwriting Dashboard,Bearer JWT,read:quotations,,"{
  ""success"": true,
  ""data"": {
    ""workbenchMetrics"": {
      ""newSubmissions"": 3,
      ""olderSubmissions"": 1,
      ""avgCycleTime"": ""26 Hours"",
      ""openAlerts"": {
        ""totalAlerts"": 0
      }
    },
    ""myCases"": []
  }
}"
146,Disbursements,GET,/api/disbursements,"Payment vouchers (paging; filter customerCode, voucherNumber, transactionNumber, fromDate, toDate, status, payeeType, referrerId, search)",Accounts > Disbursement (Payment Voucher),Bearer JWT,read:disbursements,Query: ?page=1&pageSize=10&customerCode=CL-2026-00001&fromDate=2026-09-01&toDate=2026-09-30,"{
  ""success"": true,
  ""data"": [
    {
      ""disbursementId"": ""pv_1"",
      ""voucherNumber"": ""PV-2026-00001"",
      ""transactionNumber"": ""DT-2026-00001"",
      ""voucherDate"": ""2026-09-28"",
      ""payeeType"": ""Insurer"",
      ""payeeName"": ""Malayan Insurance Co., Inc."",
      ""customerCode"": ""CL-2026-00001"",
      ""insurerName"": ""Malayan Insurance Co., Inc."",
      ""policyNumber"": ""POL-2026-00001"",
      ""amount"": 12500,
      ""status"": ""draft""
    }
  ],
  ""pagination"": {
    ""page"": 1,
    ""pageSize"": 10,
    ""total"": 1,
    ""totalPages"": 1
  }
}"
147,Disbursements,POST,/api/disbursements,Create a payment voucher (draft),Accounts > Disbursement (Payment Voucher) > Create Voucher,Bearer JWT,write:disbursements,"{
  ""voucherDate"": ""2026-09-28"",
  ""departmentCode"": ""FI"",
  ""branchCode"": ""PHP"",
  ""payeeType"": ""Insurer"",
  ""criteria"": ""Specific"",
  ""customerCode"": ""CL-2026-00001"",
  ""insurerName"": ""Malayan Insurance Co., Inc."",
  ""transactionCode"": ""REMT"",
  ""instrumentCurrency"": ""PHP"",
  ""amount"": ""0.00""
}","{
  ""success"": true,
  ""data"": {
    ""disbursementId"": ""pv_1"",
    ""voucherNumber"": ""PV-2026-00001"",
    ""transactionNumber"": ""DT-2026-00001"",
    ""voucherDate"": ""2026-09-28"",
    ""payeeType"": ""Insurer"",
    ""payeeName"": ""Malayan Insurance Co., Inc."",
    ""customerCode"": ""CL-2026-00001"",
    ""insurerName"": ""Malayan Insurance Co., Inc."",
    ""policyNumber"": ""POL-2026-00001"",
    ""amount"": 12500,
    ""status"": ""draft""
  }
}"
148,Disbursements,GET,/api/disbursements/:id,"Voucher with invoice list, cheques and (agent payouts) commission lines",Accounts > Disbursement (Payment Voucher) > Detail view,Bearer JWT,read:disbursements,,"{
  ""success"": true,
  ""data"": {
    ""disbursementId"": ""pv_1"",
    ""voucherNumber"": ""PV-2026-00001"",
    ""transactionNumber"": ""DT-2026-00001"",
    ""voucherDate"": ""2026-09-28"",
    ""payeeType"": ""Insurer"",
    ""payeeName"": ""Malayan Insurance Co., Inc."",
    ""customerCode"": ""CL-2026-00001"",
    ""insurerName"": ""Malayan Insurance Co., Inc."",
    ""policyNumber"": ""POL-2026-00001"",
    ""amount"": 12500,
    ""status"": ""draft"",
    ""invoiceList"": [
      {
        ""invoiceListId"": ""il_1"",
        ""invoiceNumber"": ""IL-2026-00001"",
        ""customerCode"": ""CL-2026-00001"",
        ""payables"": 12500,
        ""outstanding"": 0,
        ""fcAmount"": 0,
        ""lcAmount"": 12500,
        ""excess"": 0,
        ""balAmount"": 0,
        ""vat"": 1339.29,
        ""wht"": 0,
        ""totalAmount"": 12500,
        ""bankCode"": ""BDO"",
        ""isInvoicePaid"": true,
        ""status"": ""open"",
        ""checkbooks"": []
      }
    ]
  }
}"
149,Disbursements,PUT,/api/disbursements/:id,"Update a voucher (amount, header fields, draft / for-approval / cancelled)",Accounts > Disbursement (Payment Voucher) > Bank detail selection,Bearer JWT,write:disbursements,"{
  ""amount"": ""12500.00""
}","{
  ""success"": true,
  ""data"": {
    ""disbursementId"": ""pv_1"",
    ""voucherNumber"": ""PV-2026-00001"",
    ""transactionNumber"": ""DT-2026-00001"",
    ""voucherDate"": ""2026-09-28"",
    ""payeeType"": ""Insurer"",
    ""payeeName"": ""Malayan Insurance Co., Inc."",
    ""customerCode"": ""CL-2026-00001"",
    ""insurerName"": ""Malayan Insurance Co., Inc."",
    ""policyNumber"": ""POL-2026-00001"",
    ""amount"": 12500,
    ""status"": ""draft""
  }
}"
150,Disbursements,POST,/api/disbursements/:id/approve-agent-payout,Checker approves an agent payout: pays the selected Approved lines (Dr Commission Payable / Cr Cash / Cr WHT),Accounts > Disbursement (Payment Voucher) > Bank detail selection (Agent/Referrer),Bearer JWT,write:disbursements,"{
  ""lineIds"": [
    ""cm_1"",
    ""cm_2""
  ]
}","{
  ""success"": true,
  ""data"": {
    ""disbursementId"": ""pv_1"",
    ""voucherNumber"": ""PV-2026-00002"",
    ""amount"": 2280,
    ""grossAmount"": 2400,
    ""whtAmount"": 120,
    ""status"": ""paid""
  }
}"
151,Disbursements,GET,/api/disbursements/agent-invoice-lines,Approved commission lines of a referrer as invoice-list rows,Accounts > Disbursement (Payment Voucher) > Specific voucher (Agent/Referrer),Bearer JWT,read:disbursements,Query: ?referrerId=ref-dcruz,"{
  ""success"": true,
  ""data"": {
    ""referrer"": {
      ""id"": ""ref-dcruz"",
      ""name"": ""Juan Dela Cruz""
    },
    ""invoiceList"": [
      {
        ""commissionLineId"": ""cm_1"",
        ""policyNumber"": ""POL-2026-00001"",
        ""comsub"": 1200,
        ""wht"": 60,
        ""totalAmount"": 1140
      }
    ]
  }
}"
152,Disbursements,POST,/api/disbursements/bulk-agent-disburse,One payout voucher (for approval) per selected referrer with Approved lines,Accounts > Disbursement (Payment Voucher) > Bulk Disburse,Bearer JWT,write:disbursements,"{
  ""referrerIds"": [
    ""ref-dcruz""
  ],
  ""transactionCode"": ""COMSUB"",
  ""instrumentCurrency"": ""PHP""
}","{
  ""success"": true,
  ""data"": {
    ""vouchers"": [
      {
        ""referrerId"": ""ref-dcruz"",
        ""disbursementId"": ""pv_1"",
        ""voucherNumber"": ""PV-2026-00002"",
        ""amount"": 2280
      }
    ],
    ""errors"": []
  }
}"
153,Disbursements,POST,/api/disbursements/bulk-upload,"Bulk create vouchers from an .xlsx / .csv file (multipart field ""file"")",Accounts > Disbursement (Payment Voucher) > Bulk upload,Bearer JWT,write:disbursements,"{
  ""file"": ""(xlsx) columns: voucherDate, payeeType, customerCode, insurerName, policyNumber, referrerId, amount, transactionCode, transactionDescription, remarks""
}","{
  ""success"": true,
  ""data"": {
    ""message"": ""2 of 2 rows imported"",
    ""total"": 2,
    ""created"": 2,
    ""failed"": 0,
    ""errors"": []
  }
}"
154,Disbursements,POST,/api/disbursements/checkbook,Issue a cheque (checkbook entry) for an invoice-list row,Accounts > Disbursement (Payment Voucher) > Specific voucher,Bearer JWT,write:disbursements,"{
  ""customerCode"": ""CL-2026-00001"",
  ""customerName"": ""Maria Santos"",
  ""mainAccount"": ""1102001"",
  ""instrumentBookId"": ""BDO-CB-01"",
  ""instrumentNo"": ""000123"",
  ""instrumentDate"": ""2026-09-28"",
  ""totaleAmount"": ""12500"",
  ""status"": ""Pending"",
  ""invoiceListRefId"": ""il_1""
}","{
  ""success"": true,
  ""data"": {
    ""checkbookId"": ""chk_1"",
    ""invoiceListRefId"": ""il_1"",
    ""customerCode"": ""CL-2026-00001"",
    ""customerName"": ""Maria Santos"",
    ""mainAccount"": ""1102001"",
    ""instrumentBookId"": ""BDO-CB-01"",
    ""instrumentNo"": ""000123"",
    ""instrumentDate"": ""2026-09-28"",
    ""totaleAmount"": 12500,
    ""status"": ""Pending""
  }
}"
155,Disbursements,PUT,/api/disbursements/checkbook/:id,Cheque status: Pending -> Approved (maker-checker; posts payment journal) -> Printed (voucher paid) or Cancelled,Accounts > Disbursement (Payment Voucher) > Bank detail selection,Bearer JWT,write:disbursements,"{
  ""status"": ""Approved"",
  ""totaleAmount"": ""12500""
}","{
  ""success"": true,
  ""data"": {
    ""checkbookId"": ""chk_1"",
    ""invoiceListRefId"": ""il_1"",
    ""customerCode"": ""CL-2026-00001"",
    ""customerName"": ""Maria Santos"",
    ""mainAccount"": ""1102001"",
    ""instrumentBookId"": ""BDO-CB-01"",
    ""instrumentNo"": ""000123"",
    ""instrumentDate"": ""2026-09-28"",
    ""totaleAmount"": 12500,
    ""status"": ""Approved""
  }
}"
156,Disbursements,POST,/api/disbursements/insurer-remittance,Build an insurer remittance voucher from collected premium not yet remitted (net of commission),Accounts > Disbursement (Payment Voucher) > Create Voucher (Insurer),Bearer JWT,write:disbursements,"{
  ""insurerName"": ""Malayan Insurance Co., Inc."",
  ""fromDate"": ""2026-09-01"",
  ""toDate"": ""2026-09-30""
}","{
  ""success"": true,
  ""data"": {
    ""disbursementId"": ""pv_1"",
    ""voucherNumber"": ""PV-2026-00001"",
    ""transactionNumber"": ""DT-2026-00001"",
    ""voucherDate"": ""2026-09-28"",
    ""payeeType"": ""Insurer"",
    ""payeeName"": ""Malayan Insurance Co., Inc."",
    ""customerCode"": ""CL-2026-00001"",
    ""insurerName"": ""Malayan Insurance Co., Inc."",
    ""policyNumber"": ""POL-2026-00001"",
    ""amount"": 12500,
    ""status"": ""draft"",
    ""invoiceList"": [
      {
        ""invoiceListId"": ""il_1"",
        ""invoiceNumber"": ""IL-2026-00001"",
        ""customerCode"": ""CL-2026-00001"",
        ""payables"": 12500,
        ""outstanding"": 0,
        ""fcAmount"": 0,
        ""lcAmount"": 12500,
        ""excess"": 0,
        ""balAmount"": 0,
        ""vat"": 1339.29,
        ""wht"": 0,
        ""totalAmount"": 12500,
        ""bankCode"": ""BDO"",
        ""isInvoicePaid"": true,
        ""status"": ""open"",
        ""checkbooks"": []
      }
    ]
  }
}"
157,Disbursements,GET,/api/disbursements/invoice-list,"Invoice-list rows (payables) with cheques; filter customerCode, status, disbursementId, payeeType",Accounts > Disbursement (Payment Voucher) > Specific voucher,Bearer JWT,read:disbursements,Query: ?page=1&pageSize=10&customerCode=CL-2026-00001,"{
  ""success"": true,
  ""data"": [
    {
      ""invoiceListId"": ""il_1"",
      ""invoiceNumber"": ""IL-2026-00001"",
      ""customerCode"": ""CL-2026-00001"",
      ""payables"": 12500,
      ""outstanding"": 0,
      ""fcAmount"": 0,
      ""lcAmount"": 12500,
      ""excess"": 0,
      ""balAmount"": 0,
      ""vat"": 1339.29,
      ""wht"": 0,
      ""totalAmount"": 12500,
      ""bankCode"": ""BDO"",
      ""isInvoicePaid"": true,
      ""status"": ""open"",
      ""checkbooks"": []
    }
  ],
  ""pagination"": {
    ""page"": 1,
    ""pageSize"": 10,
    ""total"": 1,
    ""totalPages"": 1
  }
}"
158,Disbursements,POST,/api/disbursements/invoice-list,"Record a payable (e.g. premium collected to remit, refund due) for a customer",Accounts > Receipts > Add receipt (approve); Endorsement payment,Bearer JWT,"write:disbursements, write:receipts, write:endorsements","{
  ""customerCode"": ""CL-2026-00001"",
  ""payables"": ""12500.00"",
  ""outstanding"": ""0.00"",
  ""fcAmount"": ""0.00"",
  ""lcAmount"": ""12500.00"",
  ""excess"": ""0.00"",
  ""balAmount"": ""0.00"",
  ""vat"": ""1339.29"",
  ""wht"": ""0.00"",
  ""totalAmount"": ""12500.00"",
  ""bankCode"": ""BDO"",
  ""bankAmount"": ""12500.00"",
  ""isInvoicePaid"": true
}","{
  ""success"": true,
  ""data"": {
    ""invoiceListId"": ""il_1"",
    ""invoiceNumber"": ""IL-2026-00001"",
    ""customerCode"": ""CL-2026-00001"",
    ""payables"": 12500,
    ""outstanding"": 0,
    ""fcAmount"": 0,
    ""lcAmount"": 12500,
    ""excess"": 0,
    ""balAmount"": 0,
    ""vat"": 1339.29,
    ""wht"": 0,
    ""totalAmount"": 12500,
    ""bankCode"": ""BDO"",
    ""isInvoicePaid"": true,
    ""status"": ""open"",
    ""checkbooks"": []
  }
}"
159,Disbursements,GET,/api/disbursements/invoice-list/:id,One invoice-list row with its cheques,Accounts > Disbursement (Payment Voucher) > Bank detail selection,Bearer JWT,read:disbursements,,"{
  ""success"": true,
  ""data"": {
    ""invoiceListId"": ""il_1"",
    ""invoiceNumber"": ""IL-2026-00001"",
    ""customerCode"": ""CL-2026-00001"",
    ""payables"": 12500,
    ""outstanding"": 0,
    ""fcAmount"": 0,
    ""lcAmount"": 12500,
    ""excess"": 0,
    ""balAmount"": 0,
    ""vat"": 1339.29,
    ""wht"": 0,
    ""totalAmount"": 12500,
    ""bankCode"": ""BDO"",
    ""isInvoicePaid"": true,
    ""status"": ""open"",
    ""checkbooks"": []
  }
}"
160,Disbursements,GET,/api/disbursements/printDisbursement,Print vouchers for a customer-code and date range (PDF download URL),Accounts > Disbursement (Payment Voucher) > Bulk print,Bearer JWT,read:disbursements,Query: ?customerCodeFrom=CL-2026-00001&customerCodeTo=CL-2026-00099&createdAtFrom=2026-09-01&createdAtTo=2026-09-30,"{
  ""success"": true,
  ""message"": ""Disbursements exported"",
  ""data"": {
    ""url"": ""http://host/api/s3/object/print/…pdf?exp=1767225600&sig=..."",
    ""filename"": ""disbursements.pdf"",
    ""count"": 3
  }
}"
161,Document Numbering,GET,/api/document-numbering,"Document series with the current counter and a preview of the next number (filters: module, search, active)",Master > Document Numbering,Bearer JWT,"read:settings, write:settings",Query: ?module=finance&search=receipt&active=true,"{
  ""success"": true,
  ""data"": [
    {
      ""code"": ""policy"",
      ""name"": ""Policy"",
      ""module"": ""policy"",
      ""prefix"": ""POL"",
      ""pattern"": ""{PREFIX}-{YYYY}-{SEQ}"",
      ""seqWidth"": 5,
      ""resetRule"": ""yearly"",
      ""startNumber"": 1,
      ""active"": true,
      ""periodKey"": ""2026"",
      ""currentValue"": 41,
      ""nextNumber"": 42,
      ""nextPreview"": ""POL-2026-00042""
    }
  ],
  ""modules"": [
    {
      ""module"": ""policy"",
      ""count"": 5
    }
  ],
  ""tokens"": [
    ""{PREFIX}"",
    ""{YYYY}"",
    ""{YY}"",
    ""{MM}"",
    ""{FY}"",
    ""{BRANCH}"",
    ""{LOB}"",
    ""{SEQ}""
  ],
  ""resetRules"": [
    ""yearly"",
    ""fiscal_yearly"",
    ""monthly"",
    ""never""
  ]
}"
162,Document Numbering,GET,/api/document-numbering/:code,One document series,Master > Document Numbering,Bearer JWT,"read:settings, write:settings",,"{
  ""success"": true,
  ""data"": {
    ""code"": ""policy"",
    ""name"": ""Policy"",
    ""module"": ""policy"",
    ""prefix"": ""POL"",
    ""pattern"": ""{PREFIX}-{YYYY}-{SEQ}"",
    ""seqWidth"": 5,
    ""resetRule"": ""yearly"",
    ""startNumber"": 1,
    ""active"": true,
    ""periodKey"": ""2026"",
    ""currentValue"": 41,
    ""nextNumber"": 42,
    ""nextPreview"": ""POL-2026-00042""
  }
}"
163,Document Numbering,PUT,/api/document-numbering/:code,"Update a series (name, module, prefix, pattern, seqWidth, resetRule, startNumber, active, description); prefixes are unique across active series",Master > Document Numbering > Edit,Bearer JWT,write:settings,"{
  ""prefix"": ""POL"",
  ""pattern"": ""{PREFIX}-{YYYY}-{SEQ}"",
  ""seqWidth"": 6,
  ""resetRule"": ""yearly""
}","{
  ""success"": true,
  ""data"": {
    ""code"": ""policy"",
    ""name"": ""Policy"",
    ""module"": ""policy"",
    ""prefix"": ""POL"",
    ""pattern"": ""{PREFIX}-{YYYY}-{SEQ}"",
    ""seqWidth"": 5,
    ""resetRule"": ""yearly"",
    ""startNumber"": 1,
    ""active"": true,
    ""periodKey"": ""2026"",
    ""currentValue"": 41,
    ""nextNumber"": 42,
    ""nextPreview"": ""POL-2026-00042""
  }
}"
164,Document Numbering,PUT,/api/document-numbering/:code/next-number,Set the next number of the current period; forward only (never at or below a number already issued),Master > Document Numbering > Set next number,Bearer JWT,write:settings,"{
  ""nextNumber"": 1001
}","{
  ""success"": true,
  ""data"": {
    ""code"": ""policy"",
    ""name"": ""Policy"",
    ""module"": ""policy"",
    ""prefix"": ""POL"",
    ""pattern"": ""{PREFIX}-{YYYY}-{SEQ}"",
    ""seqWidth"": 5,
    ""resetRule"": ""yearly"",
    ""startNumber"": 1,
    ""active"": true,
    ""periodKey"": ""2026"",
    ""currentValue"": 41,
    ""nextNumber"": 1001,
    ""nextPreview"": ""POL-2026-01001""
  }
}"
165,Document Numbering,GET,/api/document-numbering/:code/preview,"Preview the next number; unsaved pattern, prefix, seqWidth, resetRule, startNumber, branch, lob and date may be given",Master > Document Numbering > Edit,Bearer JWT,"read:settings, write:settings",Query: ?pattern=%7BPREFIX%7D-%7BBRANCH%7D-%7BYY%7D%7BMM%7D-%7BSEQ%7D&prefix=POL&seqWidth=6&resetRule=monthly&branch=MKT,"{
  ""success"": true,
  ""data"": {
    ""valid"": true,
    ""errors"": [],
    ""preview"": ""POL-MKT-2609-000001"",
    ""periodKey"": ""2026-09"",
    ""currentValue"": 0,
    ""nextNumber"": 1
  }
}"
166,Documents,GET,/api/document-templates/policy-schedule-fire/:id,Fire / IAR policy schedule PDF,Operations > Policy > Policy detail > Policy schedule,Bearer JWT,read:policies,,application/pdf
167,Documents,GET,/api/document-templates/policy-schedule/:id,Motor policy schedule PDF,Operations > Policy > Policy detail > Policy schedule,Bearer JWT,read:policies,,application/pdf
168,Documents,GET,/api/document-templates/quote-template-fire/:id,Fire / IAR quotation PDF,Operations > Quotation > Quote detail > Share > Download,Bearer JWT,read:quotations,,application/pdf
169,Documents,GET,/api/document-templates/quote-template/:id,Motor quotation PDF,Operations > Quotation > Quote detail > Share > Download,Bearer JWT,read:quotations,,application/pdf
170,Documents,GET,/api/document-templates/receipt/:id,"Official receipt PDF (optionally only some lines: lineIds=a,b)",Accounts > Receipts > Print,Bearer JWT,"read:receipts, read:policies",Query: ?lineIds=rl_1%2Crl_2,application/pdf
171,E-mail,POST,/api/quotations/email/generate,"Generate e-mail content (subject, preview, html, text) for a quote from the configured template",Operations > Quotation > Quote detail > Share,Bearer JWT,write:quotations,"{
  ""template"": ""custom"",
  ""context"": {
    ""quotationNumber"": ""QT-2026-00001"",
    ""productType"": ""Motor"",
    ""grossPremium"": 23171.25,
    ""customMessage"": ""Please review""
  },
  ""recipient"": {
    ""email"": ""juan@example.com"",
    ""name"": ""Juan""
  }
}","{
  ""success"": true,
  ""data"": {
    ""subject"": ""Your Motor quotation QT-2026-00001"",
    ""previewText"": ""..."",
    ""html"": ""<p>...</p>"",
    ""text"": ""...""
  }
}"
172,E-mail,POST,/api/quotations/email/send,Send an e-mail composed in the Share dialog,Operations > Quotation > Quote detail > Share,Bearer JWT,write:quotations,"{
  ""to"": ""juan@example.com"",
  ""subject"": ""Your quotation"",
  ""html"": ""<p>Hello</p>""
}","{
  ""success"": true,
  ""message"": ""E-mail queued"",
  ""data"": {
    ""emailId"": 1
  }
}"
173,E-mail,POST,/api/quotations/email/share-quote,E-mail a quotation to a recipient with the standard template,Operations > Quotation > Quote detail > Share,Bearer JWT,write:quotations,"{
  ""to"": ""juan@example.com"",
  ""quotationData"": {
    ""quotationId"": ""qt_1""
  },
  ""message"": ""Please review""
}","{
  ""success"": true,
  ""message"": ""Quote shared"",
  ""data"": {
    ""emailId"": 1
  }
}"
174,E-mail,POST,/api/quotations/email/share-quote-to-insurers,Send the quotation to selected insurers (contact e-mail from the insurance company master),Operations > Quotation > Quote detail > Share > Send to insurer,Bearer JWT,write:quotations,"{
  ""quotationId"": ""qt_1"",
  ""insuranceCompanies"": [
    ""Malayan Insurance Co., Inc."",
    ""SecureGuard Insurance""
  ]
}","{
  ""success"": true,
  ""data"": {
    ""sent"": [
      {
        ""insurer"": ""Malayan Insurance Co., Inc."",
        ""email"": ""uw@malayan.example""
      }
    ],
    ""failed"": []
  }
}"
175,Endorsements,GET,/api/endorsements/:id,Get one endorsement (by id or number),Operations > Policy > Endorsement > Detailed view,Bearer JWT,read:endorsements,,"{
  ""endorsementId"": ""end_1"",
  ""endorsementNumber"": ""END-2026-00001"",
  ""policyId"": ""pol_1"",
  ""policyNumber"": ""POL-2026-00001"",
  ""status"": ""Draft"",
  ""endorsementTypeIds"": [
    1
  ],
  ""premiumDelta"": 0,
  ""success"": true
}"
176,Endorsements,POST,/api/endorsements/complete-endorsement,"Complete the endorsement: apply changes and premium delta to the policy, bill a positive delta, notify the policy owner",Operations > Policy > Endorsement > Upload endorsement > Submit,Bearer JWT,write:endorsements,"{
  ""endorsementId"": ""end_1"",
  ""policyNumber"": ""POL-2026-00001"",
  ""endorsementNumber"": ""INS-END-778"",
  ""issuedDate"": ""2026-09-28"",
  ""expiryDate"": ""2027-09-28"",
  ""documentKey"": ""endorsement/abc.pdf""
}","{
  ""endorsementId"": ""end_1"",
  ""endorsementNumber"": ""END-2026-00001"",
  ""policyId"": ""pol_1"",
  ""policyNumber"": ""POL-2026-00001"",
  ""status"": ""Completed"",
  ""endorsementTypeIds"": [
    1
  ],
  ""premiumDelta"": 0,
  ""success"": true
}"
177,Endorsements,POST,/api/endorsements/create-endorsement,Create an endorsement (personal / motor / coverage / extension / cancellation; Fire payloads),Operations > Policy > Endorsement > Save,Bearer JWT,write:endorsements,"{
  ""policyId"": ""pol_1"",
  ""endorsementTypeIds"": [
    1,
    2
  ],
  ""personalDetails"": {
    ""FirstName"": ""Juan"",
    ""LastName"": ""Dela Cruz"",
    ""ContactNumber"": ""09179998888""
  },
  ""motorDetails"": {
    ""PlateNumber"": ""NEW 1234""
  }
}","{
  ""endorsementId"": ""end_1"",
  ""endorsementNumber"": ""END-2026-00001"",
  ""policyId"": ""pol_1"",
  ""policyNumber"": ""POL-2026-00001"",
  ""status"": ""Draft"",
  ""endorsementTypeIds"": [
    1
  ],
  ""premiumDelta"": 0,
  ""success"": true
}"
178,Endorsements,GET,/api/endorsements/get-All-Endorsements,"List endorsements (clientId, policyId, status, search; pageNo / perPage)",Operations > Clients > Client view > Endorsements,Bearer JWT,read:endorsements,Query: ?pageNo=1&perPage=50&clientId=cl_1,"{
  ""success"": true,
  ""data"": {
    ""items"": [
      {
        ""endorsementId"": ""end_1"",
        ""endorsementNumber"": ""END-2026-00001"",
        ""policyId"": ""pol_1"",
        ""policyNumber"": ""POL-2026-00001"",
        ""status"": ""Draft"",
        ""endorsementTypeIds"": [
          1
        ],
        ""premiumDelta"": 0
      }
    ],
    ""pagination"": {
      ""page"": 1,
      ""perPage"": 50,
      ""total"": 1,
      ""totalPages"": 1
    }
  }
}"
179,Endorsements,GET,/api/endorsements/get-endorsement/policy-id,Policy details with its endorsements (endorsement start screen),Operations > Policy > Endorsement > Personal details,Bearer JWT,read:endorsements,Query: ?policyId=pol_1,"{
  ""success"": true,
  ""data"": {
    ""policyId"": ""pol_1"",
    ""policyNumber"": ""POL-2026-00001"",
    ""endorsements"": [
      {
        ""endorsementId"": ""end_1"",
        ""endorsementNumber"": ""END-2026-00001"",
        ""policyId"": ""pol_1"",
        ""policyNumber"": ""POL-2026-00001"",
        ""status"": ""Draft"",
        ""endorsementTypeIds"": [
          1
        ],
        ""premiumDelta"": 0
      }
    ]
  }
}"
180,Endorsements,POST,/api/endorsements/initiate-cancel-policy/:id,Initiate policy cancellation (InitiateCancel),Operations > Policy > Endorsement > Summary,Bearer JWT,write:endorsements,"{
  ""sentBy"": ""agent""
}","{
  ""success"": true,
  ""message"": ""Endorsement sent"",
  ""endorsement"": {
    ""endorsementId"": ""end_1"",
    ""endorsementNumber"": ""END-2026-00001"",
    ""policyId"": ""pol_1"",
    ""policyNumber"": ""POL-2026-00001"",
    ""status"": ""InitiateCancel"",
    ""endorsementTypeIds"": [
      1
    ],
    ""premiumDelta"": 0
  }
}"
181,Endorsements,POST,/api/endorsements/send-endorsement-to-customer/:id,Send the endorsement to the customer (PendingCustomer),Operations > Policy > Endorsement > Summary,Bearer JWT,write:endorsements,"{
  ""sentBy"": ""agent""
}","{
  ""success"": true,
  ""message"": ""Endorsement sent"",
  ""endorsement"": {
    ""endorsementId"": ""end_1"",
    ""endorsementNumber"": ""END-2026-00001"",
    ""policyId"": ""pol_1"",
    ""policyNumber"": ""POL-2026-00001"",
    ""status"": ""PendingCustomer"",
    ""endorsementTypeIds"": [
      1
    ],
    ""premiumDelta"": 0
  }
}"
182,Endorsements,POST,/api/endorsements/upload-document,"Upload the endorsement document (multipart: file, endorsementId)",Operations > Policy > Endorsement > Upload endorsement,Bearer JWT,write:endorsements,multipart/form-data file + endorsementId,"{
  ""success"": true,
  ""data"": {
    ""documentKey"": ""endorsement/abc.pdf"",
    ""documentUrl"": ""http://host/api/s3/object/endorsement/abc.pdf""
  }
}"
183,Files (S3 API),DELETE,/api/s3/file/*,"Delete a stored file (uploader, module writer or administrator)",Document and photo viewers,Bearer JWT,Any authenticated user,,"{
  ""success"": true
}"
184,Files (S3 API),GET,/api/s3/file/*/exists,Check whether a stored file exists,Document and photo viewers,Bearer JWT,Any authenticated user,,"{
  ""success"": true,
  ""exists"": true
}"
185,Files (S3 API),GET,/api/s3/file/*/public-url,"Signed, expiring URL of a stored file",Document and photo viewers,Bearer JWT,Any authenticated user,,"{
  ""success"": true,
  ""url"": ""http://host/api/s3/object/x/1-a-photo.jpg?exp=1767225600&sig=...""
}"
186,Files (S3 API),GET,/api/s3/object/*,"Download a stored file: bearer header or signed link (?exp=&sig=, from any API response)",Document and photo viewers,Public,Public,Query: ?exp=1767225600&sig=%3Chmac%3E,(file)
187,Files (S3 API),GET,/api/s3/presigned-download-url/*,"Signed, expiring download URL for one stored file",Document and photo viewers,Bearer JWT,Any authenticated user,,"{
  ""success"": true,
  ""url"": ""http://host/api/s3/object/x/1-a-photo.jpg?exp=1767225600&sig=...""
}"
188,Files (S3 API),POST,/api/s3/presigned-download-urls,"Resolve stored file URLs or keys to signed, expiring download URLs",Document and photo viewers,Bearer JWT,Any authenticated user,"{
  ""urls"": [
    ""http://host/api/s3/object/vehicle-photos/1-a-photo.jpg""
  ]
}","{
  ""success"": true,
  ""data"": {
    ""http://host/api/s3/object/vehicle-photos/1-a-photo.jpg"": ""http://host/api/s3/object/vehicle-photos/1-a-photo.jpg?exp=1767225600&sig=...""
  }
}"
189,Files (S3 API),POST,/api/s3/presigned-upload-url,Reserve a key and return a URL to PUT the file to,Direct uploads,Bearer JWT,Any authenticated user,"{
  ""fileName"": ""photo.jpg"",
  ""fileType"": ""image/jpeg"",
  ""folder"": ""vehicle-photos""
}","{
  ""success"": true,
  ""url"": ""http://host/api/s3/put/vehicle-photos/1-a-photo.jpg"",
  ""key"": ""vehicle-photos/1-a-photo.jpg""
}"
190,Files (S3 API),PUT,/api/s3/put/*,"Upload target returned by presigned-upload-url (raw body); uploader, module writer or administrator; type checked",Direct uploads,Bearer JWT,Any authenticated user,<binary>,"{
  ""success"": true,
  ""data"": {
    ""key"": ""vehicle-photos/1-a-photo.jpg""
  }
}"
191,Files (S3 API),POST,/api/s3/upload,"Upload one file (multipart: file, folder); type checked against uploads.allowed_types","Every upload control (vehicle photos, policy documents, IDs)",Bearer JWT,Any authenticated user,"{
  ""file"": ""<binary>"",
  ""folder"": ""vehicle-photos""
}","{
  ""success"": true,
  ""data"": {
    ""url"": ""http://host/api/s3/object/vehicle-photos/123-abc-photo.jpg?exp=1767225600&sig=..."",
    ""key"": ""vehicle-photos/123-abc-photo.jpg""
  }
}"
192,Files (S3 API),POST,/api/s3/upload-multiple,"Upload several files (multipart: files[], folder); every file is type checked",Multi-file upload controls,Bearer JWT,Any authenticated user,"{
  ""files"": [
    ""<binary>""
  ],
  ""folder"": ""claims""
}","{
  ""success"": true,
  ""files"": [
    {
      ""url"": ""http://host/api/s3/object/claims/1-a-x.pdf?exp=1767225600&sig=..."",
      ""key"": ""claims/1-a-x.pdf""
    }
  ]
}"
193,Files (S3 API),GET,/api/s3/upload/file/*,Download a stored file (older link form of /s3/object),Receipts / disbursements print,Public,Public,Query: ?exp=1767225600&sig=%3Chmac%3E,(file)
194,Incentive,GET,/api/incentive/agent-programs,Every eligible agent with program progress,Accounts > Incentive > My Programs (managers),Bearer JWT,"read:incentive, write:incentive",,"{
  ""success"": true,
  ""data"": [
    {
      ""agentId"": ""usr_1"",
      ""agentName"": ""Juan Dela Cruz"",
      ""assignedPrograms"": []
    }
  ]
}"
195,Incentive,GET,/api/incentive/agents,Agents eligible for incentives (roles from configuration),Accounts > Incentive > Reports; Accounts > Incentive > Statement,Bearer JWT,"read:incentive, write:incentive",,"{
  ""success"": true,
  ""data"": [
    {
      ""id"": ""usr_1"",
      ""name"": ""Juan Dela Cruz"",
      ""code"": ""AG001"",
      ""branch"": ""Head Office""
    }
  ]
}"
196,Incentive,GET,/api/incentive/approvals,Approval board: all batches with waiting days and a summary,Accounts > Incentive > Approvals,Bearer JWT,"read:incentive, write:incentive",,"{
  ""success"": true,
  ""data"": {
    ""approvals"": [
      {
        ""batchId"": ""CALC-2026-00001"",
        ""period"": ""August 2026"",
        ""calculationDate"": ""2026-09-01"",
        ""programsIncluded"": [
          ""INC-2026-002""
        ],
        ""totalAmount"": 61500,
        ""agentCount"": 3,
        ""status"": ""Pending Approval"",
        ""details"": [
          {
            ""agentName"": ""Juan Dela Cruz"",
            ""program"": ""New Business Champion"",
            ""target"": 20,
            ""achieved"": 18,
            ""achievementPercent"": 90,
            ""baseIncentive"": 13500,
            ""adjustments"": 0,
            ""finalAmount"": 13500,
            ""status"": ""Calculated""
          }
        ]
      }
    ],
    ""summary"": {
      ""pending"": 1,
      ""pendingAmount"": 61500,
      ""approvedToday"": 0,
      ""rejectedToday"": 0
    }
  }
}"
197,Incentive,GET,/api/incentive/branches,Branches for report filters,Accounts > Incentive > Reports,Bearer JWT,"read:incentive, write:incentive",,"{
  ""success"": true,
  ""data"": [
    {
      ""id"": 1,
      ""code"": ""HO"",
      ""name"": ""Head Office"",
      ""region"": ""Metro Manila""
    }
  ]
}"
198,Incentive,GET,/api/incentive/calculations,Calculation batches with agent details (status filter; details=false for summaries),Accounts > Incentive > Calculations,Bearer JWT,"read:incentive, write:incentive",Query: ?status=Pending%20Approval,"{
  ""success"": true,
  ""data"": [
    {
      ""batchId"": ""CALC-2026-00001"",
      ""period"": ""August 2026"",
      ""calculationDate"": ""2026-09-01"",
      ""programsIncluded"": [
        ""INC-2026-002""
      ],
      ""totalAmount"": 61500,
      ""agentCount"": 3,
      ""status"": ""Pending Approval"",
      ""details"": [
        {
          ""agentName"": ""Juan Dela Cruz"",
          ""program"": ""New Business Champion"",
          ""target"": 20,
          ""achieved"": 18,
          ""achievementPercent"": 90,
          ""baseIncentive"": 13500,
          ""adjustments"": 0,
          ""finalAmount"": 13500,
          ""status"": ""Calculated""
        }
      ]
    }
  ]
}"
199,Incentive,POST,/api/incentive/calculations,"Run a calculation for a period and programs (achievement from policies / quotes, payout from program tiers)",Accounts > Incentive > Calculations > New Calculation,Bearer JWT,write:incentive,"{
  ""period"": ""2026-09"",
  ""selectedPrograms"": [
    ""INC-2026-002""
  ],
  ""description"": ""September run""
}","{
  ""success"": true,
  ""data"": {
    ""batchId"": ""CALC-2026-00001"",
    ""period"": ""August 2026"",
    ""calculationDate"": ""2026-09-01"",
    ""programsIncluded"": [
      ""INC-2026-002""
    ],
    ""totalAmount"": 61500,
    ""agentCount"": 3,
    ""status"": ""Calculated"",
    ""details"": [
      {
        ""agentName"": ""Juan Dela Cruz"",
        ""program"": ""New Business Champion"",
        ""target"": 20,
        ""achieved"": 18,
        ""achievementPercent"": 90,
        ""baseIncentive"": 13500,
        ""adjustments"": 0,
        ""finalAmount"": 13500,
        ""status"": ""Calculated""
      }
    ]
  }
}"
200,Incentive,GET,/api/incentive/calculations/:batchId,One calculation batch,Accounts > Incentive > Calculations > Details,Bearer JWT,"read:incentive, write:incentive",,"{
  ""success"": true,
  ""data"": {
    ""batchId"": ""CALC-2026-00001"",
    ""period"": ""August 2026"",
    ""calculationDate"": ""2026-09-01"",
    ""programsIncluded"": [
      ""INC-2026-002""
    ],
    ""totalAmount"": 61500,
    ""agentCount"": 3,
    ""status"": ""Pending Approval"",
    ""details"": [
      {
        ""agentName"": ""Juan Dela Cruz"",
        ""program"": ""New Business Champion"",
        ""target"": 20,
        ""achieved"": 18,
        ""achievementPercent"": 90,
        ""baseIncentive"": 13500,
        ""adjustments"": 0,
        ""finalAmount"": 13500,
        ""status"": ""Calculated""
      }
    ]
  }
}"
201,Incentive,POST,/api/incentive/calculations/:batchId/adjust,Adjust agent lines before submission (amount and reason per line),Accounts > Incentive > Calculations > Details,Bearer JWT,write:incentive,"{
  ""lines"": [
    {
      ""id"": 12,
      ""adjustments"": -1000,
      ""reason"": ""Chargeback on cancelled policy""
    }
  ]
}","{
  ""success"": true,
  ""data"": {
    ""batchId"": ""CALC-2026-00001"",
    ""period"": ""August 2026"",
    ""calculationDate"": ""2026-09-01"",
    ""programsIncluded"": [
      ""INC-2026-002""
    ],
    ""totalAmount"": 61500,
    ""agentCount"": 3,
    ""status"": ""Pending Approval"",
    ""details"": [
      {
        ""agentName"": ""Juan Dela Cruz"",
        ""program"": ""New Business Champion"",
        ""target"": 20,
        ""achieved"": 18,
        ""achievementPercent"": 90,
        ""baseIncentive"": 13500,
        ""adjustments"": 0,
        ""finalAmount"": 13500,
        ""status"": ""Calculated""
      }
    ]
  }
}"
202,Incentive,POST,/api/incentive/calculations/:batchId/approve,Approve a batch (maker-checker: not the creator or submitter),Accounts > Incentive > Approvals,Bearer JWT,write:incentive,{},"{
  ""success"": true,
  ""data"": {
    ""batchId"": ""CALC-2026-00001"",
    ""period"": ""August 2026"",
    ""calculationDate"": ""2026-09-01"",
    ""programsIncluded"": [
      ""INC-2026-002""
    ],
    ""totalAmount"": 61500,
    ""agentCount"": 3,
    ""status"": ""Approved"",
    ""details"": [
      {
        ""agentName"": ""Juan Dela Cruz"",
        ""program"": ""New Business Champion"",
        ""target"": 20,
        ""achieved"": 18,
        ""achievementPercent"": 90,
        ""baseIncentive"": 13500,
        ""adjustments"": 0,
        ""finalAmount"": 13500,
        ""status"": ""Calculated""
      }
    ]
  }
}"
203,Incentive,POST,/api/incentive/calculations/:batchId/pay,Mark an approved batch as paid,Accounts > Incentive > Approvals,Bearer JWT,write:incentive,"{
  ""paymentDate"": ""2026-09-30"",
  ""paymentReference"": ""PV-2026-00123""
}","{
  ""success"": true,
  ""data"": {
    ""batchId"": ""CALC-2026-00001"",
    ""period"": ""August 2026"",
    ""calculationDate"": ""2026-09-01"",
    ""programsIncluded"": [
      ""INC-2026-002""
    ],
    ""totalAmount"": 61500,
    ""agentCount"": 3,
    ""status"": ""Paid"",
    ""details"": [
      {
        ""agentName"": ""Juan Dela Cruz"",
        ""program"": ""New Business Champion"",
        ""target"": 20,
        ""achieved"": 18,
        ""achievementPercent"": 90,
        ""baseIncentive"": 13500,
        ""adjustments"": 0,
        ""finalAmount"": 13500,
        ""status"": ""Calculated""
      }
    ]
  }
}"
204,Incentive,POST,/api/incentive/calculations/:batchId/reject,Reject a batch (maker-checker: not the creator or submitter),Accounts > Incentive > Approvals,Bearer JWT,write:incentive,"{
  ""reason"": ""Targets not verified""
}","{
  ""success"": true,
  ""data"": {
    ""batchId"": ""CALC-2026-00001"",
    ""period"": ""August 2026"",
    ""calculationDate"": ""2026-09-01"",
    ""programsIncluded"": [
      ""INC-2026-002""
    ],
    ""totalAmount"": 61500,
    ""agentCount"": 3,
    ""status"": ""Rejected"",
    ""details"": [
      {
        ""agentName"": ""Juan Dela Cruz"",
        ""program"": ""New Business Champion"",
        ""target"": 20,
        ""achieved"": 18,
        ""achievementPercent"": 90,
        ""baseIncentive"": 13500,
        ""adjustments"": 0,
        ""finalAmount"": 13500,
        ""status"": ""Calculated""
      }
    ]
  }
}"
205,Incentive,POST,/api/incentive/calculations/:batchId/submit,Submit a batch for approval,Accounts > Incentive > Calculations,Bearer JWT,write:incentive,,"{
  ""success"": true,
  ""data"": {
    ""batchId"": ""CALC-2026-00001"",
    ""period"": ""August 2026"",
    ""calculationDate"": ""2026-09-01"",
    ""programsIncluded"": [
      ""INC-2026-002""
    ],
    ""totalAmount"": 61500,
    ""agentCount"": 3,
    ""status"": ""Pending Approval"",
    ""details"": [
      {
        ""agentName"": ""Juan Dela Cruz"",
        ""program"": ""New Business Champion"",
        ""target"": 20,
        ""achieved"": 18,
        ""achievementPercent"": 90,
        ""baseIncentive"": 13500,
        ""adjustments"": 0,
        ""finalAmount"": 13500,
        ""status"": ""Calculated""
      }
    ]
  }
}"
206,Incentive,GET,/api/incentive/my-programs,Programs of the signed-in agent with live achievement and potential earnings (readers may pass agentId),Accounts > Incentive > My Programs,Bearer JWT,"read:incentive, write:incentive, read:profile",Query: ?agentId=usr_1,"{
  ""success"": true,
  ""data"": {
    ""agentId"": ""usr_1"",
    ""agentName"": ""Juan Dela Cruz"",
    ""agentCode"": ""AG001"",
    ""branch"": ""Head Office"",
    ""assignedPrograms"": [
      {
        ""programId"": 1,
        ""programName"": ""Q3 Premium Achievers"",
        ""target"": 500000,
        ""achieved"": 425000,
        ""achievementPercent"": 85,
        ""potentialEarning"": 8500,
        ""daysRemaining"": 2
      }
    ],
    ""recentActivities"": []
  }
}"
207,Incentive,GET,/api/incentive/programs,"Incentive programs (status, search) with participants and total payout",Master > Incentive Programs; Incentive screens,Bearer JWT,"read:incentive, write:incentive, read:profile",Query: ?status=Active,"{
  ""success"": true,
  ""data"": [
    {
      ""id"": 1,
      ""programCode"": ""INC-2026-001"",
      ""programName"": ""Q3 Premium Achievers"",
      ""programType"": ""Target Based"",
      ""applicableTo"": [
        ""Individual Agent""
      ],
      ""startDate"": ""2026-07-01"",
      ""endDate"": ""2026-09-30"",
      ""targetMetric"": ""Premium Volume"",
      ""baseTarget"": 500000,
      ""stretchTarget"": 750000,
      ""Currency"": ""PHP"",
      ""calculationFrequency"": ""Quarterly"",
      ""status"": ""Active"",
      ""structure"": [
        {
          ""level"": ""80-90%"",
          ""type"": ""Percentage"",
          ""value"": 2,
          ""maxPayout"": 20000
        }
      ]
    }
  ]
}"
208,Incentive,POST,/api/incentive/programs,"Create a program (metric, types and frequencies validated against configuration)",Master > Incentive Programs > Add Program,Bearer JWT,write:masters,"{
  ""programCode"": ""INC-2026-010"",
  ""programName"": ""Q3 Premium Achievers"",
  ""programType"": ""Target Based"",
  ""applicableTo"": [
    ""Individual Agent""
  ],
  ""startDate"": ""2026-07-01"",
  ""endDate"": ""2026-09-30"",
  ""targetMetric"": ""Premium Volume"",
  ""baseTarget"": 500000,
  ""stretchTarget"": 750000,
  ""Currency"": ""PHP"",
  ""calculationFrequency"": ""Quarterly"",
  ""status"": ""Active"",
  ""structure"": [
    {
      ""level"": ""80-90%"",
      ""type"": ""Percentage"",
      ""value"": 2,
      ""maxPayout"": 20000
    }
  ]
}","{
  ""success"": true,
  ""data"": {
    ""id"": 1,
    ""programCode"": ""INC-2026-001"",
    ""programName"": ""Q3 Premium Achievers"",
    ""programType"": ""Target Based"",
    ""applicableTo"": [
      ""Individual Agent""
    ],
    ""startDate"": ""2026-07-01"",
    ""endDate"": ""2026-09-30"",
    ""targetMetric"": ""Premium Volume"",
    ""baseTarget"": 500000,
    ""stretchTarget"": 750000,
    ""Currency"": ""PHP"",
    ""calculationFrequency"": ""Quarterly"",
    ""status"": ""Active"",
    ""structure"": [
      {
        ""level"": ""80-90%"",
        ""type"": ""Percentage"",
        ""value"": 2,
        ""maxPayout"": 20000
      }
    ]
  }
}"
209,Incentive,GET,/api/incentive/programs/:id,One program (id or program code),Master > Incentive Programs > View,Bearer JWT,"read:incentive, write:incentive, read:profile",,"{
  ""success"": true,
  ""data"": {
    ""id"": 1,
    ""programCode"": ""INC-2026-001"",
    ""programName"": ""Q3 Premium Achievers"",
    ""programType"": ""Target Based"",
    ""applicableTo"": [
      ""Individual Agent""
    ],
    ""startDate"": ""2026-07-01"",
    ""endDate"": ""2026-09-30"",
    ""targetMetric"": ""Premium Volume"",
    ""baseTarget"": 500000,
    ""stretchTarget"": 750000,
    ""Currency"": ""PHP"",
    ""calculationFrequency"": ""Quarterly"",
    ""status"": ""Active"",
    ""structure"": [
      {
        ""level"": ""80-90%"",
        ""type"": ""Percentage"",
        ""value"": 2,
        ""maxPayout"": 20000
      }
    ]
  }
}"
210,Incentive,PUT,/api/incentive/programs/:id,Update a program (partial; also used to toggle status),Master > Incentive Programs > Edit,Bearer JWT,write:masters,"{
  ""status"": ""Inactive""
}","{
  ""success"": true,
  ""data"": {
    ""id"": 1,
    ""programCode"": ""INC-2026-001"",
    ""programName"": ""Q3 Premium Achievers"",
    ""programType"": ""Target Based"",
    ""applicableTo"": [
      ""Individual Agent""
    ],
    ""startDate"": ""2026-07-01"",
    ""endDate"": ""2026-09-30"",
    ""targetMetric"": ""Premium Volume"",
    ""baseTarget"": 500000,
    ""stretchTarget"": 750000,
    ""Currency"": ""PHP"",
    ""calculationFrequency"": ""Quarterly"",
    ""status"": ""Inactive"",
    ""structure"": [
      {
        ""level"": ""80-90%"",
        ""type"": ""Percentage"",
        ""value"": 2,
        ""maxPayout"": 20000
      }
    ]
  }
}"
211,Incentive,DELETE,/api/incentive/programs/:id,Delete a program (soft; blocked while calculations are pending or approved),Master > Incentive Programs,Bearer JWT,write:masters,,"{
  ""success"": true,
  ""message"": ""Program deleted successfully""
}"
212,Incentive,GET,/api/incentive/reports,Generated incentive reports,Accounts > Incentive > Reports,Bearer JWT,"read:incentive, write:incentive",,"{
  ""success"": true,
  ""data"": [
    {
      ""reportId"": ""rpt_1"",
      ""reportType"": ""Monthly Payout Summary"",
      ""generatedDate"": ""2026-09-28T00:00:00Z""
    }
  ]
}"
213,Incentive,POST,/api/incentive/reports/generate,Generate a report (CSV) from a template with parameters,Accounts > Incentive > Reports > Generate,Bearer JWT,"read:incentive, write:incentive","{
  ""templateId"": 1,
  ""parameters"": {
    ""period"": ""2026-08"",
    ""program"": ""INC-2026-002""
  },
  ""format"": ""Excel""
}","{
  ""success"": true,
  ""data"": {
    ""reportId"": ""rpt_1"",
    ""reportType"": ""Monthly Payout Summary"",
    ""generatedDate"": ""2026-09-28T00:00:00Z"",
    ""fileUrl"": ""http://host/api/s3/object/incentive-reports/x.csv""
  }
}"
214,Incentive,GET,/api/incentive/reports/templates,Report templates (incentive-report-template master),Accounts > Incentive > Reports,Bearer JWT,"read:incentive, write:incentive",,"{
  ""success"": true,
  ""data"": [
    {
      ""id"": 1,
      ""code"": ""IRT-001"",
      ""name"": ""Monthly Payout Summary"",
      ""category"": ""Payout Reports"",
      ""parameters"": [
        ""Period"",
        ""Program"",
        ""Branch""
      ],
      ""formats"": [
        ""PDF"",
        ""Excel""
      ]
    }
  ]
}"
215,Incentive,GET,/api/incentive/statement,"Agent incentive statement for a period (own statement, or any agent's for incentive readers)",Accounts > Incentive > Statement,Bearer JWT,"read:incentive, write:incentive, read:profile",Query: ?agentId=usr_1&period=2026-08,"{
  ""success"": true,
  ""data"": {
    ""agentName"": ""Juan Dela Cruz"",
    ""period"": ""August 2026"",
    ""totalEarnings"": 13500,
    ""ytdEarnings"": 38500,
    ""pendingPayment"": 13500,
    ""programBreakdown"": [],
    ""monthlyTrend"": []
  }
}"
216,Journal Vouchers,GET,/api/journal-vouchers,With transactionNumber: the voucher lines (header fields repeated on each line); otherwise the voucher register,Accounts > Journal Voucher > Details,Bearer JWT,read:journal-vouchers,Query: ?transactionNumber=JV-2026-00001&page=1&pageSize=10,"{
  ""success"": true,
  ""data"": [
    {
      ""id"": ""55"",
      ""transactionCode"": ""JV01"",
      ""transactionNumber"": ""JV-2026-00001"",
      ""transactionDescription"": ""Accrual of audit fees"",
      ""date"": ""2026-09-28"",
      ""totalDebit"": 25000,
      ""totalCredit"": 25000,
      ""status"": ""for-approval"",
      ""kind"": ""standard"",
      ""mainAccount"": ""4401003"",
      ""subAccount"": ""4401003001"",
      ""entryType"": ""Debit"",
      ""localAmount"": 25000,
      ""foreignAmount"": 25000,
      ""currencyCode"": ""PHP"",
      ""remarks"": ""Statutory audit FY2026""
    }
  ]
}"
217,Journal Vouchers,POST,/api/journal-vouchers,Create a manual journal voucher (balanced; for approval by a different user when journal.require_approval),Accounts > Journal Voucher > Add,Bearer JWT,write:journal-vouchers,"{
  ""transactionCode"": ""JV01"",
  ""transactionDescription"": ""Accrual of audit fees"",
  ""entries"": [
    {
      ""mainAccount"": ""4401003"",
      ""subAccount"": ""4401003001"",
      ""entryType"": ""Debit"",
      ""currencyCode"": ""PHP"",
      ""foreignAmount"": 25000,
      ""remarks"": ""Statutory audit FY2026"",
      ""branchCode"": ""PHP"",
      ""departmentCode"": ""FI""
    },
    {
      ""mainAccount"": ""2206001"",
      ""entryType"": ""Credit"",
      ""currencyCode"": ""PHP"",
      ""foreignAmount"": 25000,
      ""remarks"": ""Accrued audit fee""
    }
  ]
}","{
  ""success"": true,
  ""message"": ""Transaction Number JV-2026-00001 is created"",
  ""data"": {
    ""id"": ""jv_1"",
    ""transactionCode"": ""JV01"",
    ""transactionNumber"": ""JV-2026-00001"",
    ""transactionDescription"": ""Accrual of audit fees"",
    ""date"": ""2026-09-28"",
    ""totalDebit"": 25000,
    ""totalCredit"": 25000,
    ""status"": ""for-approval"",
    ""kind"": ""standard""
  }
}"
218,Journal Vouchers,GET,/api/journal-vouchers/:id,One voucher (id or number) with its entries,Accounts > Journal Voucher > Details,Bearer JWT,read:journal-vouchers,,"{
  ""success"": true,
  ""data"": {
    ""id"": ""jv_1"",
    ""transactionCode"": ""JV01"",
    ""transactionNumber"": ""JV-2026-00001"",
    ""transactionDescription"": ""Accrual of audit fees"",
    ""date"": ""2026-09-28"",
    ""totalDebit"": 25000,
    ""totalCredit"": 25000,
    ""status"": ""for-approval"",
    ""kind"": ""standard"",
    ""entries"": []
  }
}"
219,Journal Vouchers,POST,/api/journal-vouchers/:id/approve,Checker approves and posts a voucher (maker cannot approve own voucher),Accounts > Journal Voucher > Details,Bearer JWT,write:journal-vouchers,{},"{
  ""success"": true,
  ""data"": {
    ""id"": ""jv_1"",
    ""transactionCode"": ""JV01"",
    ""transactionNumber"": ""JV-2026-00001"",
    ""transactionDescription"": ""Accrual of audit fees"",
    ""date"": ""2026-09-28"",
    ""totalDebit"": 25000,
    ""totalCredit"": 25000,
    ""status"": ""posted"",
    ""kind"": ""standard""
  }
}"
220,Journal Vouchers,POST,/api/journal-vouchers/:id/reject,Checker rejects a voucher awaiting approval,Accounts > Journal Voucher > Details,Bearer JWT,write:journal-vouchers,"{
  ""reason"": ""Wrong expense account""
}","{
  ""success"": true,
  ""data"": {
    ""id"": ""jv_1"",
    ""transactionCode"": ""JV01"",
    ""transactionNumber"": ""JV-2026-00001"",
    ""transactionDescription"": ""Accrual of audit fees"",
    ""date"": ""2026-09-28"",
    ""totalDebit"": 25000,
    ""totalCredit"": 25000,
    ""status"": ""rejected"",
    ""kind"": ""standard""
  }
}"
221,Journal Vouchers,POST,/api/journal-vouchers/correction,Correction JV: reverses the original voucher and posts corrected entries in one voucher,Accounts > Correction JV,Bearer JWT,write:journal-vouchers,"{
  ""transactionNumber"": ""JV-2026-00001"",
  ""correctionJVTransactionCode"": ""CJV01"",
  ""entries"": [
    {
      ""mainAccount"": ""4401003"",
      ""subAccount"": ""4401003001"",
      ""entryType"": ""Debit"",
      ""currencyCode"": ""PHP"",
      ""foreignAmount"": 25000,
      ""remarks"": ""Statutory audit FY2026"",
      ""branchCode"": ""PHP"",
      ""departmentCode"": ""FI""
    },
    {
      ""mainAccount"": ""2206001"",
      ""entryType"": ""Credit"",
      ""currencyCode"": ""PHP"",
      ""foreignAmount"": 25000,
      ""remarks"": ""Accrued audit fee""
    }
  ]
}","{
  ""success"": true,
  ""data"": {
    ""id"": ""jv_1"",
    ""transactionCode"": ""JV01"",
    ""transactionNumber"": ""JV-2026-00001"",
    ""transactionDescription"": ""Accrual of audit fees"",
    ""date"": ""2026-09-28"",
    ""totalDebit"": 25000,
    ""totalCredit"": 25000,
    ""status"": ""for-approval"",
    ""kind"": ""correction"",
    ""correctionOf"": ""jv_1""
  }
}"
222,Journal Vouchers,GET,/api/journal-vouchers/history,"Journal voucher register (manual, correction and reversal JVs; all=true for system journals too)",Accounts > Journal Voucher,Bearer JWT,read:journal-vouchers,Query: ?page=1&pageSize=20&transactionCode=JV01&transactionNumber=JV-2026&status=posted,"{
  ""success"": true,
  ""data"": [
    {
      ""id"": ""jv_1"",
      ""transactionCode"": ""JV01"",
      ""transactionNumber"": ""JV-2026-00001"",
      ""transactionDescription"": ""Accrual of audit fees"",
      ""date"": ""2026-09-28"",
      ""totalDebit"": 25000,
      ""totalCredit"": 25000,
      ""status"": ""for-approval"",
      ""kind"": ""standard""
    }
  ],
  ""pagination"": {
    ""currentPage"": 1,
    ""pageSize"": 20,
    ""totalRecords"": 1,
    ""totalPages"": 1
  }
}"
223,Journal Vouchers,POST,/api/journal-vouchers/reversal,Reversal JV for a posted voucher (by transactionNumber); approval as for manual vouchers,Accounts > Reversal JV,Bearer JWT,write:journal-vouchers,"{
  ""transactionNumber"": ""JV-2026-00001"",
  ""reversalJVTransactionCode"": ""RJV01"",
  ""description"": ""Reverse duplicate accrual""
}","{
  ""success"": true,
  ""data"": {
    ""id"": ""jv_1"",
    ""transactionCode"": ""JV01"",
    ""transactionNumber"": ""JV-2026-00001"",
    ""transactionDescription"": ""Accrual of audit fees"",
    ""date"": ""2026-09-28"",
    ""totalDebit"": 25000,
    ""totalCredit"": 25000,
    ""status"": ""for-approval"",
    ""kind"": ""reversal"",
    ""reversalOf"": ""jv_1""
  }
}"
224,Leads,GET,/api/leads,"List leads (filters leadCategory, country, province, city, lob, status; search query; paging)",Operations > Leads/Prospects,Bearer JWT,read:leads,Query: ?page=1&pageSize=10&leadCategory=Retail&lob=FIRE&query=juan,"{
  ""success"": true,
  ""data"": [
    {
      ""leadId"": ""ld_1"",
      ""generatedLeadId"": ""LD-2026-00001"",
      ""firstName"": ""Juan"",
      ""lastName"": ""Dela Cruz"",
      ""leadCategory"": ""Retail"",
      ""lob"": ""MOTOR"",
      ""emailId"": ""juan@example.com"",
      ""contactNumber"": ""09171234567"",
      ""city"": ""Makati"",
      ""province"": ""Metro Manila"",
      ""country"": ""Philippines"",
      ""status"": ""New"",
      ""quotationsCount"": 0
    }
  ],
  ""page"": 1,
  ""pageSize"": 10,
  ""total"": 1
}"
225,Leads,POST,/api/leads,Create a lead (Motor / Fire / IAR lead forms),Operations > Leads/Prospects > Create Lead,Bearer JWT,write:leads,"{
  ""firstName"": ""Juan"",
  ""lastName"": ""Dela Cruz"",
  ""preferredName"": ""Juan"",
  ""DOB"": ""1990-05-01"",
  ""gender"": ""Male"",
  ""emailId"": ""juan@example.com"",
  ""contactNumber"": ""09171234567"",
  ""houseNo"": ""12 Rizal St"",
  ""barangay"": ""Poblacion"",
  ""city"": ""Makati"",
  ""province"": ""Metro Manila"",
  ""country"": ""Philippines"",
  ""zipCode"": ""1210"",
  ""leadCategory"": ""Retail"",
  ""lob"": ""FIRE""
}","{
  ""leadId"": ""ld_1"",
  ""generatedLeadId"": ""LD-2026-00001"",
  ""firstName"": ""Juan"",
  ""lastName"": ""Dela Cruz"",
  ""leadCategory"": ""Retail"",
  ""lob"": ""MOTOR"",
  ""emailId"": ""juan@example.com"",
  ""contactNumber"": ""09171234567"",
  ""city"": ""Makati"",
  ""province"": ""Metro Manila"",
  ""country"": ""Philippines"",
  ""status"": ""New"",
  ""quotationsCount"": 0,
  ""success"": true,
  ""data"": {
    ""leadId"": ""ld_1"",
    ""generatedLeadId"": ""LD-2026-00001"",
    ""firstName"": ""Juan"",
    ""lastName"": ""Dela Cruz"",
    ""leadCategory"": ""Retail"",
    ""lob"": ""MOTOR"",
    ""emailId"": ""juan@example.com"",
    ""contactNumber"": ""09171234567"",
    ""city"": ""Makati"",
    ""province"": ""Metro Manila"",
    ""country"": ""Philippines"",
    ""status"": ""New"",
    ""quotationsCount"": 0
  }
}"
226,Leads,GET,/api/leads/:id,Get one lead (by id or lead number),Operations > Leads/Prospects > View,Bearer JWT,read:leads,,"{
  ""leadId"": ""ld_1"",
  ""generatedLeadId"": ""LD-2026-00001"",
  ""firstName"": ""Juan"",
  ""lastName"": ""Dela Cruz"",
  ""leadCategory"": ""Retail"",
  ""lob"": ""MOTOR"",
  ""emailId"": ""juan@example.com"",
  ""contactNumber"": ""09171234567"",
  ""city"": ""Makati"",
  ""province"": ""Metro Manila"",
  ""country"": ""Philippines"",
  ""status"": ""New"",
  ""quotationsCount"": 0,
  ""success"": true,
  ""data"": {
    ""leadId"": ""ld_1"",
    ""generatedLeadId"": ""LD-2026-00001"",
    ""firstName"": ""Juan"",
    ""lastName"": ""Dela Cruz"",
    ""leadCategory"": ""Retail"",
    ""lob"": ""MOTOR"",
    ""emailId"": ""juan@example.com"",
    ""contactNumber"": ""09171234567"",
    ""city"": ""Makati"",
    ""province"": ""Metro Manila"",
    ""country"": ""Philippines"",
    ""status"": ""New"",
    ""quotationsCount"": 0
  }
}"
227,Leads,PUT,/api/leads/:id,Update a lead,Operations > Leads/Prospects > Edit,Bearer JWT,write:leads,"{
  ""firstName"": ""Juan"",
  ""contactNumber"": ""09179998888""
}","{
  ""leadId"": ""ld_1"",
  ""generatedLeadId"": ""LD-2026-00001"",
  ""firstName"": ""Juan"",
  ""lastName"": ""Dela Cruz"",
  ""leadCategory"": ""Retail"",
  ""lob"": ""MOTOR"",
  ""emailId"": ""juan@example.com"",
  ""contactNumber"": ""09171234567"",
  ""city"": ""Makati"",
  ""province"": ""Metro Manila"",
  ""country"": ""Philippines"",
  ""status"": ""New"",
  ""quotationsCount"": 0,
  ""success"": true,
  ""data"": {
    ""leadId"": ""ld_1"",
    ""generatedLeadId"": ""LD-2026-00001"",
    ""firstName"": ""Juan"",
    ""lastName"": ""Dela Cruz"",
    ""leadCategory"": ""Retail"",
    ""lob"": ""MOTOR"",
    ""emailId"": ""juan@example.com"",
    ""contactNumber"": ""09171234567"",
    ""city"": ""Makati"",
    ""province"": ""Metro Manila"",
    ""country"": ""Philippines"",
    ""status"": ""New"",
    ""quotationsCount"": 0
  }
}"
228,Leads,DELETE,/api/leads/:id,Delete a lead (soft delete; blocked once a policy exists),Operations > Leads/Prospects > Delete,Bearer JWT,write:leads,,"{
  ""success"": true,
  ""message"": ""Lead deleted"",
  ""data"": {
    ""leadId"": ""ld_1""
  }
}"
229,Leads,POST,/api/leads/bulk-upload,"Bulk upload leads from CSV or XLSX (multipart field ""file""; header row with First Name, Last Name, Email, Contact Number ...)",Operations > Leads/Prospects > Bulk Upload,Bearer JWT,write:leads,multipart/form-data file,"{
  ""success"": true,
  ""data"": {
    ""message"": ""Processed 3 rows: 3 created, 0 failed"",
    ""total"": 3,
    ""created"": 3,
    ""failed"": 0,
    ""errors"": []
  }
}"
230,Leads,GET,/api/leads/lead/get-all-lead,Legacy: list leads (same as GET /leads),Operations > Leads/Prospects,Bearer JWT,read:leads,,"{
  ""success"": true,
  ""data"": [
    {
      ""leadId"": ""ld_1"",
      ""generatedLeadId"": ""LD-2026-00001"",
      ""firstName"": ""Juan"",
      ""lastName"": ""Dela Cruz"",
      ""leadCategory"": ""Retail"",
      ""lob"": ""MOTOR"",
      ""emailId"": ""juan@example.com"",
      ""contactNumber"": ""09171234567"",
      ""city"": ""Makati"",
      ""province"": ""Metro Manila"",
      ""country"": ""Philippines"",
      ""status"": ""New"",
      ""quotationsCount"": 0
    }
  ],
  ""total"": 1
}"
231,Leads,GET,/api/leads/lead/search-lead,Legacy: search leads by name (same as GET /leads/search),Operations > Leads/Prospects,Bearer JWT,read:leads,Query: ?name=juan,"{
  ""success"": true,
  ""data"": [
    {
      ""leadId"": ""ld_1"",
      ""generatedLeadId"": ""LD-2026-00001"",
      ""firstName"": ""Juan"",
      ""lastName"": ""Dela Cruz"",
      ""leadCategory"": ""Retail"",
      ""lob"": ""MOTOR"",
      ""emailId"": ""juan@example.com"",
      ""contactNumber"": ""09171234567"",
      ""city"": ""Makati"",
      ""province"": ""Metro Manila"",
      ""country"": ""Philippines"",
      ""status"": ""New"",
      ""quotationsCount"": 0
    }
  ],
  ""total"": 1
}"
232,Leads,GET,/api/leads/report,"Download the lead report (XLSX, or CSV with format=csv) for a status / quotation-status category",Operations > Leads/Prospects > Generate Report,Bearer JWT,read:leads,Query: ?category=Converted&format=xlsx,binary file
233,Leads,GET,/api/leads/search,Search leads (same filters as the list),Operations > Leads/Prospects,Bearer JWT,read:leads,Query: ?query=juan,"{
  ""success"": true,
  ""data"": [
    {
      ""leadId"": ""ld_1"",
      ""generatedLeadId"": ""LD-2026-00001"",
      ""firstName"": ""Juan"",
      ""lastName"": ""Dela Cruz"",
      ""leadCategory"": ""Retail"",
      ""lob"": ""MOTOR"",
      ""emailId"": ""juan@example.com"",
      ""contactNumber"": ""09171234567"",
      ""city"": ""Makati"",
      ""province"": ""Metro Manila"",
      ""country"": ""Philippines"",
      ""status"": ""New"",
      ""quotationsCount"": 0
    }
  ],
  ""total"": 1
}"
234,Leads,GET,/api/leads/stats,Lead KPIs for the stats cards,Operations > Leads/Prospects (stats cards),Bearer JWT,read:leads,Query: ?leadCategory=Retail,"{
  ""totalLeads"": 16,
  ""recentLeads"": 3,
  ""last30DaysLeads"": 9,
  ""convertedLeads"": 8,
  ""leadsWithQuotations"": 12,
  ""conversionRate"": 50,
  ""quotationRate"": 75,
  ""growthRate"": 12.5,
  ""leadsByStatus"": [
    {
      ""status"": ""New"",
      ""count"": 4
    }
  ]
}"
235,Masters,GET,/api/masters,Catalogue of master types with their field definitions and record counts,Master > (any master screen),Bearer JWT,"read:masters, write:masters",Query: ?category=finance,"{
  ""success"": true,
  ""data"": [
    {
      ""code"": ""country"",
      ""label"": ""Country"",
      ""category"": ""general"",
      ""storage"": ""table"",
      ""fields"": [
        {
          ""name"": ""CountryName"",
          ""label"": ""Country Name"",
          ""type"": ""string"",
          ""required"": true
        }
      ],
      ""count"": 5
    }
  ]
}"
236,Masters,POST,/api/masters,Define a new master type (generic store); administrators add masters without code changes,Master > Configuration,Bearer JWT,write:masters,"{
  ""code"": ""occupation"",
  ""label"": ""Occupation"",
  ""category"": ""general"",
  ""codeField"": ""occupationCode"",
  ""labelField"": ""occupationName"",
  ""fields"": [
    {
      ""name"": ""occupationCode"",
      ""label"": ""Code"",
      ""required"": true
    },
    {
      ""name"": ""occupationName"",
      ""label"": ""Name"",
      ""required"": true
    },
    {
      ""name"": ""riskClass"",
      ""type"": ""select"",
      ""options"": [
        ""1"",
        ""2"",
        ""3""
      ]
    }
  ]
}","{
  ""success"": true,
  ""data"": {
    ""code"": ""occupation"",
    ""label"": ""Occupation"",
    ""count"": 0
  }
}"
237,Masters,GET,/api/masters/:type,"List records of a master type (search, field filters, status, sort, paging)",Master > (any master screen),Bearer JWT,"read:masters, write:masters",Query: ?search=phil&status=Active&page=1&perPage=10&sortBy=CountryName&sortOrder=asc,"{
  ""success"": true,
  ""data"": [
    {
      ""id"": 1,
      ""CountryName"": ""Philippines"",
      ""ISOCode"": ""PH"",
      ""Description"": ""Republic of the Philippines"",
      ""PhoneCode"": ""+63"",
      ""status"": ""Active""
    }
  ],
  ""total"": 1,
  ""page"": 1,
  ""perPage"": 10,
  ""totalPages"": 1
}"
238,Masters,POST,/api/masters/:type,Create a master record (fields validated against the type definition),Master > (any master screen),Bearer JWT,write:masters,"{
  ""CountryName"": ""Viet Nam"",
  ""ISOCode"": ""VN"",
  ""Description"": ""Socialist Republic of Viet Nam"",
  ""PhoneCode"": ""+84""
}","{
  ""success"": true,
  ""data"": {
    ""id"": 6,
    ""CountryName"": ""Viet Nam"",
    ""ISOCode"": ""PH"",
    ""Description"": ""Republic of the Philippines"",
    ""PhoneCode"": ""+63"",
    ""status"": ""Active""
  }
}"
239,Masters,GET,/api/masters/:type/:id,One master record,Master > (any master screen),Bearer JWT,"read:masters, write:masters",,"{
  ""success"": true,
  ""data"": {
    ""id"": 1,
    ""CountryName"": ""Philippines"",
    ""ISOCode"": ""PH"",
    ""Description"": ""Republic of the Philippines"",
    ""PhoneCode"": ""+63"",
    ""status"": ""Active""
  }
}"
240,Masters,PUT,/api/masters/:type/:id,Update a master record (partial updates allowed),Master > (any master screen),Bearer JWT,write:masters,"{
  ""Description"": ""Updated description""
}","{
  ""success"": true,
  ""data"": {
    ""id"": 1,
    ""CountryName"": ""Philippines"",
    ""ISOCode"": ""PH"",
    ""Description"": ""Republic of the Philippines"",
    ""PhoneCode"": ""+63"",
    ""status"": ""Active""
  }
}"
241,Masters,DELETE,/api/masters/:type/:id,Soft-delete a master record,Master > (any master screen),Bearer JWT,write:masters,,"{
  ""success"": true,
  ""message"": ""Country deleted""
}"
242,Masters,PATCH,/api/masters/:type/:id/status,Activate / deactivate a master record,Master > (any master screen),Bearer JWT,write:masters,"{
  ""status"": ""Inactive""
}","{
  ""success"": true,
  ""data"": {
    ""id"": 1,
    ""CountryName"": ""Philippines"",
    ""ISOCode"": ""PH"",
    ""Description"": ""Republic of the Philippines"",
    ""PhoneCode"": ""+63"",
    ""status"": ""Inactive""
  }
}"
243,Masters,GET,/api/masters/:type/definition,Field definition of one master type (drives the add / edit form),Master > (any master screen),Bearer JWT,"read:masters, write:masters",,"{
  ""success"": true,
  ""data"": {
    ""code"": ""taxation"",
    ""fields"": [
      {
        ""name"": ""taxCode"",
        ""required"": true
      }
    ]
  }
}"
244,Masters,PUT,/api/masters/:type/definition,"Change a master type: labels, fields, required flags, options, unique keys, status",Master > Configuration,Bearer JWT,write:masters,"{
  ""label"": ""Taxation"",
  ""fields"": [
    {
      ""name"": ""taxCode"",
      ""label"": ""Tax Code"",
      ""required"": true
    }
  ]
}","{
  ""success"": true,
  ""data"": {
    ""code"": ""taxation""
  }
}"
245,Masters,GET,/api/masters/:type/options,"Active records as dropdown options { id, code, label, value }; filter by any field (e.g. ?Country=Philippines)",Master > (any master screen),Bearer JWT,"read:masters, write:masters, read:profile",Query: ?search=Met&valueField=label,"{
  ""success"": true,
  ""data"": [
    {
      ""id"": 1,
      ""code"": ""NCR"",
      ""label"": ""Metro Manila"",
      ""value"": ""Metro Manila""
    }
  ]
}"
246,Notifications,GET,/api/accounting/notifications,Notifications for the signed-in user (paged; filter type / isRead),Top bar > Notifications,Bearer JWT,Any authenticated user,Query: ?page=1&pageSize=20&type=reminder&isRead=false,"{
  ""success"": true,
  ""data"": {
    ""notifications"": [
      {
        ""id"": ""ntf_1"",
        ""type"": ""reminder"",
        ""priority"": ""normal"",
        ""title"": ""Renewal due in 30 days"",
        ""message"": ""Policy POL-2026-00001 expires"",
        ""isRead"": false
      }
    ],
    ""unreadCount"": 1,
    ""pagination"": {
      ""total"": 1,
      ""page"": 1,
      ""pageSize"": 20,
      ""totalPages"": 1
    }
  }
}"
247,Notifications,DELETE,/api/accounting/notifications,Delete several notifications,Top bar > Notifications,Bearer JWT,Any authenticated user,"{
  ""notificationIds"": [
    ""ntf_1""
  ]
}","{
  ""success"": true,
  ""deleted"": 1
}"
248,Notifications,DELETE,/api/accounting/notifications/:id,Delete one notification,Top bar > Notifications,Bearer JWT,Any authenticated user,,"{
  ""success"": true
}"
249,Notifications,PUT,/api/accounting/notifications/:id/read,Mark one notification as read,Top bar > Notifications,Bearer JWT,Any authenticated user,,"{
  ""success"": true
}"
250,Notifications,PUT,/api/accounting/notifications/read,Mark several notifications as read,Top bar > Notifications,Bearer JWT,Any authenticated user,"{
  ""notificationIds"": [
    ""ntf_1""
  ]
}","{
  ""success"": true,
  ""data"": {
    ""updated"": 1
  }
}"
251,Notifications,PUT,/api/accounting/notifications/read-all,Mark all notifications as read,Top bar > Notifications,Bearer JWT,Any authenticated user,,"{
  ""success"": true,
  ""data"": {
    ""updated"": 3
  }
}"
252,Notifications,GET,/api/accounting/notifications/stats,Notification totals by type,Top bar > Notifications,Bearer JWT,Any authenticated user,,"{
  ""total"": 5,
  ""unread"": 2,
  ""byType"": {
    ""reminder"": 3
  }
}"
253,Notifications,GET,/api/accounting/notifications/unread-count,Unread notification count,Top bar > Bell,Bearer JWT,Any authenticated user,,"{
  ""success"": true,
  ""unreadCount"": 3
}"
254,Open Items,GET,/api/payments/open-items,"Open items: pending payments, renewal requests, pending quotes, expiring policies (filter type, search)",Agent > Open Items,Bearer JWT,"read:policies, read:quotations, read:receipts",Query: ?type=payment&search=Santos,"{
  ""success"": true,
  ""data"": {
    ""summary"": [
      {
        ""type"": ""payment"",
        ""status"": ""Pending Payments"",
        ""count"": 3
      }
    ],
    ""items"": [
      {
        ""id"": ""rcv_1"",
        ""type"": ""payment"",
        ""status"": ""Pending Payments"",
        ""name"": ""Maria Santos"",
        ""clientId"": ""CL-2026-00001"",
        ""policyNo"": ""POL-2026-00001"",
        ""amount"": ""₱11,862.50"",
        ""dueDate"": ""2026-10-15"",
        ""insurer"": ""Malayan Insurance Co., Inc.""
      }
    ]
  }
}"
255,Open Items,GET,/api/payments/open-items/events,Upcoming events of the signed-in user,Agent > Open Items > Upcoming events,Bearer JWT,Any authenticated user,Query: ?from=2026-09-28,"{
  ""success"": true,
  ""data"": [
    {
      ""id"": ""evt_1"",
      ""date"": ""2026-10-01"",
      ""description"": ""Policy review with client"",
      ""from"": ""10:00"",
      ""to"": ""11:00""
    }
  ]
}"
256,Open Items,POST,/api/payments/open-items/events,Add an event to the signed-in user's calendar,Agent > Open Items > Upcoming events,Bearer JWT,Any authenticated user,"{
  ""date"": ""2026-10-01"",
  ""notes"": ""Policy review with client"",
  ""startTime"": ""10:00"",
  ""endTime"": ""11:00""
}","{
  ""success"": true,
  ""data"": {
    ""id"": ""evt_1"",
    ""date"": ""2026-10-01"",
    ""description"": ""Policy review with client"",
    ""from"": ""10:00"",
    ""to"": ""11:00""
  }
}"
257,Open Items,DELETE,/api/payments/open-items/events/:id,Remove one of the signed-in user's events,Agent > Open Items > Upcoming events,Bearer JWT,Any authenticated user,,"{
  ""success"": true
}"
258,Payments,GET,/api/payments,"Premium payment status per bill: PAID, PENDING (unpaid), REVIEWING (partially paid); agents see their own policies",Agent > Payments,Bearer JWT,"read:receipts, read:policies",Query: ?status=PENDING&search=Santos&page=1&pageSize=10,"{
  ""success"": true,
  ""data"": [
    {
      ""id"": ""rcv_1"",
      ""billNumber"": ""INV-2026-00001"",
      ""grossPremium"": 11862.5,
      ""paidAmount"": 11862.5,
      ""outstanding"": 0,
      ""clientId"": ""CL-2026-00001"",
      ""clientName"": ""Maria Santos"",
      ""date"": ""2026-09-28"",
      ""policyNumber"": ""POL-2026-00001"",
      ""insurer"": ""Malayan Insurance Co., Inc."",
      ""product"": ""Motor Vehicle Insurance"",
      ""status"": ""PAID"",
      ""paymentMethod"": ""gcash"",
      ""referenceNumber"": ""OR-2026-00001"",
      ""commission"": 1500
    }
  ],
  ""pagination"": {
    ""page"": 1,
    ""pageSize"": 10,
    ""total"": 1,
    ""totalPages"": 1
  },
  ""summary"": {
    ""paid"": {
      ""count"": 1,
      ""grossPremium"": 11862.5,
      ""outstanding"": 0
    },
    ""pending"": {
      ""count"": 0
    },
    ""reviewing"": {
      ""count"": 0
    }
  }
}"
259,Payments,GET,/api/payments/:id,One bill with its payments,Agent > Payments > Detail,Bearer JWT,"read:receipts, read:policies",,"{
  ""success"": true,
  ""data"": {
    ""id"": ""rcv_1"",
    ""billNumber"": ""INV-2026-00001"",
    ""grossPremium"": 11862.5,
    ""paidAmount"": 11862.5,
    ""outstanding"": 0,
    ""clientId"": ""CL-2026-00001"",
    ""clientName"": ""Maria Santos"",
    ""date"": ""2026-09-28"",
    ""policyNumber"": ""POL-2026-00001"",
    ""insurer"": ""Malayan Insurance Co., Inc."",
    ""product"": ""Motor Vehicle Insurance"",
    ""status"": ""PAID"",
    ""paymentMethod"": ""gcash"",
    ""referenceNumber"": ""OR-2026-00001"",
    ""commission"": 1500,
    ""payments"": [
      {
        ""amount"": 11862.5,
        ""paymentMethod"": ""gcash"",
        ""receiptNumber"": ""OR-2026-00001"",
        ""date"": ""2026-09-28T02:00:00Z""
      }
    ]
  }
}"
260,Period End,POST,/api/period-end/adjustments,Year-end adjustment journal in adjustment period 13 (pending; approved and posted by a second user through POST /accounting/transactions/:id/post),Accounts > Period End > Year-End Close,Bearer JWT,write:period-end,"{
  ""fiscalYear"": ""FY2025"",
  ""description"": ""Audit adjustment – accrued audit fee"",
  ""lines"": [
    {
      ""accountCode"": ""4401003"",
      ""debit"": 150000,
      ""credit"": 0
    },
    {
      ""accountCode"": ""2208001"",
      ""debit"": 0,
      ""credit"": 150000
    }
  ]
}","{
  ""success"": true,
  ""data"": {
    ""id"": ""jv_1"",
    ""jvNumber"": ""JV-2026-00200"",
    ""period"": ""2025-13"",
    ""status"": ""pending""
  }
}"
261,Period End,GET,/api/period-end/bir/2307,"Payees (issued) or payors (received) with creditable withholding in a quarter, with their certificate numbers",Accounts > Tax > BIR Form 2307,Bearer JWT,"read:period-end, read:journal-vouchers",Query: ?year=2026&quarter=3&direction=issued,"{
  ""success"": true,
  ""data"": {
    ""payees"": [
      {
        ""payeeKey"": ""Agent/Referrer:ref-jdelacruz"",
        ""payeeName"": ""Juan Dela Cruz"",
        ""totalIncome"": 5298.72,
        ""totalTax"": 264.93,
        ""certificateNumber"": null
      }
    ]
  }
}"
262,Period End,GET,/api/period-end/bir/2307/certificate,"BIR Form 2307 data of one payee and quarter (per ATC: income per month of the quarter, total, tax withheld)",Accounts > Tax > BIR Form 2307 > Print,Bearer JWT,"read:period-end, read:journal-vouchers",Query: ?year=2026&quarter=3&payeeKey=Agent%2FReferrer%3Aref-jdelacruz,"{
  ""success"": true,
  ""data"": {
    ""lines"": [
      {
        ""atc"": ""WI515"",
        ""month1"": 0,
        ""month2"": 0,
        ""month3"": 5298.72,
        ""total"": 5298.72,
        ""tax"": 264.93
      }
    ],
    ""totalTax"": 264.93
  }
}"
263,Period End,GET,/api/period-end/bir/2307/certificates,"Register of issued BIR Form 2307 certificates (filter year, quarter, direction)",Accounts > Tax > BIR Form 2307,Bearer JWT,"read:period-end, read:journal-vouchers",,"{
  ""success"": true,
  ""data"": [
    {
      ""certificateNumber"": ""CWT-2026-00001"",
      ""payeeName"": ""Juan Dela Cruz"",
      ""totalTax"": 264.93,
      ""status"": ""issued""
    }
  ]
}"
264,Period End,POST,/api/period-end/bir/2307/certificates/:id/cancel,Cancel an issued certificate (a new one can then be issued),Accounts > Tax > BIR Form 2307,Bearer JWT,write:period-end,"{
  ""reason"": ""Wrong ATC""
}","{
  ""success"": true,
  ""data"": {
    ""id"": ""cwt_1""
  }
}"
265,Period End,POST,/api/period-end/bir/2307/issue,Issue (number with the CWT series and record) the BIR Form 2307 of a payee and quarter; an issued one is returned unchanged,Accounts > Tax > BIR Form 2307,Bearer JWT,write:period-end,"{
  ""year"": 2026,
  ""quarter"": 3,
  ""payeeKey"": ""Agent/Referrer:ref-jdelacruz""
}","{
  ""success"": true,
  ""data"": {
    ""certificateNumber"": ""CWT-2026-00001"",
    ""totalTax"": 264.93
  }
}"
266,Period End,GET,/api/period-end/checklist,Month-end close checklist items (auto checks and manual sign-offs),Master > Finance > Close Checklist,Bearer JWT,"read:period-end, read:journal-vouchers",,"{
  ""success"": true,
  ""data"": [
    {
      ""code"": ""unposted_journals"",
      ""label"": ""No unposted or pending journals in the period"",
      ""itemType"": ""auto"",
      ""severity"": ""blocking"",
      ""active"": true,
      ""sortOrder"": 10
    }
  ]
}"
267,Period End,POST,/api/period-end/checklist,"Add a checklist item (manual sign-off, or an auto item bound to a built-in check)",Master > Finance > Close Checklist,Bearer JWT,write:period-end,"{
  ""code"": ""insurer_statements"",
  ""label"": ""Insurer statements of account reconciled"",
  ""itemType"": ""manual"",
  ""severity"": ""warning"",
  ""sortOrder"": 130
}","{
  ""success"": true,
  ""data"": {
    ""code"": ""insurer_statements""
  }
}"
268,Period End,PUT,/api/period-end/checklist/:code,"Change a checklist item (label, severity, active, order)",Master > Finance > Close Checklist,Bearer JWT,write:period-end,"{
  ""severity"": ""blocking"",
  ""active"": true
}","{
  ""success"": true,
  ""data"": {
    ""code"": ""unapplied_receipts"",
    ""severity"": ""blocking""
  }
}"
269,Period End,DELETE,/api/period-end/checklist/:code,Delete a checklist item added by users (built-in checks can only be deactivated),Master > Finance > Close Checklist,Bearer JWT,write:period-end,,"{
  ""success"": true,
  ""data"": {
    ""code"": ""insurer_statements""
  }
}"
270,Period End,GET,/api/period-end/close-runs,"Month-end close runs (filter period, status, fiscalYear)",Accounts > Period End > Month-End Close,Bearer JWT,"read:period-end, read:journal-vouchers",Query: ?fiscalYear=FY2026,"{
  ""success"": true,
  ""data"": [
    {
      ""id"": ""pcr_1"",
      ""runNumber"": ""MEC-2026-00001"",
      ""period"": ""2026-08"",
      ""status"": ""ready"",
      ""steps"": {
        ""accruals"": {
          ""status"": ""done"",
          ""journals"": [
            ""jv_1""
          ]
        }
      }
    }
  ]
}"
271,Period End,POST,/api/period-end/close-runs,Start the month-end close of a period (one open run per period; checklist copied to the run),Accounts > Period End > Month-End Close,Bearer JWT,write:period-end,"{
  ""period"": ""2026-08""
}","{
  ""success"": true,
  ""data"": {
    ""id"": ""pcr_1"",
    ""runNumber"": ""MEC-2026-00001"",
    ""period"": ""2026-08"",
    ""status"": ""ready"",
    ""steps"": {
      ""accruals"": {
        ""status"": ""done"",
        ""journals"": [
          ""jv_1""
        ]
      }
    }
  }
}"
272,Period End,GET,/api/period-end/close-runs/:id,"A month-end close run: steps, checklist results, generated journals, approvals and period history",Accounts > Period End > Month-End Close > Run,Bearer JWT,"read:period-end, read:journal-vouchers",,"{
  ""success"": true,
  ""data"": {
    ""id"": ""pcr_1"",
    ""runNumber"": ""MEC-2026-00001"",
    ""period"": ""2026-08"",
    ""status"": ""ready"",
    ""steps"": {
      ""accruals"": {
        ""status"": ""done"",
        ""journals"": [
          ""jv_1""
        ]
      }
    }
  }
}"
273,Period End,POST,/api/period-end/close-runs/:id/approve,Approve the close (a different user than the preparer; approve:period-end) and close the period,Accounts > Period End > Month-End Close > Run,Bearer JWT,approve:period-end,{},"{
  ""success"": true,
  ""data"": {
    ""id"": ""pcr_1"",
    ""runNumber"": ""MEC-2026-00001"",
    ""period"": ""2026-08"",
    ""status"": ""ready"",
    ""steps"": {
      ""accruals"": {
        ""status"": ""done"",
        ""journals"": [
          ""jv_1""
        ]
      }
    }
  }
}"
274,Period End,POST,/api/period-end/close-runs/:id/cancel,"Cancel an unfinished run (its accrual, deferral and FX journals are reversed)",Accounts > Period End > Month-End Close > Run,Bearer JWT,write:period-end,{},"{
  ""success"": true,
  ""data"": {
    ""id"": ""pcr_1"",
    ""runNumber"": ""MEC-2026-00001"",
    ""period"": ""2026-08"",
    ""status"": ""ready"",
    ""steps"": {
      ""accruals"": {
        ""status"": ""done"",
        ""journals"": [
          ""jv_1""
        ]
      }
    }
  }
}"
275,Period End,POST,/api/period-end/close-runs/:id/checks,Run the automatic checklist items again,Accounts > Period End > Month-End Close > Run,Bearer JWT,write:period-end,{},"{
  ""success"": true,
  ""data"": {
    ""id"": ""pcr_1"",
    ""runNumber"": ""MEC-2026-00001"",
    ""period"": ""2026-08"",
    ""status"": ""ready"",
    ""steps"": {
      ""accruals"": {
        ""status"": ""done"",
        ""journals"": [
          ""jv_1""
        ]
      }
    }
  }
}"
276,Period End,POST,/api/period-end/close-runs/:id/checks/:code/sign,Sign off (or withdraw the sign-off of) a manual checklist item,Accounts > Period End > Month-End Close > Run,Bearer JWT,write:period-end,{},"{
  ""success"": true,
  ""data"": {
    ""id"": ""pcr_1"",
    ""runNumber"": ""MEC-2026-00001"",
    ""period"": ""2026-08"",
    ""status"": ""ready"",
    ""steps"": {
      ""accruals"": {
        ""status"": ""done"",
        ""journals"": [
          ""jv_1""
        ]
      }
    }
  }
}"
277,Period End,POST,/api/period-end/close-runs/:id/execute,"Execute the steps (accruals, recurring, deferral, fx, checks); a rerun first reverses the run's own previous accrual, deferral and FX journals",Accounts > Period End > Month-End Close > Run,Bearer JWT,write:period-end,{},"{
  ""success"": true,
  ""data"": {
    ""id"": ""pcr_1"",
    ""runNumber"": ""MEC-2026-00001"",
    ""period"": ""2026-08"",
    ""status"": ""ready"",
    ""steps"": {
      ""accruals"": {
        ""status"": ""done"",
        ""journals"": [
          ""jv_1""
        ]
      }
    }
  }
}"
278,Period End,POST,/api/period-end/close-runs/:id/reject,Return a submitted close to the preparer with a reason,Accounts > Period End > Month-End Close > Run,Bearer JWT,approve:period-end,{},"{
  ""success"": true,
  ""data"": {
    ""id"": ""pcr_1"",
    ""runNumber"": ""MEC-2026-00001"",
    ""period"": ""2026-08"",
    ""status"": ""ready"",
    ""steps"": {
      ""accruals"": {
        ""status"": ""done"",
        ""journals"": [
          ""jv_1""
        ]
      }
    }
  }
}"
279,Period End,POST,/api/period-end/close-runs/:id/submit,Submit the close (target soft_closed or closed); closes directly when accounting.period_close_requires_approval is false,Accounts > Period End > Month-End Close > Run,Bearer JWT,write:period-end,{},"{
  ""success"": true,
  ""data"": {
    ""id"": ""pcr_1"",
    ""runNumber"": ""MEC-2026-00001"",
    ""period"": ""2026-08"",
    ""status"": ""ready"",
    ""steps"": {
      ""accruals"": {
        ""status"": ""done"",
        ""journals"": [
          ""jv_1""
        ]
      }
    }
  }
}"
280,Period End,GET,/api/period-end/fiscal-years,Fiscal years (generated from the first journal up to today) with period status counts,Accounts > Period End > Period Management,Bearer JWT,"read:period-end, read:journal-vouchers",,"{
  ""success"": true,
  ""data"": [
    {
      ""code"": ""FY2026"",
      ""startDate"": ""2026-01-01"",
      ""endDate"": ""2026-12-31"",
      ""status"": ""open"",
      ""periods"": {
        ""open"": 13
      }
    }
  ]
}"
281,Period End,POST,/api/period-end/fiscal-years,Create the next fiscal year (or one starting on startDate) with its 12 periods and adjustment period 13,Accounts > Period End > Period Management,Bearer JWT,write:period-end,"{
  ""startDate"": ""2027-01-01""
}","{
  ""success"": true,
  ""data"": {
    ""code"": ""FY2027""
  }
}"
282,Period End,GET,/api/period-end/fiscal-years/:code,A fiscal year with its periods,Accounts > Period End > Period Management,Bearer JWT,"read:period-end, read:journal-vouchers",,"{
  ""success"": true,
  ""data"": {
    ""code"": ""FY2026"",
    ""periods"": [
      {
        ""period"": ""2026-01"",
        ""periodNo"": 1,
        ""status"": ""closed""
      }
    ]
  }
}"
283,Period End,GET,/api/period-end/periods/:period/checks,Run the month-end checklist for a period without a close run (preview),Accounts > Period End > Period Management,Bearer JWT,"read:period-end, read:journal-vouchers",,"{
  ""success"": true,
  ""data"": [
    {
      ""code"": ""unposted_journals"",
      ""status"": ""failed"",
      ""count"": 2,
      ""message"": ""2 journal(s) in 2026-08 not posted""
    }
  ]
}"
284,Period End,GET,/api/period-end/periods/:period/history,"Status history of a period (who opened, soft-closed, closed, reopened or locked it and why)",Accounts > Period End > Period Management,Bearer JWT,"read:period-end, read:journal-vouchers",,"{
  ""success"": true,
  ""data"": [
    {
      ""from"": ""open"",
      ""to"": ""closed"",
      ""remarks"": ""August closed"",
      ""changedBy"": ""Finance Manager"",
      ""changedAt"": ""2026-09-05T02:00:00Z""
    }
  ]
}"
285,Period End,POST,/api/period-end/periods/:period/status,"Open, soft-close or close a period (closing runs the blocking checks; reopening needs approve:period-end and remarks; locked periods cannot change)",Accounts > Period End > Period Management,Bearer JWT,write:period-end,"{
  ""status"": ""soft_closed"",
  ""remarks"": ""Pending insurer statements""
}","{
  ""success"": true,
  ""data"": {
    ""period"": ""2026-08"",
    ""status"": ""soft_closed""
  }
}"
286,Period End,GET,/api/period-end/recurring-journals,"Recurring and accrual journal templates (filter kind, status)",Accounts > Period End > Recurring Journals,Bearer JWT,"read:period-end, read:journal-vouchers",,"{
  ""success"": true,
  ""data"": [
    {
      ""id"": ""rj_1"",
      ""code"": ""RJV-2026-00001"",
      ""name"": ""Office rent"",
      ""kind"": ""recurring"",
      ""frequency"": ""monthly"",
      ""startDate"": ""2026-01-31"",
      ""nextRunDate"": ""2026-09-30"",
      ""autoPost"": true,
      ""lines"": [
        {
          ""accountCode"": ""4402001"",
          ""debit"": 85000,
          ""credit"": 0
        },
        {
          ""accountCode"": ""1102001"",
          ""debit"": 0,
          ""credit"": 85000
        }
      ]
    }
  ]
}"
287,Period End,POST,/api/period-end/recurring-journals,Create a recurring or accrual journal template (RJV number),Accounts > Period End > Recurring Journals,Bearer JWT,write:period-end,"{
  ""id"": ""rj_1"",
  ""code"": ""RJV-2026-00001"",
  ""name"": ""Office rent"",
  ""kind"": ""recurring"",
  ""frequency"": ""monthly"",
  ""startDate"": ""2026-01-31"",
  ""nextRunDate"": ""2026-09-30"",
  ""autoPost"": true,
  ""lines"": [
    {
      ""accountCode"": ""4402001"",
      ""debit"": 85000,
      ""credit"": 0
    },
    {
      ""accountCode"": ""1102001"",
      ""debit"": 0,
      ""credit"": 85000
    }
  ]
}","{
  ""success"": true,
  ""data"": {
    ""id"": ""rj_1"",
    ""code"": ""RJV-2026-00001"",
    ""name"": ""Office rent"",
    ""kind"": ""recurring"",
    ""frequency"": ""monthly"",
    ""startDate"": ""2026-01-31"",
    ""nextRunDate"": ""2026-09-30"",
    ""autoPost"": true,
    ""lines"": [
      {
        ""accountCode"": ""4402001"",
        ""debit"": 85000,
        ""credit"": 0
      },
      {
        ""accountCode"": ""1102001"",
        ""debit"": 0,
        ""credit"": 85000
      }
    ]
  }
}"
288,Period End,GET,/api/period-end/recurring-journals/:id,A recurring journal template with its generated journals,Accounts > Period End > Recurring Journals,Bearer JWT,"read:period-end, read:journal-vouchers",,"{
  ""success"": true,
  ""data"": {
    ""id"": ""rj_1"",
    ""code"": ""RJV-2026-00001"",
    ""name"": ""Office rent"",
    ""kind"": ""recurring"",
    ""frequency"": ""monthly"",
    ""startDate"": ""2026-01-31"",
    ""nextRunDate"": ""2026-09-30"",
    ""autoPost"": true,
    ""lines"": [
      {
        ""accountCode"": ""4402001"",
        ""debit"": 85000,
        ""credit"": 0
      },
      {
        ""accountCode"": ""1102001"",
        ""debit"": 0,
        ""credit"": 85000
      }
    ],
    ""runs"": [
      {
        ""occurrenceDate"": ""2026-08-31"",
        ""journalNumber"": ""JV-2026-00100"",
        ""status"": ""posted""
      }
    ]
  }
}"
289,Period End,PUT,/api/period-end/recurring-journals/:id,"Change a recurring journal template (lines, frequency, next run date, end date, auto-post, status)",Accounts > Period End > Recurring Journals,Bearer JWT,write:period-end,"{
  ""endDate"": ""2026-12-31"",
  ""autoPost"": false
}","{
  ""success"": true,
  ""data"": {
    ""id"": ""rj_1"",
    ""code"": ""RJV-2026-00001"",
    ""name"": ""Office rent"",
    ""kind"": ""recurring"",
    ""frequency"": ""monthly"",
    ""startDate"": ""2026-01-31"",
    ""nextRunDate"": ""2026-09-30"",
    ""autoPost"": true,
    ""lines"": [
      {
        ""accountCode"": ""4402001"",
        ""debit"": 85000,
        ""credit"": 0
      },
      {
        ""accountCode"": ""1102001"",
        ""debit"": 0,
        ""credit"": 85000
      }
    ]
  }
}"
290,Period End,POST,/api/period-end/recurring-journals/run-due,Post the recurring journals due up to asOf (default today); what the recurring-journals job does,Accounts > Period End > Recurring Journals,Bearer JWT,write:period-end,"{
  ""asOf"": ""2026-09-30""
}","{
  ""success"": true,
  ""data"": {
    ""created"": [
      {
        ""code"": ""RJV-2026-00001"",
        ""occurrence"": ""2026-09-30"",
        ""jvNumber"": ""JV-2026-00120""
      }
    ],
    ""errors"": []
  }
}"
291,Period End,GET,/api/period-end/statements/:type,"Financial statement (income-statement, balance-sheet, trial-balance, gl-detail) for FromDate / ToDate, from the report catalogue",Accounts > Period End > Financial Statements,Bearer JWT,"read:period-end, read:journal-vouchers, read:reports",Query: ?FromDate=2026-01-01&ToDate=2026-09-30,"{
  ""success"": true,
  ""data"": {
    ""rows"": [
      {
        ""accountType"": ""income"",
        ""fsGroup"": ""Revenue"",
        ""accountCode"": ""3201001"",
        ""currentPeriod"": 183803.75
      }
    ],
    ""summary"": {
      ""netIncome"": 120000
    }
  }
}"
292,Period End,GET,/api/period-end/tax-codes,"Tax codes master (VAT, EWT / FWT with BIR ATC, DST, LGT, premium tax); filter taxType, active, search",Master > Finance > Taxation,Bearer JWT,"read:period-end, read:masters",,"{
  ""success"": true,
  ""data"": [
    {
      ""code"": ""WC158"",
      ""description"": ""EWT 1% – purchases of goods by top withholding agents from corporate suppliers"",
      ""taxType"": ""EWT"",
      ""rate"": 1,
      ""atc"": ""WC158"",
      ""glAccount"": ""2204001"",
      ""active"": true
    }
  ]
}"
293,Period End,POST,/api/period-end/tax-codes,Add a tax code,Master > Finance > Taxation,Bearer JWT,"write:period-end, write:masters","{
  ""code"": ""WC158"",
  ""description"": ""EWT 1% – purchases of goods by top withholding agents from corporate suppliers"",
  ""taxType"": ""EWT"",
  ""rate"": 1,
  ""atc"": ""WC158"",
  ""glAccount"": ""2204001"",
  ""active"": true
}","{
  ""success"": true,
  ""data"": {
    ""code"": ""WC158"",
    ""description"": ""EWT 1% – purchases of goods by top withholding agents from corporate suppliers"",
    ""taxType"": ""EWT"",
    ""rate"": 1,
    ""atc"": ""WC158"",
    ""glAccount"": ""2204001"",
    ""active"": true
  }
}"
294,Period End,PUT,/api/period-end/tax-codes/:code,"Change a tax code (rate, ATC, GL account, active)",Master > Finance > Taxation,Bearer JWT,"write:period-end, write:masters","{
  ""rate"": 2
}","{
  ""success"": true,
  ""data"": {
    ""code"": ""WC158"",
    ""description"": ""EWT 1% – purchases of goods by top withholding agents from corporate suppliers"",
    ""taxType"": ""EWT"",
    ""rate"": 1,
    ""atc"": ""WC158"",
    ""glAccount"": ""2204001"",
    ""active"": true
  }
}"
295,Period End,GET,/api/period-end/year-end,Fiscal years with their year-end close runs,Accounts > Period End > Year-End Close,Bearer JWT,"read:period-end, read:journal-vouchers",,"{
  ""success"": true,
  ""data"": [
    {
      ""code"": ""FY2025"",
      ""status"": ""closed"",
      ""runs"": [
        {
          ""id"": ""yec_1"",
          ""runNumber"": ""YEC-2026-00001"",
          ""fiscalYear"": ""FY2025"",
          ""status"": ""closed"",
          ""netIncome"": 1250000,
          ""nextFiscalYear"": ""FY2026""
        }
      ]
    }
  ]
}"
296,Period End,POST,/api/period-end/year-end,"Start the year-end close of a fiscal year (the year becomes ""closing"")",Accounts > Period End > Year-End Close,Bearer JWT,write:period-end,"{
  ""fiscalYear"": ""FY2025""
}","{
  ""success"": true,
  ""data"": {
    ""id"": ""yec_1"",
    ""runNumber"": ""YEC-2026-00001"",
    ""fiscalYear"": ""FY2025"",
    ""status"": ""closed"",
    ""netIncome"": 1250000,
    ""nextFiscalYear"": ""FY2026""
  }
}"
297,Period End,GET,/api/period-end/year-end/:id,"A year-end close run with its checks, closing journals and opening balances",Accounts > Period End > Year-End Close,Bearer JWT,"read:period-end, read:journal-vouchers",,"{
  ""success"": true,
  ""data"": {
    ""id"": ""yec_1"",
    ""runNumber"": ""YEC-2026-00001"",
    ""fiscalYear"": ""FY2025"",
    ""status"": ""closed"",
    ""netIncome"": 1250000,
    ""nextFiscalYear"": ""FY2026""
  }
}"
298,Period End,POST,/api/period-end/year-end/:id/cancel,Cancel a year-end close run that has not closed the year,Accounts > Period End > Year-End Close,Bearer JWT,write:period-end,{},"{
  ""success"": true,
  ""data"": {
    ""id"": ""yec_1"",
    ""runNumber"": ""YEC-2026-00001"",
    ""fiscalYear"": ""FY2025"",
    ""status"": ""closed"",
    ""netIncome"": 1250000,
    ""nextFiscalYear"": ""FY2026""
  }
}"
299,Period End,POST,/api/period-end/year-end/:id/check,Run the year-end pre-checks,Accounts > Period End > Year-End Close,Bearer JWT,write:period-end,{},"{
  ""success"": true,
  ""data"": {
    ""id"": ""yec_1"",
    ""runNumber"": ""YEC-2026-00001"",
    ""fiscalYear"": ""FY2025"",
    ""status"": ""closed"",
    ""netIncome"": 1250000,
    ""nextFiscalYear"": ""FY2026""
  }
}"
300,Period End,POST,/api/period-end/year-end/:id/close,"Close the fiscal year: closing entries (P&L to current year P/L to retained earnings), opening balances of the next year, lock the periods, create the next year (approve:period-end)",Accounts > Period End > Year-End Close,Bearer JWT,approve:period-end,{},"{
  ""success"": true,
  ""data"": {
    ""id"": ""yec_1"",
    ""runNumber"": ""YEC-2026-00001"",
    ""fiscalYear"": ""FY2025"",
    ""status"": ""closed"",
    ""netIncome"": 1250000,
    ""nextFiscalYear"": ""FY2026""
  }
}"
301,Period End,POST,/api/period-end/year-end/:id/reverse,Reverse a year-end close until the first period of the next year is closed (approve:period-end; reason required),Accounts > Period End > Year-End Close,Bearer JWT,approve:period-end,{},"{
  ""success"": true,
  ""data"": {
    ""id"": ""yec_1"",
    ""runNumber"": ""YEC-2026-00001"",
    ""fiscalYear"": ""FY2025"",
    ""status"": ""closed"",
    ""netIncome"": 1250000,
    ""nextFiscalYear"": ""FY2026""
  }
}"
302,Petty Cash,GET,/api/payments/petty-cash/disbursements,"Petty cash disbursements (search, fundId / pettyCashCode, status; paging)",Accounts > Petty Cash > Disbursement,Bearer JWT,read:disbursements,Query: ?search=PCF&page=1&pageSize=10,"{
  ""success"": true,
  ""data"": [
    {
      ""pettyCashCode"": ""PCF-MKT"",
      ""requestId"": ""PCR-2026-00001"",
      ""expenseAccount"": ""4401001"",
      ""amount"": 450,
      ""vat"": 48.21,
      ""wht"": 0,
      ""remarks"": ""LBC courier""
    }
  ],
  ""pagination"": {
    ""page"": 1,
    ""pageSize"": 10,
    ""total"": 1,
    ""totalPages"": 1
  }
}"
303,Petty Cash,POST,/api/payments/petty-cash/disbursements,Create a petty cash disbursement (posts its journal),Accounts > Petty Cash > Disbursement > Add,Bearer JWT,write:disbursements,"{
  ""pettyCashCode"": ""PCF-MKT"",
  ""requestId"": ""PCR-2026-00001"",
  ""expenseAccount"": ""4401001"",
  ""amount"": 450,
  ""vat"": 48.21,
  ""wht"": 0,
  ""remarks"": ""LBC courier""
}","{
  ""success"": true,
  ""data"": {
    ""pettyCashCode"": ""PCF-MKT"",
    ""requestId"": ""PCR-2026-00001"",
    ""expenseAccount"": ""4401001"",
    ""amount"": 450,
    ""vat"": 48.21,
    ""wht"": 0,
    ""remarks"": ""LBC courier""
  }
}"
304,Petty Cash,GET,/api/payments/petty-cash/disbursements/:id,One petty cash disbursement (id or number),Accounts > Petty Cash > Disbursement > View,Bearer JWT,read:disbursements,,"{
  ""success"": true,
  ""data"": {
    ""pettyCashCode"": ""PCF-MKT"",
    ""requestId"": ""PCR-2026-00001"",
    ""expenseAccount"": ""4401001"",
    ""amount"": 450,
    ""vat"": 48.21,
    ""wht"": 0,
    ""remarks"": ""LBC courier""
  }
}"
305,Petty Cash,GET,/api/payments/petty-cash/funds,"Petty cash funds (search, fundId / pettyCashCode, status; paging)",Accounts > Petty Cash > Initiate,Bearer JWT,read:disbursements,Query: ?search=PCF&page=1&pageSize=10,"{
  ""success"": true,
  ""data"": [
    {
      ""code"": ""PCF-MKT"",
      ""description"": ""Makati office petty cash"",
      ""fundSize"": 20000,
      ""maxLimit"": 5000,
      ""minimumCashbox"": 3000,
      ""branchCode"": ""PHP"",
      ""departmentCode"": ""FI""
    }
  ],
  ""pagination"": {
    ""page"": 1,
    ""pageSize"": 10,
    ""total"": 1,
    ""totalPages"": 1
  }
}"
306,Petty Cash,POST,/api/payments/petty-cash/funds,Create a petty cash fund (posts its journal),Accounts > Petty Cash > Initiate > Add,Bearer JWT,write:disbursements,"{
  ""code"": ""PCF-MKT"",
  ""description"": ""Makati office petty cash"",
  ""fundSize"": 20000,
  ""maxLimit"": 5000,
  ""minimumCashbox"": 3000,
  ""branchCode"": ""PHP"",
  ""departmentCode"": ""FI""
}","{
  ""success"": true,
  ""data"": {
    ""code"": ""PCF-MKT"",
    ""description"": ""Makati office petty cash"",
    ""fundSize"": 20000,
    ""maxLimit"": 5000,
    ""minimumCashbox"": 3000,
    ""branchCode"": ""PHP"",
    ""departmentCode"": ""FI""
  }
}"
307,Petty Cash,GET,/api/payments/petty-cash/funds/:id,One petty cash fund (id or number),Accounts > Petty Cash > Initiate > View,Bearer JWT,read:disbursements,,"{
  ""success"": true,
  ""data"": {
    ""code"": ""PCF-MKT"",
    ""description"": ""Makati office petty cash"",
    ""fundSize"": 20000,
    ""maxLimit"": 5000,
    ""minimumCashbox"": 3000,
    ""branchCode"": ""PHP"",
    ""departmentCode"": ""FI""
  }
}"
308,Petty Cash,PUT,/api/payments/petty-cash/funds/:id,Update fund limits / custodian / status,Accounts > Petty Cash > Initiate > Edit,Bearer JWT,write:disbursements,"{
  ""maxLimit"": 6000
}","{
  ""success"": true,
  ""data"": {
    ""code"": ""PCF-MKT"",
    ""description"": ""Makati office petty cash"",
    ""fundSize"": 20000,
    ""maxLimit"": 5000,
    ""minimumCashbox"": 3000,
    ""branchCode"": ""PHP"",
    ""departmentCode"": ""FI""
  }
}"
309,Petty Cash,GET,/api/payments/petty-cash/receipts,"Petty cash receipts (search, fundId / pettyCashCode, status; paging)",Accounts > Petty Cash > Receipts,Bearer JWT,read:disbursements,Query: ?search=PCF&page=1&pageSize=10,"{
  ""success"": true,
  ""data"": [
    {
      ""pettyCashCode"": ""PCF-MKT"",
      ""amount"": 200,
      ""requesterName"": ""Ana Reyes"",
      ""remarks"": ""Unused cash advance returned""
    }
  ],
  ""pagination"": {
    ""page"": 1,
    ""pageSize"": 10,
    ""total"": 1,
    ""totalPages"": 1
  }
}"
310,Petty Cash,POST,/api/payments/petty-cash/receipts,Create a petty cash receipt (posts its journal),Accounts > Petty Cash > Receipts > Add,Bearer JWT,write:disbursements,"{
  ""pettyCashCode"": ""PCF-MKT"",
  ""amount"": 200,
  ""requesterName"": ""Ana Reyes"",
  ""remarks"": ""Unused cash advance returned""
}","{
  ""success"": true,
  ""data"": {
    ""pettyCashCode"": ""PCF-MKT"",
    ""amount"": 200,
    ""requesterName"": ""Ana Reyes"",
    ""remarks"": ""Unused cash advance returned""
  }
}"
311,Petty Cash,GET,/api/payments/petty-cash/receipts/:id,One petty cash receipt (id or number),Accounts > Petty Cash > Receipts > View,Bearer JWT,read:disbursements,,"{
  ""success"": true,
  ""data"": {
    ""pettyCashCode"": ""PCF-MKT"",
    ""amount"": 200,
    ""requesterName"": ""Ana Reyes"",
    ""remarks"": ""Unused cash advance returned""
  }
}"
312,Petty Cash,GET,/api/payments/petty-cash/replenishments,"Petty cash replenishments (search, fundId / pettyCashCode, status; paging)",Accounts > Petty Cash > Replenish,Bearer JWT,read:disbursements,Query: ?search=PCF&page=1&pageSize=10,"{
  ""success"": true,
  ""data"": [
    {
      ""pettyCashCode"": ""PCF-MKT"",
      ""remarks"": ""Weekly replenishment""
    }
  ],
  ""pagination"": {
    ""page"": 1,
    ""pageSize"": 10,
    ""total"": 1,
    ""totalPages"": 1
  }
}"
313,Petty Cash,POST,/api/payments/petty-cash/replenishments,Create a petty cash replenishment (posts its journal),Accounts > Petty Cash > Replenish > Add,Bearer JWT,write:disbursements,"{
  ""pettyCashCode"": ""PCF-MKT"",
  ""remarks"": ""Weekly replenishment""
}","{
  ""success"": true,
  ""data"": {
    ""pettyCashCode"": ""PCF-MKT"",
    ""remarks"": ""Weekly replenishment""
  }
}"
314,Petty Cash,GET,/api/payments/petty-cash/replenishments/:id,One petty cash replenishment (id or number),Accounts > Petty Cash > Replenish > View,Bearer JWT,read:disbursements,,"{
  ""success"": true,
  ""data"": {
    ""pettyCashCode"": ""PCF-MKT"",
    ""remarks"": ""Weekly replenishment""
  }
}"
315,Petty Cash,GET,/api/payments/petty-cash/requests,"Petty cash requests (search, fundId / pettyCashCode, status; paging)",Accounts > Petty Cash > Request,Bearer JWT,read:disbursements,Query: ?search=PCF&page=1&pageSize=10,"{
  ""success"": true,
  ""data"": [
    {
      ""pettyCashCode"": ""PCF-MKT"",
      ""requesterName"": ""Ana Reyes"",
      ""purpose"": ""Courier and supplies"",
      ""lines"": [
        {
          ""narration"": ""LBC courier"",
          ""amount"": 450,
          ""expenseAccount"": ""4401001""
        }
      ],
      ""submit"": true
    }
  ],
  ""pagination"": {
    ""page"": 1,
    ""pageSize"": 10,
    ""total"": 1,
    ""totalPages"": 1
  }
}"
316,Petty Cash,POST,/api/payments/petty-cash/requests,Create a petty cash request,Accounts > Petty Cash > Request > Add,Bearer JWT,write:disbursements,"{
  ""pettyCashCode"": ""PCF-MKT"",
  ""requesterName"": ""Ana Reyes"",
  ""purpose"": ""Courier and supplies"",
  ""lines"": [
    {
      ""narration"": ""LBC courier"",
      ""amount"": 450,
      ""expenseAccount"": ""4401001""
    }
  ],
  ""submit"": true
}","{
  ""success"": true,
  ""data"": {
    ""pettyCashCode"": ""PCF-MKT"",
    ""requesterName"": ""Ana Reyes"",
    ""purpose"": ""Courier and supplies"",
    ""lines"": [
      {
        ""narration"": ""LBC courier"",
        ""amount"": 450,
        ""expenseAccount"": ""4401001""
      }
    ],
    ""submit"": true
  }
}"
317,Petty Cash,GET,/api/payments/petty-cash/requests/:id,One petty cash request (id or number),Accounts > Petty Cash > Request > View,Bearer JWT,read:disbursements,,"{
  ""success"": true,
  ""data"": {
    ""pettyCashCode"": ""PCF-MKT"",
    ""requesterName"": ""Ana Reyes"",
    ""purpose"": ""Courier and supplies"",
    ""lines"": [
      {
        ""narration"": ""LBC courier"",
        ""amount"": 450,
        ""expenseAccount"": ""4401001""
      }
    ],
    ""submit"": true
  }
}"
318,Petty Cash,PUT,/api/payments/petty-cash/requests/:id,Edit a draft / rejected request (lines replace existing),Accounts > Petty Cash > Request > Edit,Bearer JWT,write:disbursements,"{
  ""purpose"": ""Courier, supplies and snacks"",
  ""lines"": [
    {
      ""narration"": ""LBC courier"",
      ""amount"": 450
    },
    {
      ""narration"": ""Bond paper"",
      ""amount"": 320
    }
  ]
}","{
  ""success"": true,
  ""data"": {
    ""pettyCashCode"": ""PCF-MKT"",
    ""requesterName"": ""Ana Reyes"",
    ""purpose"": ""Courier and supplies"",
    ""lines"": [
      {
        ""narration"": ""LBC courier"",
        ""amount"": 450,
        ""expenseAccount"": ""4401001""
      }
    ],
    ""submit"": true
  }
}"
319,Petty Cash,POST,/api/payments/petty-cash/requests/:id/approve,Approve a submitted request (approver must differ from requester),Accounts > Petty Cash > Request,Bearer JWT,write:disbursements,{},"{
  ""success"": true,
  ""data"": {
    ""pettyCashCode"": ""PCF-MKT"",
    ""requesterName"": ""Ana Reyes"",
    ""purpose"": ""Courier and supplies"",
    ""lines"": [
      {
        ""narration"": ""LBC courier"",
        ""amount"": 450,
        ""expenseAccount"": ""4401001""
      }
    ],
    ""submit"": true,
    ""status"": ""approved""
  }
}"
320,Petty Cash,POST,/api/payments/petty-cash/requests/:id/reject,Reject a submitted request (approver must differ from requester),Accounts > Petty Cash > Request,Bearer JWT,write:disbursements,"{
  ""reason"": ""Not a petty cash expense""
}","{
  ""success"": true,
  ""data"": {
    ""pettyCashCode"": ""PCF-MKT"",
    ""requesterName"": ""Ana Reyes"",
    ""purpose"": ""Courier and supplies"",
    ""lines"": [
      {
        ""narration"": ""LBC courier"",
        ""amount"": 450,
        ""expenseAccount"": ""4401001""
      }
    ],
    ""submit"": true,
    ""status"": ""rejected""
  }
}"
321,Petty Cash,POST,/api/payments/petty-cash/requests/:id/submit,Submit a request for approval,Accounts > Petty Cash > Request,Bearer JWT,write:disbursements,{},"{
  ""success"": true,
  ""data"": {
    ""pettyCashCode"": ""PCF-MKT"",
    ""requesterName"": ""Ana Reyes"",
    ""purpose"": ""Courier and supplies"",
    ""lines"": [
      {
        ""narration"": ""LBC courier"",
        ""amount"": 450,
        ""expenseAccount"": ""4401001""
      }
    ],
    ""submit"": true,
    ""status"": ""submitted""
  }
}"
322,Policies,GET,/api/policies,"List policies (mine=true for own book; agents always get their own; paymentStatus, quoteRefId, clientId, productType, lob, status, insurer, client name, issued / expiry ranges, premium range, search; paging)",Operations > Policy / Renewal Policy / Client view,Bearer JWT,read:policies,Query: ?page=1&pageSize=10&mine=true&paymentStatus=Pending&clientId=cl_1&expiryDateFrom=2026-10-01T00%3A00%3A00.000Z&query=POL-2026,"{
  ""success"": true,
  ""data"": [
    {
      ""policyId"": ""pol_1"",
      ""policyNumber"": ""POL-2026-00001"",
      ""clientId"": ""cl_1"",
      ""insuredName"": ""Juan Dela Cruz"",
      ""status"": ""Active"",
      ""paymentStatus"": ""Pending"",
      ""inception"": ""2026-10-01"",
      ""expiry"": ""2027-10-01"",
      ""grossPremium"": 23171.25,
      ""billNumber"": ""INV-2026-00001"",
      ""quoteRefId"": ""qt_1""
    }
  ],
  ""total"": 1,
  ""page"": 1,
  ""pageSize"": 10,
  ""totalPages"": 1
}"
323,Policies,GET,/api/policies/:id,"Get one policy (by id or number) with client, lead and quotation",Operations > Policy > Policy detail,Bearer JWT,read:policies,,"{
  ""policyId"": ""pol_1"",
  ""policyNumber"": ""POL-2026-00001"",
  ""clientId"": ""cl_1"",
  ""insuredName"": ""Juan Dela Cruz"",
  ""status"": ""Active"",
  ""paymentStatus"": ""Pending"",
  ""inception"": ""2026-10-01"",
  ""expiry"": ""2027-10-01"",
  ""grossPremium"": 23171.25,
  ""billNumber"": ""INV-2026-00001"",
  ""quoteRefId"": ""qt_1"",
  ""success"": true
}"
324,Policies,PUT,/api/policies/:id,"Update policy details (upload policy: insurer policy number, dates, vehicle ids, photos, document); only finance may change paymentStatus",Operations > Quotation > Upload policy,Bearer JWT,write:policies,"{
  ""policyNumber"": ""MAL-MC-2026-0099"",
  ""inception"": ""2026-10-01"",
  ""expiry"": ""2027-10-01"",
  ""plateNumber"": ""ABC 1234"",
  ""policyDocument"": ""document/abc.pdf""
}","{
  ""policyId"": ""pol_1"",
  ""policyNumber"": ""POL-2026-00001"",
  ""clientId"": ""cl_1"",
  ""insuredName"": ""Juan Dela Cruz"",
  ""status"": ""Active"",
  ""paymentStatus"": ""Pending"",
  ""inception"": ""2026-10-01"",
  ""expiry"": ""2027-10-01"",
  ""grossPremium"": 23171.25,
  ""billNumber"": ""INV-2026-00001"",
  ""quoteRefId"": ""qt_1"",
  ""success"": true
}"
325,Policies,GET,/api/policies/:id/documents,"Documents of a policy: uploaded files (policy, quotation photos, endorsements) and generated PDFs",Operations > Policy > Policy detail > Documents,Bearer JWT,read:policies,,"{
  ""success"": true,
  ""data"": {
    ""files"": [
      {
        ""key"": ""vehicle/abc.jpg"",
        ""fileName"": ""front.jpg""
      }
    ],
    ""generated"": [
      {
        ""type"": ""policy-schedule"",
        ""url"": ""http://host/api/document-templates/policy-schedule/pol_1""
      }
    ]
  }
}"
326,Policies,GET,/api/policies/:id/documents/insurance-placing-slip-fire,Insurance placing slip PDF,Operations > Policy > Policy detail > Insurance placing slip,Bearer JWT,read:policies,,application/pdf
327,Policies,PATCH,/api/policies/:id/payment-status,Finance (write:receipts): set the payment status (policies.payment_statuses) and method. Other users record payments with POST /policies/:id/payments for finance to verify,Accounts > Receipts,Bearer JWT,write:receipts,"{
  ""paymentStatus"": ""Completed"",
  ""paymentMethod"": ""Direct Debit""
}","{
  ""policyId"": ""pol_1"",
  ""policyNumber"": ""POL-2026-00001"",
  ""clientId"": ""cl_1"",
  ""insuredName"": ""Juan Dela Cruz"",
  ""status"": ""Active"",
  ""paymentStatus"": ""Completed"",
  ""inception"": ""2026-10-01"",
  ""expiry"": ""2027-10-01"",
  ""grossPremium"": 23171.25,
  ""billNumber"": ""INV-2026-00001"",
  ""quoteRefId"": ""qt_1"",
  ""success"": true
}"
328,Policies,GET,/api/policies/:id/payments,"Payment screen: open bills, captured payments, payment modes, gateway (if configured), whether the user can confirm",Operations > Policy > Payment,Bearer JWT,read:policies,,"{
  ""success"": true,
  ""data"": {
    ""policyId"": ""pol_1"",
    ""outstanding"": 11862.5,
    ""receivables"": [
      {
        ""receivableId"": ""rcv_1"",
        ""billNumber"": ""INV-2026-00001"",
        ""balance"": 11862.5,
        ""pendingVerification"": 0
      }
    ],
    ""captures"": [
      {
        ""id"": ""pp_1"",
        ""policyId"": ""pol_1"",
        ""policyNumber"": ""POL-2026-00001"",
        ""receivableId"": ""rcv_1"",
        ""billNumber"": ""INV-2026-00001"",
        ""amount"": 11862.5,
        ""paymentMode"": ""bank-transfer"",
        ""referenceNo"": ""BDO-778812"",
        ""paymentDate"": ""2026-09-28"",
        ""status"": ""submitted"",
        ""receiptNumber"": null
      }
    ],
    ""modes"": [
      {
        ""value"": ""bank-transfer"",
        ""label"": ""Bank transfer"",
        ""referenceRequired"": true
      }
    ],
    ""gateway"": {
      ""enabled"": false,
      ""url"": null
    },
    ""canConfirm"": false
  }
}"
329,Policies,POST,/api/policies/:id/payments,"Payment capture (policy and endorsement bills): record how the client pays: pay later (bill stays open) or a payment (mode, reference, amount, date, proof; receivableId picks the bill, e.g. an endorsement bill) as pending for finance to verify; only users with write:receipts (finance) post the official receipt at once",Operations > Policy > Payment; Endorsement > Payment,Bearer JWT,"write:policies, write:receipts","{
  ""option"": ""payment"",
  ""paymentMode"": ""bank-transfer"",
  ""referenceNo"": ""BDO-778812"",
  ""amount"": 11862.5,
  ""paymentDate"": ""2026-09-28"",
  ""proofKey"": ""payment-proofs/abc.jpg""
}","{
  ""success"": true,
  ""data"": {
    ""option"": ""payment"",
    ""capture"": {
      ""id"": ""pp_1"",
      ""policyId"": ""pol_1"",
      ""policyNumber"": ""POL-2026-00001"",
      ""receivableId"": ""rcv_1"",
      ""billNumber"": ""INV-2026-00001"",
      ""amount"": 11862.5,
      ""paymentMode"": ""bank-transfer"",
      ""referenceNo"": ""BDO-778812"",
      ""paymentDate"": ""2026-09-28"",
      ""status"": ""submitted"",
      ""receiptNumber"": null
    },
    ""receipt"": null,
    ""posted"": false
  }
}"
330,Policies,POST,/api/policies/:id/payments/:paymentId/confirm,Finance: verify a captured payment; raises the official receipt (Dr Cash / Cr Premium Receivable),Operations > Policy > Payment (finance verification),Bearer JWT,write:receipts,{},"{
  ""success"": true,
  ""data"": {
    ""capture"": {
      ""id"": ""pp_1"",
      ""policyId"": ""pol_1"",
      ""policyNumber"": ""POL-2026-00001"",
      ""receivableId"": ""rcv_1"",
      ""billNumber"": ""INV-2026-00001"",
      ""amount"": 11862.5,
      ""paymentMode"": ""bank-transfer"",
      ""referenceNo"": ""BDO-778812"",
      ""paymentDate"": ""2026-09-28"",
      ""status"": ""confirmed"",
      ""receiptNumber"": ""OR-2026-00001""
    }
  }
}"
331,Policies,POST,/api/policies/:id/payments/:paymentId/reject,Finance: reject a captured payment (not received / wrong reference),Operations > Policy > Payment (finance verification),Bearer JWT,write:receipts,"{
  ""reason"": ""No matching credit in the bank statement""
}","{
  ""success"": true,
  ""data"": {
    ""capture"": {
      ""id"": ""pp_1"",
      ""policyId"": ""pol_1"",
      ""policyNumber"": ""POL-2026-00001"",
      ""receivableId"": ""rcv_1"",
      ""billNumber"": ""INV-2026-00001"",
      ""amount"": 11862.5,
      ""paymentMode"": ""bank-transfer"",
      ""referenceNo"": ""BDO-778812"",
      ""paymentDate"": ""2026-09-28"",
      ""status"": ""rejected"",
      ""receiptNumber"": null
    }
  }
}"
332,Policies,POST,/api/policies/bulk-upload,"Bulk upload issued policies from CSV / XLSX (policy number, insured, product, insurer, inception, expiry, premiums)",Operations > Policy > Bulk Upload,Bearer JWT,write:policies,multipart/form-data file,"{
  ""success"": true,
  ""data"": {
    ""message"": ""Processed 2 rows: 2 created, 0 failed"",
    ""created"": 2,
    ""failed"": 0,
    ""errors"": []
  }
}"
333,Policies,GET,/api/policies/payment-captures,"Premium payments captured on policies, for finance verification (status submitted | confirmed | rejected | all)",Operations > Policy > Payment (finance verification),Bearer JWT,read:receipts,Query: ?status=submitted,"{
  ""success"": true,
  ""data"": [
    {
      ""id"": ""pp_1"",
      ""policyId"": ""pol_1"",
      ""policyNumber"": ""POL-2026-00001"",
      ""receivableId"": ""rcv_1"",
      ""billNumber"": ""INV-2026-00001"",
      ""amount"": 11862.5,
      ""paymentMode"": ""bank-transfer"",
      ""referenceNo"": ""BDO-778812"",
      ""paymentDate"": ""2026-09-28"",
      ""status"": ""submitted"",
      ""receiptNumber"": null
    }
  ]
}"
334,Policy renewals,GET,/api/policy-renewals,"Renewals (clientId, policyId, status, search, page, limit)",Clients > Renewals tab; renewal quote wizard,Bearer JWT,"read:renewals, write:renewals, write:quotations",Query: ?clientId=cl_1&page=1&limit=50,"{
  ""success"": true,
  ""data"": [
    {
      ""id"": ""rnw_1"",
      ""renewalNumber"": ""RN-2026-00001"",
      ""policyId"": ""pol_1"",
      ""policyNumber"": ""POL-2025-00012"",
      ""clientId"": ""cl_1"",
      ""insuredName"": ""Maria Santos"",
      ""status"": ""Quote Sent"",
      ""statusCode"": ""quoted"",
      ""policyExpiry"": ""2026-10-30"",
      ""grossPremium"": 21450.5,
      ""paymentStatus"": ""Paid"",
      ""coverageDetails"": {
        ""lossAndDamageCoverage"": ""850000"",
        ""totalSumInsured"": ""850000""
      },
      ""policy"": {
        ""policyNumber"": ""POL-2025-00012""
      }
    }
  ],
  ""pagination"": {
    ""page"": 1,
    ""limit"": 50,
    ""total"": 1,
    ""totalPages"": 1
  }
}"
335,Policy renewals,GET,/api/policy-renewals/:renewalId,"Renewal with quotes, notices and activity timeline",Operations > Renewals,Bearer JWT,"read:renewals, write:renewals, write:quotations",,"{
  ""success"": true,
  ""data"": {
    ""id"": ""rnw_1"",
    ""renewalNumber"": ""RN-2026-00001"",
    ""policyId"": ""pol_1"",
    ""policyNumber"": ""POL-2025-00012"",
    ""clientId"": ""cl_1"",
    ""insuredName"": ""Maria Santos"",
    ""status"": ""Quote Sent"",
    ""statusCode"": ""quoted"",
    ""policyExpiry"": ""2026-10-30"",
    ""grossPremium"": 21450.5,
    ""paymentStatus"": ""Paid"",
    ""coverageDetails"": {
      ""lossAndDamageCoverage"": ""850000"",
      ""totalSumInsured"": ""850000""
    },
    ""policy"": {
      ""policyNumber"": ""POL-2025-00012""
    },
    ""quotes"": [],
    ""notices"": [],
    ""activities"": []
  }
}"
336,Policy renewals,PUT,/api/policy-renewals/:renewalId,"Update the renewal wizard data (coverage, accessories, order summary, dates)",Operations > Policy > Renew (coverage details),Bearer JWT,"write:renewals, write:quotations","{
  ""coverageDetails"": {
    ""lossAndDamageCoverage"": ""900000""
  },
  ""orderSummary"": {
    ""grossPremium"": 22800
  }
}","{
  ""success"": true,
  ""message"": ""Renewal updated"",
  ""data"": {
    ""id"": ""rnw_1"",
    ""renewalNumber"": ""RN-2026-00001"",
    ""policyId"": ""pol_1"",
    ""policyNumber"": ""POL-2025-00012"",
    ""clientId"": ""cl_1"",
    ""insuredName"": ""Maria Santos"",
    ""status"": ""Quote Sent"",
    ""statusCode"": ""quoted"",
    ""policyExpiry"": ""2026-10-30"",
    ""grossPremium"": 21450.5,
    ""paymentStatus"": ""Paid"",
    ""coverageDetails"": {
      ""lossAndDamageCoverage"": ""850000"",
      ""totalSumInsured"": ""850000""
    },
    ""policy"": {
      ""policyNumber"": ""POL-2025-00012""
    }
  }
}"
337,Policy renewals,GET,/api/policy-renewals/batches,"Renewal batches (status, search, sortField, sortOrder, page, limit)",Operations > Renewals > Renewal Batch,Bearer JWT,read:renewals,Query: ?page=1&limit=20&status=Draft,"{
  ""success"": true,
  ""data"": [
    {
      ""id"": ""rb_1"",
      ""batchId"": ""RB-2026-00001"",
      ""status"": ""Draft"",
      ""totalPolicies"": 12,
      ""processedCount"": 0,
      ""createdAt"": ""2026-09-28T01:00:00Z""
    }
  ],
  ""pagination"": {
    ""page"": 1,
    ""limit"": 20,
    ""total"": 1,
    ""totalPages"": 1
  }
}"
338,Policy renewals,GET,/api/policy-renewals/batches/:id,Batch with its policies and notice status,Operations > Renewals > Renewal Batch > Batch details,Bearer JWT,read:renewals,,"{
  ""success"": true,
  ""data"": {
    ""id"": ""rb_1"",
    ""batchId"": ""RB-2026-00001"",
    ""status"": ""Draft"",
    ""totalPolicies"": 12,
    ""processedCount"": 0,
    ""createdAt"": ""2026-09-28T01:00:00Z"",
    ""policies"": [
      {
        ""id"": 1,
        ""policyId"": ""pol_1"",
        ""isSelected"": true,
        ""noticeStatus"": ""Sent"",
        ""noticeSentAt"": ""2026-09-28T01:05:00Z"",
        ""policy"": {
          ""policyNumber"": ""POL-2025-00012"",
          ""insuranceCompanyName"": ""MAPFRE Insurance Corporation""
        }
      }
    ]
  }
}"
339,Policy renewals,PUT,/api/policy-renewals/batches/:id,Update batch criteria or status (Draft | Cancelled | Completed),Operations > Renewals > Renewal Batch,Bearer JWT,write:renewals,"{
  ""status"": ""Cancelled""
}","{
  ""success"": true,
  ""data"": {
    ""id"": ""rb_1"",
    ""batchId"": ""RB-2026-00001"",
    ""status"": ""Draft"",
    ""totalPolicies"": 12,
    ""processedCount"": 0,
    ""createdAt"": ""2026-09-28T01:00:00Z""
  }
}"
340,Policy renewals,DELETE,/api/policy-renewals/batches/:id,Delete a batch that has not sent notices,Operations > Renewals > Renewal Batch,Bearer JWT,write:renewals,,"{
  ""success"": true,
  ""message"": ""Batch deleted""
}"
341,Policy renewals,GET,/api/policy-renewals/batches/:id/notice-status,Notice status counts of a batch,Operations > Renewals > Renewal Batch,Bearer JWT,read:renewals,,"{
  ""success"": true,
  ""data"": {
    ""total"": 12,
    ""NotSent"": 2,
    ""Queued"": 0,
    ""Sent"": 9,
    ""Failed"": 1
  }
}"
342,Policy renewals,GET,/api/policy-renewals/batches/:id/policies,"Batch policies (noticeStatus, isSelected, page, pageSize)",Operations > Renewals > Renewal Batch,Bearer JWT,read:renewals,Query: ?noticeStatus=Failed&page=1&pageSize=20,"{
  ""success"": true,
  ""data"": [],
  ""pagination"": {
    ""page"": 1,
    ""limit"": 20,
    ""total"": 0,
    ""totalPages"": 0
  }
}"
343,Policy renewals,PUT,/api/policy-renewals/batches/:id/policies/:policyId,Select / unselect a policy in a batch,Operations > Renewals > Renewal Batch,Bearer JWT,write:renewals,"{
  ""isSelected"": true
}","{
  ""success"": true,
  ""data"": {
    ""id"": 1,
    ""isSelected"": true
  }
}"
344,Policy renewals,GET,/api/policy-renewals/batches/:id/report,Batch report download (.xlsx; format=csv for CSV),Operations > Renewals > Renewal Batch > Generate Report,Bearer JWT,read:renewals,,application/vnd.openxmlformats-officedocument.spreadsheetml.sheet
345,Policy renewals,POST,/api/policy-renewals/batches/:id/retry-failed,Requeue failed notices of a batch,Operations > Renewals > Renewal Batch > Retry Failed,Bearer JWT,write:renewals,,"{
  ""success"": true,
  ""message"": ""Failed notices requeued"",
  ""data"": {
    ""jobId"": ""16"",
    ""queued"": 1
  }
}"
346,Policy renewals,POST,/api/policy-renewals/batches/:id/send-notices,Queue renewal notices for the selected policies (background job; poll /queue/:jobId),Operations > Renewals > Renewal Batch > Send Renewal Notices,Bearer JWT,write:renewals,"{
  ""batchId"": ""RB-2026-00001"",
  ""selectedPolicyIds"": [
    ""pol_1"",
    ""pol_2""
  ]
}","{
  ""success"": true,
  ""message"": ""Renewal notices queued"",
  ""data"": {
    ""jobId"": ""15"",
    ""queued"": 2,
    ""batchId"": ""RB-2026-00001""
  }
}"
347,Policy renewals,GET,/api/policy-renewals/batches/:id/statistics,"Batch statistics (counts, premium, success rate)",Operations > Renewals > Renewal Batch,Bearer JWT,read:renewals,,"{
  ""success"": true,
  ""data"": {
    ""total"": 12,
    ""Sent"": 9,
    ""Failed"": 1,
    ""totalPremium"": 254000,
    ""successRate"": 75
  }
}"
348,Policy renewals,POST,/api/policy-renewals/create-batches,Create a renewal batch from selected policies (id or policy number) or from criteria,Operations > Renewals > Renewal Batch > Create Batch,Bearer JWT,write:renewals,"{
  ""criteriaOption"": {
    ""expiryDateFrom"": ""2026-10-01"",
    ""expiryDateTo"": ""2026-10-31"",
    ""insuranceCompanyName"": """",
    ""productType"": ""Motor""
  },
  ""policies"": [
    {
      ""policyId"": ""POL-2025-00012"",
      ""isSelected"": false
    }
  ],
  ""status"": ""Draft""
}","{
  ""success"": true,
  ""message"": ""Renewal batch created"",
  ""data"": {
    ""id"": ""rb_1"",
    ""batchId"": ""RB-2026-00001"",
    ""status"": ""Draft"",
    ""totalPolicies"": 12,
    ""processedCount"": 0,
    ""createdAt"": ""2026-09-28T01:00:00Z"",
    ""policies"": []
  }
}"
349,Policy renewals,GET,/api/policy-renewals/policies/:policyId/prefill,"Renewal wizard prefill: saved wizard data of the open renewal, else the expiring policy (its quotation, document or policy row)","Operations > Renewals > Renewal Policy > Renewal (coverage, accessories, order summary)",Bearer JWT,"read:renewals, write:renewals, write:quotations",,"{
  ""success"": true,
  ""data"": {
    ""policyId"": ""pol_1"",
    ""policyNumber"": ""POL-2025-00012"",
    ""clientId"": ""cl_1"",
    ""clientCode"": ""CL-2026-00001"",
    ""insuranceCompanyName"": ""MAPFRE Insurance Corporation"",
    ""sumInsured"": 850000,
    ""renewal"": null,
    ""coverageDetails"": {
      ""lossAndDamageCoverage"": 850000,
      ""totalSumInsured"": 850000
    },
    ""accessories"": {
      ""aircon"": """",
      ""stereo"": """"
    },
    ""vehicle"": {},
    ""source"": ""policy""
  }
}"
350,Policy renewals,POST,/api/policy-renewals/policies/:policyId/quotation,"Renewal wizard ""Completed Quote"": save the wizard data and create (or update) the renewal quotation linked to the expiring policy",Operations > Renewals > Renewal Policy > Renewal > Order summary,Bearer JWT,"write:renewals, write:quotations","{
  ""coverageDetails"": {
    ""lossAndDamageCoverage"": ""850000"",
    ""lossAndDamageCoverageRate"": ""1.6""
  },
  ""accessories"": {
    ""aircon"": """",
    ""stereo"": """"
  },
  ""orderSummary"": {
    ""discount"": 0
  }
}","{
  ""success"": true,
  ""message"": ""Renewal quotation created"",
  ""data"": {
    ""quotationId"": ""qt_1"",
    ""quotationNumber"": ""QT-2026-00002"",
    ""quotation"": {
      ""quotationId"": ""qt_1"",
      ""renewal"": {
        ""policyId"": ""pol_1""
      }
    },
    ""renewal"": {
      ""id"": ""rnw_1"",
      ""renewalNumber"": ""RN-2026-00001"",
      ""policyId"": ""pol_1"",
      ""policyNumber"": ""POL-2025-00012"",
      ""clientId"": ""cl_1"",
      ""insuredName"": ""Maria Santos"",
      ""status"": ""Quote Sent"",
      ""statusCode"": ""quoted"",
      ""policyExpiry"": ""2026-10-30"",
      ""grossPremium"": 21450.5,
      ""paymentStatus"": ""Paid"",
      ""coverageDetails"": {
        ""lossAndDamageCoverage"": ""850000"",
        ""totalSumInsured"": ""850000""
      },
      ""policy"": {
        ""policyNumber"": ""POL-2025-00012""
      }
    }
  }
}"
351,Policy renewals,POST,/api/policy-renewals/policies/:policyId/renewals,Create (or update the open) renewal of a policy with the wizard data,"Operations > Policy > Renew (coverage details, order summary)",Bearer JWT,"write:renewals, write:quotations","{
  ""coverageDetails"": {
    ""lossAndDamageCoverage"": ""850000"",
    ""bodilyInjury"": ""200000""
  },
  ""accessories"": [],
  ""orderSummary"": {
    ""netPremium"": 17800,
    ""grossPremium"": 21450.5
  },
  ""effectiveDate"": ""2026-10-31"",
  ""expiryDate"": ""2027-10-30""
}","{
  ""success"": true,
  ""message"": ""Renewal saved"",
  ""data"": {
    ""id"": ""rnw_1"",
    ""renewalNumber"": ""RN-2026-00001"",
    ""policyId"": ""pol_1"",
    ""policyNumber"": ""POL-2025-00012"",
    ""clientId"": ""cl_1"",
    ""insuredName"": ""Maria Santos"",
    ""status"": ""Quote Sent"",
    ""statusCode"": ""quoted"",
    ""policyExpiry"": ""2026-10-30"",
    ""grossPremium"": 21450.5,
    ""paymentStatus"": ""Paid"",
    ""coverageDetails"": {
      ""lossAndDamageCoverage"": ""850000"",
      ""totalSumInsured"": ""850000""
    },
    ""policy"": {
      ""policyNumber"": ""POL-2025-00012""
    }
  }
}"
352,Policy renewals,GET,/api/policy-renewals/queue-stats,"Job queue counters (waiting, processing, completed, failed)",Operations > Renewals > Renewal Batch,Bearer JWT,read:renewals,Query: ?queue=renewal-notices,"{
  ""success"": true,
  ""data"": {
    ""waiting"": 0,
    ""processing"": 1,
    ""active"": 1,
    ""completed"": 12,
    ""failed"": 0,
    ""delayed"": 0,
    ""total"": 13
  }
}"
353,Policy renewals,GET,/api/policy-renewals/queue/:jobId,Status and progress of a queued job,Operations > Renewals > Renewal Batch (polling),Bearer JWT,read:renewals,,"{
  ""success"": true,
  ""data"": {
    ""jobId"": ""15"",
    ""status"": ""processing"",
    ""progress"": {
      ""total"": 10,
      ""processed"": 4,
      ""succeeded"": 4,
      ""failed"": 0
    }
  }
}"
354,Product Configurator,GET,/api/product-configurator/acceptance-limits,Acceptance limits (filter productId / templateCode / status / search),Product Configurator > Acceptance limits,Bearer JWT,"read:products, write:products",Query: ?productId=3,"{
  ""success"": true,
  ""data"": [
    {
      ""id"": 1,
      ""productId"": 3,
      ""limitCode"": ""CODE"",
      ""limitName"": ""Name"",
      ""status"": ""Active""
    }
  ],
  ""total"": 1
}"
355,Product Configurator,POST,/api/product-configurator/acceptance-limits,"Create a acceptance limit (required: limitCode, limitName)",Product Configurator > Acceptance limits,Bearer JWT,write:products,"{
  ""productId"": 3,
  ""limitCode"": ""value"",
  ""limitName"": ""value""
}","{
  ""success"": true,
  ""data"": {
    ""id"": 1
  }
}"
356,Product Configurator,GET,/api/product-configurator/acceptance-limits/:id,One acceptance limit,Product Configurator > Acceptance limits,Bearer JWT,"read:products, write:products",,"{
  ""success"": true,
  ""data"": {
    ""id"": 1
  }
}"
357,Product Configurator,PUT,/api/product-configurator/acceptance-limits/:id,Update a acceptance limit,Product Configurator > Acceptance limits,Bearer JWT,write:products,"{
  ""status"": ""Inactive""
}","{
  ""success"": true,
  ""data"": {
    ""id"": 1
  }
}"
358,Product Configurator,DELETE,/api/product-configurator/acceptance-limits/:id,Delete a acceptance limit (soft),Product Configurator > Acceptance limits,Bearer JWT,write:products,,"{
  ""success"": true
}"
359,Product Configurator,GET,/api/product-configurator/analytics,"Product analytics from issued policies and claims: top products, performance trend, category breakdown",Product Configurator > Product Analytics; Dashboard,Bearer JWT,"read:products, write:products",,"{
  ""success"": true,
  ""data"": {
    ""topProducts"": [
      {
        ""productId"": 1,
        ""productName"": ""Motor Vehicle Insurance"",
        ""totalPolicies"": 12,
        ""totalPremium"": 360000,
        ""lossRatio"": 35.2,
        ""growth"": 12.3
      }
    ],
    ""performanceTrend"": [
      {
        ""month"": ""Sep"",
        ""premium"": 60000,
        ""policies"": 2,
        ""lossRatio"": 0
      }
    ],
    ""categoryBreakdown"": {
      ""Motor"": {
        ""percentage"": 60,
        ""premium"": 360000,
        ""count"": 12
      }
    }
  }
}"
360,Product Configurator,GET,/api/product-configurator/commissions,Commission structures (filter productId / templateCode / status / search),Product Configurator > Commission structures,Bearer JWT,"read:products, write:products",Query: ?productId=3,"{
  ""success"": true,
  ""data"": [
    {
      ""id"": 1,
      ""productId"": 3,
      ""structureCode"": ""CODE"",
      ""structureName"": ""Name"",
      ""status"": ""Active""
    }
  ],
  ""total"": 1
}"
361,Product Configurator,POST,/api/product-configurator/commissions,"Create a commission structure (required: structureName, type)",Product Configurator > Commission structures,Bearer JWT,write:products,"{
  ""productId"": 3,
  ""structureName"": ""value"",
  ""type"": ""value""
}","{
  ""success"": true,
  ""data"": {
    ""id"": 1
  }
}"
362,Product Configurator,GET,/api/product-configurator/commissions/:id,One commission structure,Product Configurator > Commission structures,Bearer JWT,"read:products, write:products",,"{
  ""success"": true,
  ""data"": {
    ""id"": 1
  }
}"
363,Product Configurator,PUT,/api/product-configurator/commissions/:id,Update a commission structure,Product Configurator > Commission structures,Bearer JWT,write:products,"{
  ""status"": ""Inactive""
}","{
  ""success"": true,
  ""data"": {
    ""id"": 1
  }
}"
364,Product Configurator,DELETE,/api/product-configurator/commissions/:id,Delete a commission structure (soft),Product Configurator > Commission structures,Bearer JWT,write:products,,"{
  ""success"": true
}"
365,Product Configurator,GET,/api/product-configurator/coverages,Coverages (filter productId / templateCode / status / search),Product Configurator > Coverages,Bearer JWT,"read:products, write:products",Query: ?productId=3,"{
  ""success"": true,
  ""data"": [
    {
      ""id"": 1,
      ""productId"": 3,
      ""coverageCode"": ""CODE"",
      ""coverageName"": ""Name"",
      ""status"": ""Active""
    }
  ],
  ""total"": 1
}"
366,Product Configurator,POST,/api/product-configurator/coverages,"Create a coverage (required: coverageCode, coverageName, type)",Product Configurator > Coverages,Bearer JWT,write:products,"{
  ""productId"": 3,
  ""coverageCode"": ""value"",
  ""coverageName"": ""value"",
  ""type"": ""value""
}","{
  ""success"": true,
  ""data"": {
    ""id"": 1
  }
}"
367,Product Configurator,GET,/api/product-configurator/coverages/:id,One coverage,Product Configurator > Coverages,Bearer JWT,"read:products, write:products",,"{
  ""success"": true,
  ""data"": {
    ""id"": 1
  }
}"
368,Product Configurator,PUT,/api/product-configurator/coverages/:id,Update a coverage,Product Configurator > Coverages,Bearer JWT,write:products,"{
  ""status"": ""Inactive""
}","{
  ""success"": true,
  ""data"": {
    ""id"": 1
  }
}"
369,Product Configurator,DELETE,/api/product-configurator/coverages/:id,Delete a coverage (soft),Product Configurator > Coverages,Bearer JWT,write:products,,"{
  ""success"": true
}"
370,Product Configurator,GET,/api/product-configurator/dashboard,"Product configurator dashboard: template counts, categories, components, recent / expiring templates, analytics",Product Configurator > Dashboard,Bearer JWT,"read:products, write:products",,"{
  ""success"": true,
  ""data"": {
    ""summary"": {
      ""totalTemplates"": 12,
      ""active"": 8,
      ""draft"": 2,
      ""retired"": 1,
      ""components"": {
        ""coverages"": 10
      }
    },
    ""recentTemplates"": [
      {
        ""id"": 3,
        ""templateCode"": ""MOT-003-2025"",
        ""name"": ""Motor Insurance Basic Plan"",
        ""category"": ""Motor"",
        ""lineOfBusiness"": ""Motor Vehicle"",
        ""status"": ""Active"",
        ""version"": ""v3.2"",
        ""effectiveDate"": ""2025-01-01"",
        ""baseRate"": 2.5,
        ""minPremium"": 10000,
        ""commissionRate"": 12,
        ""configuration"": {
          ""premiumRates"": {
            ""private_cars"": ""2""
          }
        },
        ""features"": {},
        ""insurers"": [],
        ""tags"": [],
        ""_count"": {
          ""coverages"": 7,
          ""ratingFactors"": 8,
          ""underwritingRules"": 7
        }
      }
    ]
  }
}"
371,Product Configurator,GET,/api/product-configurator/documents,Document templates (filter productId / templateCode / status / search),Product Configurator > Document templates,Bearer JWT,"read:products, write:products",Query: ?productId=3,"{
  ""success"": true,
  ""data"": [
    {
      ""id"": 1,
      ""productId"": 3,
      ""documentCode"": ""CODE"",
      ""documentName"": ""Name"",
      ""status"": ""Active""
    }
  ],
  ""total"": 1
}"
372,Product Configurator,POST,/api/product-configurator/documents,"Create a document template (required: documentCode, documentName, type)",Product Configurator > Document templates,Bearer JWT,write:products,"{
  ""productId"": 3,
  ""documentCode"": ""value"",
  ""documentName"": ""value"",
  ""type"": ""value""
}","{
  ""success"": true,
  ""data"": {
    ""id"": 1
  }
}"
373,Product Configurator,GET,/api/product-configurator/documents/:id,One document template,Product Configurator > Document templates,Bearer JWT,"read:products, write:products",,"{
  ""success"": true,
  ""data"": {
    ""id"": 1
  }
}"
374,Product Configurator,PUT,/api/product-configurator/documents/:id,Update a document template,Product Configurator > Document templates,Bearer JWT,write:products,"{
  ""status"": ""Inactive""
}","{
  ""success"": true,
  ""data"": {
    ""id"": 1
  }
}"
375,Product Configurator,DELETE,/api/product-configurator/documents/:id,Delete a document template (soft),Product Configurator > Document templates,Bearer JWT,write:products,,"{
  ""success"": true
}"
376,Product Configurator,GET,/api/product-configurator/market-mappings,Market mappings (filter productId / templateCode / status / search),Product Configurator > Market mappings,Bearer JWT,"read:products, write:products",Query: ?productId=3,"{
  ""success"": true,
  ""data"": [
    {
      ""id"": 1,
      ""productId"": 3,
      ""productCode"": ""CODE"",
      ""insurerName"": ""Name"",
      ""status"": ""Active""
    }
  ],
  ""total"": 1
}"
377,Product Configurator,POST,/api/product-configurator/market-mappings,"Create a market mapping (required: insurerName, productCode)",Product Configurator > Market mappings,Bearer JWT,write:products,"{
  ""productId"": 3,
  ""insurerName"": ""value"",
  ""productCode"": ""value""
}","{
  ""success"": true,
  ""data"": {
    ""id"": 1
  }
}"
378,Product Configurator,GET,/api/product-configurator/market-mappings/:id,One market mapping,Product Configurator > Market mappings,Bearer JWT,"read:products, write:products",,"{
  ""success"": true,
  ""data"": {
    ""id"": 1
  }
}"
379,Product Configurator,PUT,/api/product-configurator/market-mappings/:id,Update a market mapping,Product Configurator > Market mappings,Bearer JWT,write:products,"{
  ""status"": ""Inactive""
}","{
  ""success"": true,
  ""data"": {
    ""id"": 1
  }
}"
380,Product Configurator,DELETE,/api/product-configurator/market-mappings/:id,Delete a market mapping (soft),Product Configurator > Market mappings,Bearer JWT,write:products,,"{
  ""success"": true
}"
381,Product Configurator,GET,/api/product-configurator/products,"Product templates (search, status, category; page / pageSize)",Product Configurator > Product Templates; Dashboard,Bearer JWT,"read:products, write:products",Query: ?search=motor&status=Active&page=1&pageSize=10,"{
  ""success"": true,
  ""data"": [
    {
      ""id"": 3,
      ""templateCode"": ""MOT-003-2025"",
      ""name"": ""Motor Insurance Basic Plan"",
      ""category"": ""Motor"",
      ""lineOfBusiness"": ""Motor Vehicle"",
      ""status"": ""Active"",
      ""version"": ""v3.2"",
      ""effectiveDate"": ""2025-01-01"",
      ""baseRate"": 2.5,
      ""minPremium"": 10000,
      ""commissionRate"": 12,
      ""configuration"": {
        ""premiumRates"": {
          ""private_cars"": ""2""
        }
      },
      ""features"": {},
      ""insurers"": [],
      ""tags"": [],
      ""_count"": {
        ""coverages"": 7,
        ""ratingFactors"": 8,
        ""underwritingRules"": 7
      }
    }
  ],
  ""page"": 1,
  ""pageSize"": 10,
  ""total"": 1
}"
382,Product Configurator,POST,/api/product-configurator/products,Create a product template,Product Configurator > Product Templates > Create Template,Bearer JWT,write:products,"{
  ""templateCode"": ""FIRE-RES-2026"",
  ""name"": ""Home Fire Protect"",
  ""category"": ""Fire"",
  ""lineOfBusiness"": ""Fire"",
  ""effectiveDate"": ""2026-01-01"",
  ""status"": ""Draft"",
  ""description"": ""Residential fire cover""
}","{
  ""success"": true,
  ""data"": {
    ""id"": 3,
    ""templateCode"": ""MOT-003-2025"",
    ""name"": ""Motor Insurance Basic Plan"",
    ""category"": ""Motor"",
    ""lineOfBusiness"": ""Motor Vehicle"",
    ""status"": ""Active"",
    ""version"": ""v3.2"",
    ""effectiveDate"": ""2025-01-01"",
    ""baseRate"": 2.5,
    ""minPremium"": 10000,
    ""commissionRate"": 12,
    ""configuration"": {
      ""premiumRates"": {
        ""private_cars"": ""2""
      }
    },
    ""features"": {},
    ""insurers"": [],
    ""tags"": [],
    ""_count"": {
      ""coverages"": 7,
      ""ratingFactors"": 8,
      ""underwritingRules"": 7
    }
  }
}"
383,Product Configurator,GET,/api/product-configurator/products/:id,One product template,Product Configurator > Template,Bearer JWT,"read:products, write:products",,"{
  ""success"": true,
  ""data"": {
    ""id"": 3,
    ""templateCode"": ""MOT-003-2025"",
    ""name"": ""Motor Insurance Basic Plan"",
    ""category"": ""Motor"",
    ""lineOfBusiness"": ""Motor Vehicle"",
    ""status"": ""Active"",
    ""version"": ""v3.2"",
    ""effectiveDate"": ""2025-01-01"",
    ""baseRate"": 2.5,
    ""minPremium"": 10000,
    ""commissionRate"": 12,
    ""configuration"": {
      ""premiumRates"": {
        ""private_cars"": ""2""
      }
    },
    ""features"": {},
    ""insurers"": [],
    ""tags"": [],
    ""_count"": {
      ""coverages"": 7,
      ""ratingFactors"": 8,
      ""underwritingRules"": 7
    }
  }
}"
384,Product Configurator,PUT,/api/product-configurator/products/:id,"Update a product template (any subset of fields, including configuration)",Product Configurator > Product Templates > Edit,Bearer JWT,write:products,"{
  ""name"": ""Motor Insurance Basic Plan"",
  ""status"": ""Active"",
  ""baseRate"": 2.5,
  ""configuration"": {
    ""taxes"": {
      ""vat"": 12
    }
  }
}","{
  ""success"": true,
  ""data"": {
    ""id"": 3,
    ""templateCode"": ""MOT-003-2025"",
    ""name"": ""Motor Insurance Basic Plan"",
    ""category"": ""Motor"",
    ""lineOfBusiness"": ""Motor Vehicle"",
    ""status"": ""Active"",
    ""version"": ""v3.2"",
    ""effectiveDate"": ""2025-01-01"",
    ""baseRate"": 2.5,
    ""minPremium"": 10000,
    ""commissionRate"": 12,
    ""configuration"": {
      ""premiumRates"": {
        ""private_cars"": ""2""
      }
    },
    ""features"": {},
    ""insurers"": [],
    ""tags"": [],
    ""_count"": {
      ""coverages"": 7,
      ""ratingFactors"": 8,
      ""underwritingRules"": 7
    }
  }
}"
385,Product Configurator,POST,/api/product-configurator/products/:id/calculate-premium,"Premium illustration from the template (base rate, factors, minimum, statutory taxes, commission)",Product Configurator > Rating Engine,Bearer JWT,"read:products, write:products, read:quotations","{
  ""sumInsured"": 1200000,
  ""factors"": {
    ""VEH_AGE"": 1.1,
    ""NCB"": 0.9
  }
}","{
  ""success"": true,
  ""data"": {
    ""basePremium"": 30000,
    ""adjustedPremium"": 29700,
    ""totalTax"": 3935.25,
    ""grossPremium"": 33635.25,
    ""commission"": 3564,
    ""netPremium"": 26136
  }
}"
386,Product Configurator,GET,/api/product-configurator/products/:id/insurers,Insurer panel of a template with market-mapping terms,Product Configurator > Market Mapping,Bearer JWT,"read:products, write:products",,"{
  ""success"": true,
  ""data"": [
    {
      ""insurerName"": ""Malayan Insurance Co., Inc."",
      ""insurerId"": 2,
      ""onPanel"": true,
      ""defaultCommissionRate"": 15,
      ""mapping"": null
    }
  ]
}"
387,Product Configurator,PUT,/api/product-configurator/products/:id/insurers,Set the insurer panel (insurer names or codes; must be active insurance companies),Product Configurator > Market Mapping,Bearer JWT,write:products,"{
  ""insurers"": [
    ""MALAYAN"",
    ""Pioneer Insurance & Surety Corp.""
  ]
}","{
  ""success"": true,
  ""data"": {
    ""id"": 3,
    ""templateCode"": ""MOT-003-2025"",
    ""name"": ""Motor Insurance Basic Plan"",
    ""category"": ""Motor"",
    ""lineOfBusiness"": ""Motor Vehicle"",
    ""status"": ""Active"",
    ""version"": ""v3.2"",
    ""effectiveDate"": ""2025-01-01"",
    ""baseRate"": 2.5,
    ""minPremium"": 10000,
    ""commissionRate"": 12,
    ""configuration"": {
      ""premiumRates"": {
        ""private_cars"": ""2""
      }
    },
    ""features"": {},
    ""insurers"": [
      ""Malayan Insurance Co., Inc.""
    ],
    ""tags"": [],
    ""_count"": {
      ""coverages"": 7,
      ""ratingFactors"": 8,
      ""underwritingRules"": 7
    }
  }
}"
388,Product Configurator,POST,/api/product-configurator/products/:id/reactivate,Reactivate a product template,Product Configurator > Product Templates,Bearer JWT,write:products,{},"{
  ""success"": true,
  ""data"": {
    ""id"": 3,
    ""templateCode"": ""MOT-003-2025"",
    ""name"": ""Motor Insurance Basic Plan"",
    ""category"": ""Motor"",
    ""lineOfBusiness"": ""Motor Vehicle"",
    ""status"": ""Active"",
    ""version"": ""v3.2"",
    ""effectiveDate"": ""2025-01-01"",
    ""baseRate"": 2.5,
    ""minPremium"": 10000,
    ""commissionRate"": 12,
    ""configuration"": {
      ""premiumRates"": {
        ""private_cars"": ""2""
      }
    },
    ""features"": {},
    ""insurers"": [],
    ""tags"": [],
    ""_count"": {
      ""coverages"": 7,
      ""ratingFactors"": 8,
      ""underwritingRules"": 7
    }
  }
}"
389,Product Configurator,POST,/api/product-configurator/products/:id/retire,Retire a product template,Product Configurator > Product Templates,Bearer JWT,write:products,"{
  ""reason"": ""Replaced by 2027 plan""
}","{
  ""success"": true,
  ""data"": {
    ""id"": 3,
    ""templateCode"": ""MOT-003-2025"",
    ""name"": ""Motor Insurance Basic Plan"",
    ""category"": ""Motor"",
    ""lineOfBusiness"": ""Motor Vehicle"",
    ""status"": ""Retired"",
    ""version"": ""v3.2"",
    ""effectiveDate"": ""2025-01-01"",
    ""baseRate"": 2.5,
    ""minPremium"": 10000,
    ""commissionRate"": 12,
    ""configuration"": {
      ""premiumRates"": {
        ""private_cars"": ""2""
      }
    },
    ""features"": {},
    ""insurers"": [],
    ""tags"": [],
    ""_count"": {
      ""coverages"": 7,
      ""ratingFactors"": 8,
      ""underwritingRules"": 7
    }
  }
}"
390,Product Configurator,GET,/api/product-configurator/products/:id/versions,All versions of a template code,Product Configurator > Template > Versions,Bearer JWT,"read:products, write:products",,"{
  ""success"": true,
  ""data"": [
    {
      ""id"": 3,
      ""templateCode"": ""MOT-003-2025"",
      ""name"": ""Motor Insurance Basic Plan"",
      ""category"": ""Motor"",
      ""lineOfBusiness"": ""Motor Vehicle"",
      ""status"": ""Active"",
      ""version"": ""v3.2"",
      ""effectiveDate"": ""2025-01-01"",
      ""baseRate"": 2.5,
      ""minPremium"": 10000,
      ""commissionRate"": 12,
      ""configuration"": {
        ""premiumRates"": {
          ""private_cars"": ""2""
        }
      },
      ""features"": {},
      ""insurers"": [],
      ""tags"": [],
      ""_count"": {
        ""coverages"": 7,
        ""ratingFactors"": 8,
        ""underwritingRules"": 7
      },
      ""isCurrent"": true
    }
  ]
}"
391,Product Configurator,POST,/api/product-configurator/products/:id/versions,Create the next draft version (clones configuration and components),Product Configurator > Template > New Version,Bearer JWT,write:products,"{
  ""version"": ""v4"",
  ""effectiveDate"": ""2027-01-01""
}","{
  ""success"": true,
  ""data"": {
    ""id"": 3,
    ""templateCode"": ""MOT-003-2025"",
    ""name"": ""Motor Insurance Basic Plan"",
    ""category"": ""Motor"",
    ""lineOfBusiness"": ""Motor Vehicle"",
    ""status"": ""Draft"",
    ""version"": ""v4"",
    ""effectiveDate"": ""2025-01-01"",
    ""baseRate"": 2.5,
    ""minPremium"": 10000,
    ""commissionRate"": 12,
    ""configuration"": {
      ""premiumRates"": {
        ""private_cars"": ""2""
      }
    },
    ""features"": {},
    ""insurers"": [],
    ""tags"": [],
    ""_count"": {
      ""coverages"": 7,
      ""ratingFactors"": 8,
      ""underwritingRules"": 7
    }
  }
}"
392,Product Configurator,GET,/api/product-configurator/products/configurator,Template with every component (by id or templateCode); fields are also returned at the top level for the quote screens,"Quotation wizard (coverage details, order summary); Product Configurator",Bearer JWT,"read:products, write:products, read:quotations",Query: ?templateCode=MOT-003-2025,"{
  ""success"": true,
  ""data"": {
    ""id"": 3,
    ""templateCode"": ""MOT-003-2025"",
    ""name"": ""Motor Insurance Basic Plan"",
    ""category"": ""Motor"",
    ""lineOfBusiness"": ""Motor Vehicle"",
    ""status"": ""Active"",
    ""version"": ""v3.2"",
    ""effectiveDate"": ""2025-01-01"",
    ""baseRate"": 2.5,
    ""minPremium"": 10000,
    ""commissionRate"": 12,
    ""configuration"": {
      ""premiumRates"": {
        ""private_cars"": ""2""
      }
    },
    ""features"": {},
    ""insurers"": [],
    ""tags"": [],
    ""_count"": {
      ""coverages"": 7,
      ""ratingFactors"": 8,
      ""underwritingRules"": 7
    },
    ""coverages"": [],
    ""ratingFactors"": [],
    ""underwritingRules"": []
  },
  ""id"": 3,
  ""templateCode"": ""MOT-003-2025"",
  ""name"": ""Motor Insurance Basic Plan"",
  ""category"": ""Motor"",
  ""lineOfBusiness"": ""Motor Vehicle"",
  ""status"": ""Active"",
  ""version"": ""v3.2"",
  ""effectiveDate"": ""2025-01-01"",
  ""baseRate"": 2.5,
  ""minPremium"": 10000,
  ""commissionRate"": 12,
  ""configuration"": {
    ""premiumRates"": {
      ""private_cars"": ""2""
    }
  },
  ""features"": {},
  ""insurers"": [],
  ""tags"": [],
  ""_count"": {
    ""coverages"": 7,
    ""ratingFactors"": 8,
    ""underwritingRules"": 7
  }
}"
393,Product Configurator,GET,/api/product-configurator/rating-factors,Rating factors (filter productId / templateCode / status / search),Product Configurator > Rating factors,Bearer JWT,"read:products, write:products",Query: ?productId=3,"{
  ""success"": true,
  ""data"": [
    {
      ""id"": 1,
      ""productId"": 3,
      ""factorCode"": ""CODE"",
      ""factorName"": ""Name"",
      ""status"": ""Active""
    }
  ],
  ""total"": 1
}"
394,Product Configurator,POST,/api/product-configurator/rating-factors,"Create a rating factor (required: factorCode, factorName, type)",Product Configurator > Rating factors,Bearer JWT,write:products,"{
  ""productId"": 3,
  ""factorCode"": ""value"",
  ""factorName"": ""value"",
  ""type"": ""value""
}","{
  ""success"": true,
  ""data"": {
    ""id"": 1
  }
}"
395,Product Configurator,GET,/api/product-configurator/rating-factors/:id,One rating factor,Product Configurator > Rating factors,Bearer JWT,"read:products, write:products",,"{
  ""success"": true,
  ""data"": {
    ""id"": 1
  }
}"
396,Product Configurator,PUT,/api/product-configurator/rating-factors/:id,Update a rating factor,Product Configurator > Rating factors,Bearer JWT,write:products,"{
  ""status"": ""Inactive""
}","{
  ""success"": true,
  ""data"": {
    ""id"": 1
  }
}"
397,Product Configurator,DELETE,/api/product-configurator/rating-factors/:id,Delete a rating factor (soft),Product Configurator > Rating factors,Bearer JWT,write:products,,"{
  ""success"": true
}"
398,Product Configurator,GET,/api/product-configurator/rating-parameters,Rating parameters (filter productId / templateCode / status / search),Product Configurator > Rating parameters,Bearer JWT,"read:products, write:products",Query: ?productId=3,"{
  ""success"": true,
  ""data"": [
    {
      ""id"": 1,
      ""productId"": 3,
      ""parameterCode"": ""CODE"",
      ""parameterName"": ""Name"",
      ""status"": ""Active""
    }
  ],
  ""total"": 1
}"
399,Product Configurator,POST,/api/product-configurator/rating-parameters,"Create a rating parameter (required: parameterCode, parameterName)",Product Configurator > Rating parameters,Bearer JWT,write:products,"{
  ""productId"": 3,
  ""parameterCode"": ""value"",
  ""parameterName"": ""value""
}","{
  ""success"": true,
  ""data"": {
    ""id"": 1
  }
}"
400,Product Configurator,GET,/api/product-configurator/rating-parameters/:id,One rating parameter,Product Configurator > Rating parameters,Bearer JWT,"read:products, write:products",,"{
  ""success"": true,
  ""data"": {
    ""id"": 1
  }
}"
401,Product Configurator,PUT,/api/product-configurator/rating-parameters/:id,Update a rating parameter,Product Configurator > Rating parameters,Bearer JWT,write:products,"{
  ""status"": ""Inactive""
}","{
  ""success"": true,
  ""data"": {
    ""id"": 1
  }
}"
402,Product Configurator,DELETE,/api/product-configurator/rating-parameters/:id,Delete a rating parameter (soft),Product Configurator > Rating parameters,Bearer JWT,write:products,,"{
  ""success"": true
}"
403,Product Configurator,GET,/api/product-configurator/risk-mappings,"Risk mappings (search, status, definitionType)",Product Configurator > Risk Mapping,Bearer JWT,"read:products, write:products",Query: ?search=fire&status=Active&definitionType=RISK_SECTIONS,"{
  ""success"": true,
  ""data"": [
    {
      ""id"": ""prm_iar"",
      ""productCode"": ""PRD-IAR"",
      ""lobCode"": ""IAR"",
      ""productName"": ""Industrial All Risks (IAR)"",
      ""definitionType"": ""RISK_SECTIONS"",
      ""status"": ""Active"",
      ""configuration"": {
        ""type"": ""IAR"",
        ""defaultVatPercent"": 12
      },
      ""sectionCount"": 1,
      ""sections"": [
        {
          ""id"": ""prs_iar_fire"",
          ""sectionCode"": ""FIRE"",
          ""sectionLabel"": ""Fire Material Damage"",
          ""defaultRatePercent"": 0.15,
          ""isActive"": true
        }
      ]
    }
  ],
  ""total"": 1
}"
404,Product Configurator,POST,/api/product-configurator/risk-mappings,Add a product line to risk mapping,Product Configurator > Risk Mapping,Bearer JWT,write:products,"{
  ""productCode"": ""PRD-MAR"",
  ""lobCode"": ""MARINE"",
  ""productName"": ""Marine Cargo"",
  ""lineOfBusiness"": ""Non-life · Marine"",
  ""definitionType"": ""PROPERTY_RISK_FIELDS"",
  ""definitionLabel"": ""Property risk fields"",
  ""status"": ""Draft""
}","{
  ""success"": true,
  ""data"": {
    ""id"": ""prm_iar"",
    ""productCode"": ""PRD-IAR"",
    ""lobCode"": ""IAR"",
    ""productName"": ""Industrial All Risks (IAR)"",
    ""definitionType"": ""RISK_SECTIONS"",
    ""status"": ""Active"",
    ""configuration"": {
      ""type"": ""IAR"",
      ""defaultVatPercent"": 12
    },
    ""sectionCount"": 1,
    ""sections"": [
      {
        ""id"": ""prs_iar_fire"",
        ""sectionCode"": ""FIRE"",
        ""sectionLabel"": ""Fire Material Damage"",
        ""defaultRatePercent"": 0.15,
        ""isActive"": true
      }
    ]
  }
}"
405,Product Configurator,GET,/api/product-configurator/risk-mappings/:id,One risk mapping with its sections (includeInactive=true for deactivated ones),Product Configurator > Risk Mapping > Detail,Bearer JWT,"read:products, write:products",Query: ?includeInactive=true,"{
  ""success"": true,
  ""data"": {
    ""id"": ""prm_iar"",
    ""productCode"": ""PRD-IAR"",
    ""lobCode"": ""IAR"",
    ""productName"": ""Industrial All Risks (IAR)"",
    ""definitionType"": ""RISK_SECTIONS"",
    ""status"": ""Active"",
    ""configuration"": {
      ""type"": ""IAR"",
      ""defaultVatPercent"": 12
    },
    ""sectionCount"": 1,
    ""sections"": [
      {
        ""id"": ""prs_iar_fire"",
        ""sectionCode"": ""FIRE"",
        ""sectionLabel"": ""Fire Material Damage"",
        ""defaultRatePercent"": 0.15,
        ""isActive"": true
      }
    ]
  }
}"
406,Product Configurator,PUT,/api/product-configurator/risk-mappings/:id,"Update a risk mapping (configuration JSON, status, labels)",Product Configurator > Risk Mapping > Save configuration,Bearer JWT,write:products,"{
  ""configuration"": {
    ""type"": ""CTPL"",
    ""fields"": [
      ""plateNo""
    ]
  },
  ""status"": ""Active""
}","{
  ""success"": true,
  ""data"": {
    ""id"": ""prm_iar"",
    ""productCode"": ""PRD-IAR"",
    ""lobCode"": ""IAR"",
    ""productName"": ""Industrial All Risks (IAR)"",
    ""definitionType"": ""RISK_SECTIONS"",
    ""status"": ""Active"",
    ""configuration"": {
      ""type"": ""IAR"",
      ""defaultVatPercent"": 12
    },
    ""sectionCount"": 1,
    ""sections"": [
      {
        ""id"": ""prs_iar_fire"",
        ""sectionCode"": ""FIRE"",
        ""sectionLabel"": ""Fire Material Damage"",
        ""defaultRatePercent"": 0.15,
        ""isActive"": true
      }
    ]
  }
}"
407,Product Configurator,GET,/api/product-configurator/risk-mappings/:id/section-options,Risk sections that can still be added (from the risk-section master),Product Configurator > Risk Mapping > IAR sections,Bearer JWT,"read:products, write:products",,"{
  ""success"": true,
  ""data"": [
    {
      ""sectionCode"": ""MB"",
      ""sectionLabel"": ""Machinery Breakdown"",
      ""defaultRatePercent"": 0.2
    }
  ]
}"
408,Product Configurator,POST,/api/product-configurator/risk-mappings/:id/sections,Add (or re-activate) a risk section,Product Configurator > Risk Mapping > IAR sections,Bearer JWT,write:products,"{
  ""sectionCode"": ""MB"",
  ""remarks"": ""Plant machinery"",
  ""defaultRatePercent"": 0.2
}","{
  ""success"": true,
  ""data"": {
    ""id"": ""prm_iar"",
    ""productCode"": ""PRD-IAR"",
    ""lobCode"": ""IAR"",
    ""productName"": ""Industrial All Risks (IAR)"",
    ""definitionType"": ""RISK_SECTIONS"",
    ""status"": ""Active"",
    ""configuration"": {
      ""type"": ""IAR"",
      ""defaultVatPercent"": 12
    },
    ""sectionCount"": 1,
    ""sections"": [
      {
        ""id"": ""prs_iar_fire"",
        ""sectionCode"": ""FIRE"",
        ""sectionLabel"": ""Fire Material Damage"",
        ""defaultRatePercent"": 0.15,
        ""isActive"": true
      }
    ]
  }
}"
409,Product Configurator,PUT,/api/product-configurator/risk-mappings/:id/sections/:sectionId,"Update a risk section (remarks, default rate, sort order)",Product Configurator > Risk Mapping > IAR sections,Bearer JWT,write:products,"{
  ""remarks"": ""Updated"",
  ""defaultRatePercent"": 0.25
}","{
  ""success"": true,
  ""data"": {
    ""id"": ""prm_iar"",
    ""productCode"": ""PRD-IAR"",
    ""lobCode"": ""IAR"",
    ""productName"": ""Industrial All Risks (IAR)"",
    ""definitionType"": ""RISK_SECTIONS"",
    ""status"": ""Active"",
    ""configuration"": {
      ""type"": ""IAR"",
      ""defaultVatPercent"": 12
    },
    ""sectionCount"": 1,
    ""sections"": [
      {
        ""id"": ""prs_iar_fire"",
        ""sectionCode"": ""FIRE"",
        ""sectionLabel"": ""Fire Material Damage"",
        ""defaultRatePercent"": 0.15,
        ""isActive"": true
      }
    ]
  }
}"
410,Product Configurator,POST,/api/product-configurator/risk-mappings/:id/sections/:sectionId/deactivate,Deactivate a risk section,Product Configurator > Risk Mapping > IAR sections,Bearer JWT,write:products,,"{
  ""success"": true,
  ""data"": {
    ""id"": ""prm_iar"",
    ""productCode"": ""PRD-IAR"",
    ""lobCode"": ""IAR"",
    ""productName"": ""Industrial All Risks (IAR)"",
    ""definitionType"": ""RISK_SECTIONS"",
    ""status"": ""Active"",
    ""configuration"": {
      ""type"": ""IAR"",
      ""defaultVatPercent"": 12
    },
    ""sectionCount"": 1,
    ""sections"": [
      {
        ""id"": ""prs_iar_fire"",
        ""sectionCode"": ""FIRE"",
        ""sectionLabel"": ""Fire Material Damage"",
        ""defaultRatePercent"": 0.15,
        ""isActive"": true
      }
    ]
  }
}"
411,Product Configurator,GET,/api/product-configurator/taxes,Statutory taxs (filter productId / templateCode / status / search),Product Configurator > Statutory taxs,Bearer JWT,"read:products, write:products",Query: ?productId=3,"{
  ""success"": true,
  ""data"": [
    {
      ""id"": 1,
      ""productId"": 3,
      ""taxCode"": ""CODE"",
      ""taxName"": ""Name"",
      ""status"": ""Active""
    }
  ],
  ""total"": 1
}"
412,Product Configurator,POST,/api/product-configurator/taxes,"Create a statutory tax (required: taxCode, taxName, rate)",Product Configurator > Statutory taxs,Bearer JWT,write:products,"{
  ""productId"": 3,
  ""taxCode"": ""value"",
  ""taxName"": ""value"",
  ""rate"": 1
}","{
  ""success"": true,
  ""data"": {
    ""id"": 1
  }
}"
413,Product Configurator,GET,/api/product-configurator/taxes/:id,One statutory tax,Product Configurator > Statutory taxs,Bearer JWT,"read:products, write:products",,"{
  ""success"": true,
  ""data"": {
    ""id"": 1
  }
}"
414,Product Configurator,PUT,/api/product-configurator/taxes/:id,Update a statutory tax,Product Configurator > Statutory taxs,Bearer JWT,write:products,"{
  ""status"": ""Inactive""
}","{
  ""success"": true,
  ""data"": {
    ""id"": 1
  }
}"
415,Product Configurator,DELETE,/api/product-configurator/taxes/:id,Delete a statutory tax (soft),Product Configurator > Statutory taxs,Bearer JWT,write:products,,"{
  ""success"": true
}"
416,Product Configurator,GET,/api/product-configurator/underwriting-rules,Underwriting rules (filter productId / templateCode / status / search),Product Configurator > Underwriting rules,Bearer JWT,"read:products, write:products",Query: ?productId=3,"{
  ""success"": true,
  ""data"": [
    {
      ""id"": 1,
      ""productId"": 3,
      ""ruleCode"": ""CODE"",
      ""ruleName"": ""Name"",
      ""status"": ""Active""
    }
  ],
  ""total"": 1
}"
417,Product Configurator,POST,/api/product-configurator/underwriting-rules,"Create a underwriting rule (required: ruleCode, ruleName, type, condition, action)",Product Configurator > Underwriting rules,Bearer JWT,write:products,"{
  ""productId"": 3,
  ""ruleCode"": ""value"",
  ""ruleName"": ""value"",
  ""type"": ""value"",
  ""condition"": ""value"",
  ""action"": ""value""
}","{
  ""success"": true,
  ""data"": {
    ""id"": 1
  }
}"
418,Product Configurator,GET,/api/product-configurator/underwriting-rules/:id,One underwriting rule,Product Configurator > Underwriting rules,Bearer JWT,"read:products, write:products",,"{
  ""success"": true,
  ""data"": {
    ""id"": 1
  }
}"
419,Product Configurator,PUT,/api/product-configurator/underwriting-rules/:id,Update a underwriting rule,Product Configurator > Underwriting rules,Bearer JWT,write:products,"{
  ""status"": ""Inactive""
}","{
  ""success"": true,
  ""data"": {
    ""id"": 1
  }
}"
420,Product Configurator,DELETE,/api/product-configurator/underwriting-rules/:id,Delete a underwriting rule (soft),Product Configurator > Underwriting rules,Bearer JWT,write:products,,"{
  ""success"": true
}"
421,Product Configurator,GET,/api/product-configurator/workflows,Approval workflows (filter productId / templateCode / status / search),Product Configurator > Approval workflows,Bearer JWT,"read:products, write:products",Query: ?productId=3,"{
  ""success"": true,
  ""data"": [
    {
      ""id"": 1,
      ""productId"": 3,
      ""workflowCode"": ""CODE"",
      ""workflowName"": ""Name"",
      ""status"": ""Active""
    }
  ],
  ""total"": 1
}"
422,Product Configurator,POST,/api/product-configurator/workflows,"Create a approval workflow (required: workflowCode, workflowName, type)",Product Configurator > Approval workflows,Bearer JWT,write:products,"{
  ""productId"": 3,
  ""workflowCode"": ""value"",
  ""workflowName"": ""value"",
  ""type"": ""value""
}","{
  ""success"": true,
  ""data"": {
    ""id"": 1
  }
}"
423,Product Configurator,GET,/api/product-configurator/workflows/:id,One approval workflow,Product Configurator > Approval workflows,Bearer JWT,"read:products, write:products",,"{
  ""success"": true,
  ""data"": {
    ""id"": 1
  }
}"
424,Product Configurator,PUT,/api/product-configurator/workflows/:id,Update a approval workflow,Product Configurator > Approval workflows,Bearer JWT,write:products,"{
  ""status"": ""Inactive""
}","{
  ""success"": true,
  ""data"": {
    ""id"": 1
  }
}"
425,Product Configurator,DELETE,/api/product-configurator/workflows/:id,Delete a approval workflow (soft),Product Configurator > Approval workflows,Bearer JWT,write:products,,"{
  ""success"": true
}"
426,Quotation masters,GET,/api/quotations/biCoverage/get-bi-coverage,BI coverage options (amount and flat premium) for a policy type,Operations > Quotation > Create Quote (policy / coverage details),Bearer JWT,"read:quotations, read:masters",Query: ?PolicyTypeId=1,"{
  ""success"": true,
  ""data"": [
    {
      ""id"": 1,
      ""label"": ""Bodily Injury 100,000"",
      ""amount"": 100000,
      ""premium"": 450
    }
  ]
}"
427,Quotation masters,GET,/api/quotations/master/account-codes,"Account codes for a quote: active referrers (agents, sub-agents, external) as dropdown options",Operations > Quotation > Create Quote (policy / coverage details),Bearer JWT,"read:quotations, read:masters",,"{
  ""success"": true,
  ""data"": [
    {
      ""id"": ""ref-jdelacruz"",
      ""code"": ""ref-jdelacruz"",
      ""label"": ""Juan Dela Cruz (Agent)"",
      ""value"": ""ref-jdelacruz"",
      ""type"": ""Agent""
    }
  ]
}"
428,Quotation masters,GET,/api/quotations/master/banks/get-all-banks,Banks / mortgagees,Operations > Quotation > Convert to policy (mortgagee),Bearer JWT,"read:quotations, read:masters",,"{
  ""success"": true,
  ""data"": [
    {
      ""id"": 1,
      ""code"": ""BDO"",
      ""name"": ""Banco de Oro""
    }
  ]
}"
429,Quotation masters,GET,/api/quotations/master/insurancecompany/get-insurance-companies,Insurance companies,Operations > Quotation > Create Quote (policy / coverage details),Bearer JWT,"read:quotations, read:masters",,"{
  ""success"": true,
  ""data"": [
    {
      ""id"": 1,
      ""code"": ""MALAYAN"",
      ""name"": ""Malayan Insurance Co., Inc."",
      ""commissionRate"": 0.15
    }
  ]
}"
430,Quotation masters,GET,/api/quotations/master/policyType/policy-type,Policy types of a product (productId = id or code),Operations > Quotation > Create Quote (policy / coverage details),Bearer JWT,"read:quotations, read:masters",Query: ?productId=MOTOR,"{
  ""success"": true,
  ""data"": [
    {
      ""id"": 1,
      ""code"": ""COMP"",
      ""name"": ""Comprehensive"",
      ""productId"": 1
    }
  ]
}"
431,Quotation masters,GET,/api/quotations/master/signatory/get-all-signatory,Authorised signatories,Operations > Quotation > Create Quote (policy / coverage details) > Order summary,Bearer JWT,"read:quotations, read:masters",,"{
  ""success"": true,
  ""data"": [
    {
      ""id"": 1,
      ""name"": ""Maria Regina Cruz"",
      ""designation"": ""President & CEO""
    }
  ]
}"
432,Quotation masters,GET,/api/quotations/master/vehicle/get-brands,Vehicle brands,Operations > Quotation > Create Quote (policy / coverage details),Bearer JWT,"read:quotations, read:masters",,"{
  ""success"": true,
  ""data"": [
    {
      ""id"": 1,
      ""name"": ""Toyota"",
      ""brandName"": ""Toyota""
    }
  ]
}"
433,Quotation masters,GET,/api/quotations/master/vehicle/get-models,Models of a brand (brand id or name),Operations > Quotation > Create Quote (policy / coverage details),Bearer JWT,"read:quotations, read:masters",Query: ?brand=Toyota,"{
  ""success"": true,
  ""data"": [
    {
      ""id"": 1,
      ""name"": ""Vios"",
      ""modelName"": ""Vios"",
      ""brandId"": 1
    }
  ]
}"
434,Quotation masters,GET,/api/quotations/master/vehicle/get-seating-capacity,Seating capacities (optionally of one variant),Operations > Quotation > Create Quote (policy / coverage details),Bearer JWT,"read:quotations, read:masters",Query: ?variant=1.3%20XLE%20CVT,"{
  ""success"": true,
  ""data"": [
    {
      ""id"": 5,
      ""seatingCapacity"": 5,
      ""name"": ""5""
    }
  ]
}"
435,Quotation masters,GET,/api/quotations/master/vehicle/get-variants,Variants of a model (model id or name),Operations > Quotation > Create Quote (policy / coverage details),Bearer JWT,"read:quotations, read:masters",Query: ?model=Vios,"{
  ""success"": true,
  ""data"": [
    {
      ""id"": 1,
      ""name"": ""1.3 XLE CVT"",
      ""variantName"": ""1.3 XLE CVT"",
      ""bodyType"": ""Sedan"",
      ""seatingCapacity"": 5
    }
  ]
}"
436,Quotation masters,GET,/api/quotations/master/vehicle/get-vehicle-types,Vehicle body types (from the variants master),Operations > Quotation > Create Quote (policy / coverage details),Bearer JWT,"read:quotations, read:masters",,"{
  ""success"": true,
  ""data"": [
    {
      ""id"": ""SUV"",
      ""name"": ""SUV""
    }
  ]
}"
437,Quotation masters,GET,/api/quotations/paCoverage/get-pa-coverages,PA coverage options (amount and flat premium) for a policy type,Operations > Quotation > Create Quote (policy / coverage details),Bearer JWT,"read:quotations, read:masters",Query: ?PolicyTypeId=1,"{
  ""success"": true,
  ""data"": [
    {
      ""id"": 1,
      ""label"": ""Bodily Injury 100,000"",
      ""amount"": 100000,
      ""premium"": 450
    }
  ]
}"
438,Quotation masters,GET,/api/quotations/pdCoverage/get-pd-coverages,PD coverage options (amount and flat premium) for a policy type,Operations > Quotation > Create Quote (policy / coverage details),Bearer JWT,"read:quotations, read:masters",Query: ?PolicyTypeId=1,"{
  ""success"": true,
  ""data"": [
    {
      ""id"": 1,
      ""label"": ""Bodily Injury 100,000"",
      ""amount"": 100000,
      ""premium"": 450
    }
  ]
}"
439,Quotation masters,POST,/api/quotations/quote/calculate-premium-quote,Legacy premium calculation (same as POST /quotations/calculate-premium),Operations > Quotation > Create Quote (policy / coverage details),Bearer JWT,"read:quotations, read:masters","{
  ""lossAndDamageCoverage"": 1000000,
  ""lossAndDamageCoverageRate"": 1.5
}","{
  ""success"": true,
  ""data"": {
    ""netPremium"": 15000,
    ""grossPremium"": 19856.25
  }
}"
440,Quotations,GET,/api/quotations,"List quotations (leadRefId, search, lob, productType, status; paging)",Operations > Quotation,Bearer JWT,read:quotations,Query: ?page=1&pageSize=10&leadRefId=ld_1&search=QT-2026&lob=FIRE,"{
  ""success"": true,
  ""data"": [
    {
      ""quotationId"": ""qt_1"",
      ""quotationNumber"": ""QT-2026-00001"",
      ""quotationStatus"": ""Draft"",
      ""leadRefId"": ""ld_1"",
      ""productType"": ""Motor"",
      ""netPremium"": 18500,
      ""valueAddedTax"": 2220,
      ""documentaryStampTax"": 2312.5,
      ""localGovernmentTax"": 138.75,
      ""grossPremium"": 23171.25,
      ""totalSumInsured"": 1200000,
      ""lead"": {
        ""firstName"": ""Juan"",
        ""lastName"": ""Dela Cruz""
      }
    }
  ],
  ""page"": 1,
  ""pageSize"": 10,
  ""total"": 1
}"
441,Quotations,POST,/api/quotations,"Create a quotation (Motor order summary, Fire / IAR cards, renewal); premiums recalculated server-side",Operations > Quotation > Create Quote (order summary),Bearer JWT,write:quotations,"{
  ""leadRefId"": ""ld_1"",
  ""productType"": ""Motor"",
  ""insurancePolicyType"": ""PC"",
  ""lossAndDamageCoverage"": ""1000000"",
  ""lossAndDamageCoverageRate"": ""1.5"",
  ""bodilyInjury"": ""200000"",
  ""propertyDamage"": ""200000"",
  ""APPAtotalCoverage"": ""250000"",
  ""participantDetails"": [
    {
      ""insuranceCompanyName"": ""Malayan Insurance Co., Inc.""
    }
  ],
  ""insuranceVehicleDetails"": [
    {
      ""vehicleBrand"": ""Toyota"",
      ""vehicleModel"": ""Vios"",
      ""modelYear"": ""2024""
    }
  ]
}","{
  ""quotationId"": ""qt_1"",
  ""quotationNumber"": ""QT-2026-00001"",
  ""quotationStatus"": ""Draft"",
  ""leadRefId"": ""ld_1"",
  ""productType"": ""Motor"",
  ""netPremium"": 18500,
  ""valueAddedTax"": 2220,
  ""documentaryStampTax"": 2312.5,
  ""localGovernmentTax"": 138.75,
  ""grossPremium"": 23171.25,
  ""totalSumInsured"": 1200000,
  ""lead"": {
    ""firstName"": ""Juan"",
    ""lastName"": ""Dela Cruz""
  },
  ""success"": true
}"
442,Quotations,GET,/api/quotations/:id,Get one quotation (by id or number) with lead summary and premium breakdown,Operations > Quotation > Quote detail,Bearer JWT,read:quotations,,"{
  ""quotationId"": ""qt_1"",
  ""quotationNumber"": ""QT-2026-00001"",
  ""quotationStatus"": ""Draft"",
  ""leadRefId"": ""ld_1"",
  ""productType"": ""Motor"",
  ""netPremium"": 18500,
  ""valueAddedTax"": 2220,
  ""documentaryStampTax"": 2312.5,
  ""localGovernmentTax"": 138.75,
  ""grossPremium"": 23171.25,
  ""totalSumInsured"": 1200000,
  ""lead"": {
    ""firstName"": ""Juan"",
    ""lastName"": ""Dela Cruz""
  },
  ""success"": true
}"
443,Quotations,PUT,/api/quotations/:id,Update a quotation (not once converted); premiums recalculated,Operations > Quotation > Edit quote,Bearer JWT,write:quotations,"{
  ""discount"": ""500"",
  ""remarks"": ""Loyalty discount""
}","{
  ""quotationId"": ""qt_1"",
  ""quotationNumber"": ""QT-2026-00001"",
  ""quotationStatus"": ""Draft"",
  ""leadRefId"": ""ld_1"",
  ""productType"": ""Motor"",
  ""netPremium"": 18500,
  ""valueAddedTax"": 2220,
  ""documentaryStampTax"": 2312.5,
  ""localGovernmentTax"": 138.75,
  ""grossPremium"": 23171.25,
  ""totalSumInsured"": 1200000,
  ""lead"": {
    ""firstName"": ""Juan"",
    ""lastName"": ""Dela Cruz""
  },
  ""success"": true
}"
444,Quotations,DELETE,/api/quotations/:id,Delete a Draft / Rejected / Dropped quotation,Operations > Quotation > Delete,Bearer JWT,write:quotations,,"{
  ""success"": true,
  ""message"": ""Quotation deleted"",
  ""data"": {
    ""quotationId"": ""qt_1""
  }
}"
445,Quotations,POST,/api/quotations/:id/convert-to-policy,"Convert to policy: client from lead, policy number, receivable (bill number), commission accrual; repeat calls update the issued policy",Operations > Quotation > Convert to policy / Payment confirmation,Bearer JWT,write:quotations,"{
  ""additionalPolicyData"": {
    ""insuredName"": ""Juan Dela Cruz"",
    ""plateNumber"": ""ABC 1234"",
    ""inception"": ""2026-10-01"",
    ""paymentStatus"": ""Pending"",
    ""paymentMethod"": ""Direct Debit""
  },
  ""createdBy"": ""agent""
}","{
  ""success"": true,
  ""message"": ""Policy created"",
  ""data"": {
    ""policy"": {
      ""policyId"": ""pol_1"",
      ""policyNumber"": ""POL-2026-00001"",
      ""billNumber"": ""INV-2026-00001""
    },
    ""client"": {
      ""clientId"": ""cl_1""
    }
  }
}"
446,Quotations,POST,/api/quotations/:id/send-for-approval,Send the quotation to the customer for approval (signed link e-mail) and notify underwriting,Operations > Quotation > Quote detail > Send for customer approval,Bearer JWT,write:quotations,"{
  ""sentBy"": ""agent""
}","{
  ""success"": true,
  ""message"": ""Quotation sent for approval"",
  ""sentTo"": ""juan@example.com"",
  ""approvalUrl"": ""http://localhost:3000/approve-quote?token=...""
}"
447,Quotations,POST,/api/quotations/:id/send-mail-policy-quote/customer,E-mail the policy / quotation summary to the customer,Operations > Quotation > Coverage detailed view,Bearer JWT,write:quotations,Query: ?policyId=pol_1,"{
  ""success"": true,
  ""message"": ""E-mail queued"",
  ""data"": {
    ""to"": ""juan@example.com""
  }
}"
448,Quotations,PUT,/api/quotations/:id/status,Change quotation status along quotations.transitions (Approved is maker-checker: approver differs from creator),Operations > Quotation > Quote detail (status),Bearer JWT,write:quotations,"{
  ""status"": ""Approved"",
  ""updatedBy"": ""agent""
}","{
  ""quotationId"": ""qt_1"",
  ""quotationNumber"": ""QT-2026-00001"",
  ""quotationStatus"": ""Approved"",
  ""leadRefId"": ""ld_1"",
  ""productType"": ""Motor"",
  ""netPremium"": 18500,
  ""valueAddedTax"": 2220,
  ""documentaryStampTax"": 2312.5,
  ""localGovernmentTax"": 138.75,
  ""grossPremium"": 23171.25,
  ""totalSumInsured"": 1200000,
  ""lead"": {
    ""firstName"": ""Juan"",
    ""lastName"": ""Dela Cruz""
  },
  ""success"": true
}"
449,Quotations,PATCH,/api/quotations/:id/status,Change quotation status along quotations.transitions (Approved is maker-checker: approver differs from creator),Operations > Quotation > Quote detail (status),Bearer JWT,write:quotations,"{
  ""status"": ""Approved"",
  ""updatedBy"": ""agent""
}","{
  ""quotationId"": ""qt_1"",
  ""quotationNumber"": ""QT-2026-00001"",
  ""quotationStatus"": ""Approved"",
  ""leadRefId"": ""ld_1"",
  ""productType"": ""Motor"",
  ""netPremium"": 18500,
  ""valueAddedTax"": 2220,
  ""documentaryStampTax"": 2312.5,
  ""localGovernmentTax"": 138.75,
  ""grossPremium"": 23171.25,
  ""totalSumInsured"": 1200000,
  ""lead"": {
    ""firstName"": ""Juan"",
    ""lastName"": ""Dela Cruz""
  },
  ""success"": true
}"
450,Quotations,POST,/api/quotations/:id/submit-to-insurer,Submit a customer-accepted quotation to the insurer (e-mail to the insurer contact),Operations > Quotation > Quote detail > Submit to insurer,Bearer JWT,write:quotations,"{
  ""submittedBy"": ""agent""
}","{
  ""success"": true,
  ""message"": ""Quotation submitted to insurer"",
  ""data"": {
    ""quotationId"": ""qt_1"",
    ""quotationNumber"": ""QT-2026-00001"",
    ""quotationStatus"": ""SubmittedToInsurer"",
    ""leadRefId"": ""ld_1"",
    ""productType"": ""Motor"",
    ""netPremium"": 18500,
    ""valueAddedTax"": 2220,
    ""documentaryStampTax"": 2312.5,
    ""localGovernmentTax"": 138.75,
    ""grossPremium"": 23171.25,
    ""totalSumInsured"": 1200000,
    ""lead"": {
      ""firstName"": ""Juan"",
      ""lastName"": ""Dela Cruz""
    }
  }
}"
451,Quotations,PATCH,/api/quotations/:id/vehicle-info,Save customer / vehicle information and photo keys on the quotation (convert-to-policy steps),Operations > Quotation > Convert to policy > Customer info / Vehicle photos,Bearer JWT,write:quotations,"{
  ""plateNumber"": ""ABC 1234"",
  ""chassisNumber"": ""JTDBT923"",
  ""motorNumber"": ""2NR123"",
  ""vehicleFrontSidePhoto"": ""vehicle/abc.jpg""
}","{
  ""quotationId"": ""qt_1"",
  ""quotationNumber"": ""QT-2026-00001"",
  ""quotationStatus"": ""Draft"",
  ""leadRefId"": ""ld_1"",
  ""productType"": ""Motor"",
  ""netPremium"": 18500,
  ""valueAddedTax"": 2220,
  ""documentaryStampTax"": 2312.5,
  ""localGovernmentTax"": 138.75,
  ""grossPremium"": 23171.25,
  ""totalSumInsured"": 1200000,
  ""lead"": {
    ""firstName"": ""Juan"",
    ""lastName"": ""Dela Cruz""
  },
  ""success"": true
}"
452,Quotations,POST,/api/quotations/approve-by-customer,Public approval link: preview (preview=true) or accept the quotation with the signed token (no login),Public /approve-quote,Public,Public,"{
  ""token"": ""<jwt from the e-mail link>"",
  ""preview"": true
}","{
  ""success"": true,
  ""message"": ""Quotation approved"",
  ""quotationId"": ""qt_1"",
  ""quotationNumber"": ""QT-2026-00001"",
  ""quotationStatus"": ""CustomerAccepted"",
  ""leadRefId"": ""ld_1"",
  ""productType"": ""Motor"",
  ""netPremium"": 18500,
  ""valueAddedTax"": 2220,
  ""documentaryStampTax"": 2312.5,
  ""localGovernmentTax"": 138.75,
  ""grossPremium"": 23171.25,
  ""totalSumInsured"": 1200000,
  ""lead"": {
    ""firstName"": ""Juan"",
    ""lastName"": ""Dela Cruz""
  }
}"
453,Quotations,GET,/api/quotations/audit-trail/:id,Audit trail of a quotation (one row per changed field),Operations > Quotation > Audit trail,Bearer JWT,read:quotations,Query: ?sort=desc,"{
  ""success"": true,
  ""data"": [
    {
      ""action"": ""update"",
      ""field"": ""discount"",
      ""oldValue"": ""0"",
      ""newValue"": ""500"",
      ""createdAt"": ""2026-09-01T02:00:00Z"",
      ""user"": {
        ""displayName"": ""Maria Santos""
      }
    }
  ]
}"
454,Quotations,POST,/api/quotations/bulk-upload,"Bulk upload quotations from CSV / XLSX (leadRefId or customer name columns, productType, sum insured, rate or net premium)",Operations > Quotation > Bulk Upload,Bearer JWT,write:quotations,multipart/form-data file,"{
  ""success"": true,
  ""data"": {
    ""message"": ""Processed 2 rows: 2 created, 0 failed"",
    ""created"": 2,
    ""failed"": 0,
    ""errors"": []
  }
}"
455,Quotations,GET,/api/quotations/by-status/:status,Quotations in one status,Operations > Quotation,Bearer JWT,read:quotations,Query: ?page=1&pageSize=10&leadRefId=ld_1,"{
  ""success"": true,
  ""data"": [
    {
      ""quotationId"": ""qt_1"",
      ""quotationNumber"": ""QT-2026-00001"",
      ""quotationStatus"": ""Draft"",
      ""leadRefId"": ""ld_1"",
      ""productType"": ""Motor"",
      ""netPremium"": 18500,
      ""valueAddedTax"": 2220,
      ""documentaryStampTax"": 2312.5,
      ""localGovernmentTax"": 138.75,
      ""grossPremium"": 23171.25,
      ""totalSumInsured"": 1200000,
      ""lead"": {
        ""firstName"": ""Juan"",
        ""lastName"": ""Dela Cruz""
      }
    }
  ],
  ""total"": 1
}"
456,Quotations,POST,/api/quotations/calculate-premium,"Premium breakdown (cover premiums, VAT, DST, LGT, FST, gross, commission) from rates in settings and the coverages master",Operations > Quotation > Coverage details / Order summary,Bearer JWT,read:quotations,"{
  ""productType"": ""Motor"",
  ""lossAndDamageCoverage"": 1000000,
  ""lossAndDamageCoverageRate"": 1.5,
  ""actsOfNatureRate"": 0.5,
  ""bodilyInjury"": 200000,
  ""propertyDamage"": 200000,
  ""APPAtotalCoverage"": 250000,
  ""discount"": 0
}","{
  ""success"": true,
  ""data"": {
    ""netPremium"": 26250,
    ""valueAddedTax"": 3150,
    ""documentaryStampTax"": 3281.25,
    ""localGovernmentTax"": 196.88,
    ""grossPremium"": 32878.13
  }
}"
457,Quotations,GET,/api/quotations/compare,Compare two quotations side by side with rule-based insights,Operations > Quotation > Compare,Bearer JWT,read:quotations,Query: ?quotationId1=qt_1&quotationId2=qt_2,"{
  ""success"": true,
  ""quotation1"": {
    ""quotationId"": ""qt_1"",
    ""quotationNumber"": ""QT-2026-00001"",
    ""quotationStatus"": ""Draft"",
    ""leadRefId"": ""ld_1"",
    ""productType"": ""Motor"",
    ""netPremium"": 18500,
    ""valueAddedTax"": 2220,
    ""documentaryStampTax"": 2312.5,
    ""localGovernmentTax"": 138.75,
    ""grossPremium"": 23171.25,
    ""totalSumInsured"": 1200000,
    ""lead"": {
      ""firstName"": ""Juan"",
      ""lastName"": ""Dela Cruz""
    }
  },
  ""quotation2"": {
    ""quotationId"": ""qt_1"",
    ""quotationNumber"": ""QT-2026-00001"",
    ""quotationStatus"": ""Draft"",
    ""leadRefId"": ""ld_1"",
    ""productType"": ""Motor"",
    ""netPremium"": 18500,
    ""valueAddedTax"": 2220,
    ""documentaryStampTax"": 2312.5,
    ""localGovernmentTax"": 138.75,
    ""grossPremium"": 23171.25,
    ""totalSumInsured"": 1200000,
    ""lead"": {
      ""firstName"": ""Juan"",
      ""lastName"": ""Dela Cruz""
    }
  },
  ""aiInsights"": {
    ""summary"": ""..."",
    ""keyDifferences"": [],
    ""pricingAnalysis"": {},
    ""recommendation"": {}
  }
}"
458,Quotations,GET,/api/quotations/motor-tariff,"Motor tariff from the Product Configurator: vehicle classes with the fixed CTPL premium, own damage rate and default seats; Auto Passenger PA limits and rate",Operations > Quotation > Policy details / Coverage details,Bearer JWT,read:quotations,,"{
  ""success"": true,
  ""data"": {
    ""templateCode"": ""MOT-003-2025"",
    ""vehicleTypes"": [
      {
        ""value"": ""private_cars"",
        ""label"": ""Private cars"",
        ""defaultSeats"": 5,
        ""ctplPremium"": 560,
        ""ownDamageRate"": 2
      }
    ],
    ""appa"": {
      ""limits"": [
        50000,
        100000
      ],
      ""ratePercent"": 0.1
    }
  }
}"
459,Quotations,GET,/api/quotations/stats,Quotation KPIs (optionally for one lead),Operations > Quotation (stats cards),Bearer JWT,read:quotations,Query: ?leadRefId=ld_1,"{
  ""totalQuotations"": 14,
  ""convertedToPolicyCount"": 8,
  ""activeQuotationsCount"": 5,
  ""conversionRate"": 57.1,
  ""quotationsByStatus"": [
    {
      ""status"": ""Draft"",
      ""count"": 2
    }
  ]
}"
460,Receipts,GET,/api/receipts,"Receipts (paging; filter customerCode, name, transactionNumber, transactionCode, policyId, receiptStatus, fromDate, toDate, search)",Accounts > Receipts,Bearer JWT,read:receipts,Query: ?page=1&pageSize=10&customerCode=CL-2026-00001&receiptStatus=Converted,"{
  ""success"": true,
  ""data"": [
    {
      ""receiptId"": ""or_1"",
      ""receiptNumber"": ""OR-2026-00001"",
      ""receiptType"": ""Payment"",
      ""receiptDate"": ""2026-09-28"",
      ""customerCode"": ""CL-2026-00001"",
      ""currencyCode"": ""PHP"",
      ""transactionCode"": ""PAYMENT"",
      ""transactionNumber"": ""RT-2026-00001"",
      ""name"": ""Maria Santos"",
      ""policyRefId"": ""pol_1"",
      ""policyNumber"": ""POL-2026-00001"",
      ""receiptStatus"": ""Converted"",
      ""amount"": 11862.5,
      ""receiptsList"": [
        {
          ""receiptListId"": ""rl_1"",
          ""policies"": ""POL-2026-00001"",
          ""netPremium"": ""10000.00"",
          ""paid"": ""11862.50"",
          ""unPaid"": ""0.00"",
          ""discounts"": ""0.00"",
          ""dst"": ""1250.00"",
          ""lgt"": ""75.00"",
          ""vat"": ""1200.00"",
          ""ewt"": ""0.00"",
          ""other"": ""0.00"",
          ""fcAmount"": ""0.00"",
          ""lcAmount"": ""11862.50"",
          ""status"": ""Paid""
        }
      ]
    }
  ],
  ""pagination"": {
    ""page"": 1,
    ""pageSize"": 10,
    ""total"": 1,
    ""totalPages"": 1
  }
}"
461,Receipts,POST,/api/receipts,"Finance (write:receipts): create an official receipt: receiptsList lines (Draft/pay-later or Paid) or a simple payment {receivableId|policyId, amount}. Paid amounts reduce the receivable and post Dr Cash / Cr Premium Receivable",Accounts > Receipts > Add receipt,Bearer JWT,write:receipts,"{
  ""receiptType"": ""Payment"",
  ""receiptDate"": ""2026-09-28T00:00:00.000Z"",
  ""customerCode"": ""CL-2026-00001"",
  ""currencyCode"": ""PHP"",
  ""transactionCode"": ""PAYMENT"",
  ""remarks"": ""Payment receipt for policy POL-2026-00001"",
  ""policyRefId"": ""pol_1"",
  ""receiptsList"": [
    {
      ""receiptListId"": ""rl_1"",
      ""policies"": ""POL-2026-00001"",
      ""netPremium"": ""10000.00"",
      ""paid"": ""11862.50"",
      ""unPaid"": ""0.00"",
      ""discounts"": ""0.00"",
      ""dst"": ""1250.00"",
      ""lgt"": ""75.00"",
      ""vat"": ""1200.00"",
      ""ewt"": ""0.00"",
      ""other"": ""0.00"",
      ""fcAmount"": ""0.00"",
      ""lcAmount"": ""11862.50"",
      ""status"": ""Paid""
    }
  ]
}","{
  ""success"": true,
  ""data"": {
    ""receiptId"": ""or_1"",
    ""receiptNumber"": ""OR-2026-00001"",
    ""receiptType"": ""Payment"",
    ""receiptDate"": ""2026-09-28"",
    ""customerCode"": ""CL-2026-00001"",
    ""currencyCode"": ""PHP"",
    ""transactionCode"": ""PAYMENT"",
    ""transactionNumber"": ""RT-2026-00001"",
    ""name"": ""Maria Santos"",
    ""policyRefId"": ""pol_1"",
    ""policyNumber"": ""POL-2026-00001"",
    ""receiptStatus"": ""Converted"",
    ""amount"": 11862.5,
    ""receiptsList"": [
      {
        ""receiptListId"": ""rl_1"",
        ""policies"": ""POL-2026-00001"",
        ""netPremium"": ""10000.00"",
        ""paid"": ""11862.50"",
        ""unPaid"": ""0.00"",
        ""discounts"": ""0.00"",
        ""dst"": ""1250.00"",
        ""lgt"": ""75.00"",
        ""vat"": ""1200.00"",
        ""ewt"": ""0.00"",
        ""other"": ""0.00"",
        ""fcAmount"": ""0.00"",
        ""lcAmount"": ""11862.50"",
        ""status"": ""Paid""
      }
    ]
  }
}"
462,Receipts,GET,/api/receipts/:id,One receipt (by id or receipt number) with receiptsList,Accounts > Receipts > Add receipt edit / View,Bearer JWT,read:receipts,,"{
  ""success"": true,
  ""data"": {
    ""receiptId"": ""or_1"",
    ""receiptNumber"": ""OR-2026-00001"",
    ""receiptType"": ""Payment"",
    ""receiptDate"": ""2026-09-28"",
    ""customerCode"": ""CL-2026-00001"",
    ""currencyCode"": ""PHP"",
    ""transactionCode"": ""PAYMENT"",
    ""transactionNumber"": ""RT-2026-00001"",
    ""name"": ""Maria Santos"",
    ""policyRefId"": ""pol_1"",
    ""policyNumber"": ""POL-2026-00001"",
    ""receiptStatus"": ""Converted"",
    ""amount"": 11862.5,
    ""receiptsList"": [
      {
        ""receiptListId"": ""rl_1"",
        ""policies"": ""POL-2026-00001"",
        ""netPremium"": ""10000.00"",
        ""paid"": ""11862.50"",
        ""unPaid"": ""0.00"",
        ""discounts"": ""0.00"",
        ""dst"": ""1250.00"",
        ""lgt"": ""75.00"",
        ""vat"": ""1200.00"",
        ""ewt"": ""0.00"",
        ""other"": ""0.00"",
        ""fcAmount"": ""0.00"",
        ""lcAmount"": ""11862.50"",
        ""status"": ""Paid""
      }
    ]
  }
}"
463,Receipts,PUT,/api/receipts/:id,Update a receipt; lines newly marked Paid (or with a higher paid amount) are applied and journalised; status is recalculated,Accounts > Receipts > Add receipt edit > Approve,Bearer JWT,write:receipts,"{
  ""receiptsList"": [
    {
      ""policies"": ""POL-2026-00001"",
      ""netPremium"": ""10000.00"",
      ""paid"": ""11862.50"",
      ""unPaid"": ""0.00"",
      ""discounts"": ""0.00"",
      ""dst"": ""1250.00"",
      ""lgt"": ""75.00"",
      ""vat"": ""1200.00"",
      ""ewt"": ""0.00"",
      ""other"": ""0.00"",
      ""fcAmount"": ""0.00"",
      ""lcAmount"": ""11862.50"",
      ""status"": ""Paid""
    }
  ]
}","{
  ""success"": true,
  ""data"": {
    ""receiptId"": ""or_1"",
    ""receiptNumber"": ""OR-2026-00001"",
    ""receiptType"": ""Payment"",
    ""receiptDate"": ""2026-09-28"",
    ""customerCode"": ""CL-2026-00001"",
    ""currencyCode"": ""PHP"",
    ""transactionCode"": ""PAYMENT"",
    ""transactionNumber"": ""RT-2026-00001"",
    ""name"": ""Maria Santos"",
    ""policyRefId"": ""pol_1"",
    ""policyNumber"": ""POL-2026-00001"",
    ""receiptStatus"": ""Converted"",
    ""amount"": 11862.5,
    ""receiptsList"": [
      {
        ""receiptListId"": ""rl_1"",
        ""policies"": ""POL-2026-00001"",
        ""netPremium"": ""10000.00"",
        ""paid"": ""11862.50"",
        ""unPaid"": ""0.00"",
        ""discounts"": ""0.00"",
        ""dst"": ""1250.00"",
        ""lgt"": ""75.00"",
        ""vat"": ""1200.00"",
        ""ewt"": ""0.00"",
        ""other"": ""0.00"",
        ""fcAmount"": ""0.00"",
        ""lcAmount"": ""11862.50"",
        ""status"": ""Paid""
      }
    ]
  }
}"
464,Receipts,POST,/api/receipts/:id/add-payment,Add a payment line to an existing receipt,Accounts > Receipts > Add receipt edit,Bearer JWT,write:receipts,"{
  ""amount"": 5000,
  ""paymentMode"": ""gcash"",
  ""referenceNo"": ""GC-0001""
}","{
  ""success"": true,
  ""data"": {
    ""receiptId"": ""or_1"",
    ""receiptNumber"": ""OR-2026-00001"",
    ""receiptType"": ""Payment"",
    ""receiptDate"": ""2026-09-28"",
    ""customerCode"": ""CL-2026-00001"",
    ""currencyCode"": ""PHP"",
    ""transactionCode"": ""PAYMENT"",
    ""transactionNumber"": ""RT-2026-00001"",
    ""name"": ""Maria Santos"",
    ""policyRefId"": ""pol_1"",
    ""policyNumber"": ""POL-2026-00001"",
    ""receiptStatus"": ""Converted"",
    ""amount"": 11862.5,
    ""receiptsList"": [
      {
        ""receiptListId"": ""rl_1"",
        ""policies"": ""POL-2026-00001"",
        ""netPremium"": ""10000.00"",
        ""paid"": ""11862.50"",
        ""unPaid"": ""0.00"",
        ""discounts"": ""0.00"",
        ""dst"": ""1250.00"",
        ""lgt"": ""75.00"",
        ""vat"": ""1200.00"",
        ""ewt"": ""0.00"",
        ""other"": ""0.00"",
        ""fcAmount"": ""0.00"",
        ""lcAmount"": ""11862.50"",
        ""status"": ""Paid""
      }
    ]
  }
}"
465,Receipts,POST,/api/receipts/:id/cancel,Cancel a receipt: reverses its payment journals and restores receivable balances,Accounts > Receipts > View,Bearer JWT,write:receipts,"{
  ""reason"": ""Cheque bounced""
}","{
  ""success"": true,
  ""data"": {
    ""receiptId"": ""or_1"",
    ""receiptNumber"": ""OR-2026-00001"",
    ""receiptType"": ""Payment"",
    ""receiptDate"": ""2026-09-28"",
    ""customerCode"": ""CL-2026-00001"",
    ""currencyCode"": ""PHP"",
    ""transactionCode"": ""PAYMENT"",
    ""transactionNumber"": ""RT-2026-00001"",
    ""name"": ""Maria Santos"",
    ""policyRefId"": ""pol_1"",
    ""policyNumber"": ""POL-2026-00001"",
    ""receiptStatus"": ""Cancelled"",
    ""amount"": 11862.5,
    ""receiptsList"": [
      {
        ""receiptListId"": ""rl_1"",
        ""policies"": ""POL-2026-00001"",
        ""netPremium"": ""10000.00"",
        ""paid"": ""11862.50"",
        ""unPaid"": ""0.00"",
        ""discounts"": ""0.00"",
        ""dst"": ""1250.00"",
        ""lgt"": ""75.00"",
        ""vat"": ""1200.00"",
        ""ewt"": ""0.00"",
        ""other"": ""0.00"",
        ""fcAmount"": ""0.00"",
        ""lcAmount"": ""11862.50"",
        ""status"": ""Paid""
      }
    ]
  }
}"
466,Receipts,POST,/api/receipts/bulk-upload,"Bulk official receipts from an .xlsx / .csv file (multipart ""file""); each row pays a policy",Accounts > Receipts > Bulk upload,Bearer JWT,write:receipts,"{
  ""file"": ""(xlsx) columns: policyNumber, amount, receiptDate, paymentMode, referenceNo, customerCode, remarks""
}","{
  ""success"": true,
  ""data"": {
    ""message"": ""2 of 2 rows imported"",
    ""total"": 2,
    ""created"": 2,
    ""failed"": 0,
    ""errors"": []
  }
}"
467,Receipts,GET,/api/receipts/open-receivables,"Open (unpaid / partial) bills to collect: customer, policy, bill number, amount, balance, due date (filter customerCode, policyNumber, search)",Accounts > Receipts > Add receipt,Bearer JWT,read:receipts,Query: ?customerCode=CL-2026-00001&policyNumber=POL-2026-00001,"{
  ""success"": true,
  ""data"": [
    {
      ""receivableId"": ""rcv_1"",
      ""billNumber"": ""INV-2026-00002"",
      ""source"": ""endorsement"",
      ""customerCode"": ""CL-2026-00001"",
      ""customerName"": ""Maria Santos"",
      ""policyId"": ""pol_1"",
      ""policyNumber"": ""POL-2026-00001"",
      ""amount"": 5010,
      ""paidAmount"": 0,
      ""balance"": 5010,
      ""dueDate"": ""2026-10-28"",
      ""status"": ""Open"",
      ""currency"": ""PHP""
    }
  ]
}"
468,Receipts,GET,/api/receipts/printReceipt,"Print receipts (one receiptId, or customer-code and date range) to a PDF download URL",Accounts > Receipts > Bulk print / Print,Bearer JWT,read:receipts,Query: ?customerCodeFrom=CL-2026-00001&customerCodeTo=CL-2026-00099&createdAtFrom=2026-09-01&createdAtTo=2026-09-30,"{
  ""success"": true,
  ""message"": ""Receipts exported"",
  ""data"": {
    ""url"": ""http://host/api/s3/object/print/…pdf?exp=1767225600&sig=..."",
    ""filename"": ""receipts.pdf"",
    ""count"": 2
  }
}"
469,Receipts,GET,/api/receipts/search,"Search receipts by one field (name, customerCode, transactionNumber, transactionCode, receiptNumber, policyNumber)",Accounts > Receipts > Search,Bearer JWT,read:receipts,Query: ?name=Santos&page=1&pageSize=10,"{
  ""success"": true,
  ""data"": [
    {
      ""receiptId"": ""or_1"",
      ""receiptNumber"": ""OR-2026-00001"",
      ""receiptType"": ""Payment"",
      ""receiptDate"": ""2026-09-28"",
      ""customerCode"": ""CL-2026-00001"",
      ""currencyCode"": ""PHP"",
      ""transactionCode"": ""PAYMENT"",
      ""transactionNumber"": ""RT-2026-00001"",
      ""name"": ""Maria Santos"",
      ""policyRefId"": ""pol_1"",
      ""policyNumber"": ""POL-2026-00001"",
      ""receiptStatus"": ""Converted"",
      ""amount"": 11862.5,
      ""receiptsList"": [
        {
          ""receiptListId"": ""rl_1"",
          ""policies"": ""POL-2026-00001"",
          ""netPremium"": ""10000.00"",
          ""paid"": ""11862.50"",
          ""unPaid"": ""0.00"",
          ""discounts"": ""0.00"",
          ""dst"": ""1250.00"",
          ""lgt"": ""75.00"",
          ""vat"": ""1200.00"",
          ""ewt"": ""0.00"",
          ""other"": ""0.00"",
          ""fcAmount"": ""0.00"",
          ""lcAmount"": ""11862.50"",
          ""status"": ""Paid""
        }
      ]
    }
  ]
}"
470,Reinsurance,GET,/api/reinsurance/analytics,"Treaty utilization, loss ratio trend, retention, recovery performance, catastrophe exposure",Reinsurance > Analytics; Reinsurance > Treaty Dashboard,Bearer JWT,"read:reinsurance, write:reinsurance, write:claims",,"{
  ""success"": true,
  ""data"": {
    ""treatyUtilization"": [
      {
        ""treaty"": ""QS-MOTOR-2026"",
        ""utilization"": 12.5
      }
    ],
    ""lossRatioTrend"": [
      {
        ""month"": ""Sep"",
        ""gross"": 65,
        ""net"": 58
      }
    ],
    ""retentionOptimization"": {
      ""current"": {
        ""retention"": 60,
        ""cession"": 40,
        ""profitability"": 15.5
      }
    },
    ""recoveryPerformance"": {
      ""recoveryRate"": 85
    },
    ""catastropheExposure"": {
      ""zones"": [],
      ""perils"": []
    }
  }
}"
471,Reinsurance,GET,/api/reinsurance/bordereaux,Premium and claims bordereaux,Reinsurance > Reports; Reinsurance > Reconciliation,Bearer JWT,"read:reinsurance, write:reinsurance",Query: ?type=Premium,"{
  ""success"": true,
  ""data"": [
    {
      ""id"": ""bdx_1"",
      ""reference"": ""BDX-2026-00001"",
      ""type"": ""Premium"",
      ""period"": ""2026-09"",
      ""entries"": 5,
      ""grossPremium"": 850000,
      ""cededPremium"": 340000,
      ""commission"": 110500,
      ""netAmount"": 229500,
      ""status"": ""Submitted""
    }
  ]
}"
472,Reinsurance,POST,/api/reinsurance/bordereaux/:id/confirm,Confirm a bordereau,Reinsurance > Reports > Bordereau,Bearer JWT,write:reinsurance,,"{
  ""success"": true,
  ""data"": {
    ""status"": ""Confirmed""
  }
}"
473,Reinsurance,POST,/api/reinsurance/bordereaux/:id/submit,Submit a bordereau,Reinsurance > Reports > Bordereau,Bearer JWT,write:reinsurance,,"{
  ""success"": true,
  ""data"": {
    ""status"": ""Submitted""
  }
}"
474,Reinsurance,POST,/api/reinsurance/bordereaux/generate,Generate a bordereau for a period (confirmed cessions or recoveries); writes a CSV file,Reinsurance > Reports > Bordereau,Bearer JWT,write:reinsurance,"{
  ""type"": ""Premium"",
  ""period"": ""2026-09"",
  ""treatyId"": 1
}","{
  ""success"": true,
  ""data"": {
    ""reference"": ""BDX-2026-00002"",
    ""status"": ""Draft"",
    ""fileUrl"": ""http://host/api/s3/object/bordereaux/x.csv""
  }
}"
475,Reinsurance,GET,/api/reinsurance/cessions,"Cessions (filter treatyId, status, type Treaty/Facultative, search)",Reinsurance > Cession Tracking,Bearer JWT,"read:reinsurance, write:reinsurance",,"{
  ""success"": true,
  ""data"": [
    {
      ""id"": 1,
      ""cessionNumber"": ""CES-2026-00001"",
      ""policyNumber"": ""POL-2026-90002"",
      ""insured"": ""Sample Corp."",
      ""treatyId"": 1,
      ""treatyNumber"": ""QS-MOTOR-2026"",
      ""grossPremium"": 142500,
      ""sumInsured"": 7500000,
      ""cessionPercentage"": 40,
      ""cededPremium"": 57000,
      ""cededSumInsured"": 3000000,
      ""commission"": 18525,
      ""netPremium"": 38475,
      ""status"": ""Pending""
    }
  ]
}"
476,Reinsurance,POST,/api/reinsurance/cessions,Process a cession: treaty share (quota share / surplus lines) or facultative; capacity and security checks,Reinsurance > Cession Tracking > Process Cession,Bearer JWT,write:reinsurance,"{
  ""policyNumber"": ""POL-2026-90002"",
  ""treatyId"": 1
}","{
  ""success"": true,
  ""data"": {
    ""id"": 1,
    ""cessionNumber"": ""CES-2026-00001"",
    ""policyNumber"": ""POL-2026-90002"",
    ""insured"": ""Sample Corp."",
    ""treatyId"": 1,
    ""treatyNumber"": ""QS-MOTOR-2026"",
    ""grossPremium"": 142500,
    ""sumInsured"": 7500000,
    ""cessionPercentage"": 40,
    ""cededPremium"": 57000,
    ""cededSumInsured"": 3000000,
    ""commission"": 18525,
    ""netPremium"": 38475,
    ""status"": ""Pending""
  }
}"
477,Reinsurance,GET,/api/reinsurance/cessions/:id,One cession,Reinsurance > Cession Tracking,Bearer JWT,"read:reinsurance, write:reinsurance",,"{
  ""success"": true,
  ""data"": {
    ""id"": 1,
    ""cessionNumber"": ""CES-2026-00001"",
    ""policyNumber"": ""POL-2026-90002"",
    ""insured"": ""Sample Corp."",
    ""treatyId"": 1,
    ""treatyNumber"": ""QS-MOTOR-2026"",
    ""grossPremium"": 142500,
    ""sumInsured"": 7500000,
    ""cessionPercentage"": 40,
    ""cededPremium"": 57000,
    ""cededSumInsured"": 3000000,
    ""commission"": 18525,
    ""netPremium"": 38475,
    ""status"": ""Pending""
  }
}"
478,Reinsurance,POST,/api/reinsurance/cessions/:id/confirm,Confirm a cession (maker-checker),Reinsurance > Cession Tracking,Bearer JWT,write:reinsurance,{},"{
  ""success"": true,
  ""data"": {
    ""id"": 1,
    ""cessionNumber"": ""CES-2026-00001"",
    ""policyNumber"": ""POL-2026-90002"",
    ""insured"": ""Sample Corp."",
    ""treatyId"": 1,
    ""treatyNumber"": ""QS-MOTOR-2026"",
    ""grossPremium"": 142500,
    ""sumInsured"": 7500000,
    ""cessionPercentage"": 40,
    ""cededPremium"": 57000,
    ""cededSumInsured"": 3000000,
    ""commission"": 18525,
    ""netPremium"": 38475,
    ""status"": ""Confirmed""
  }
}"
479,Reinsurance,POST,/api/reinsurance/cessions/:id/reject,Reject a cession (maker-checker),Reinsurance > Cession Tracking,Bearer JWT,write:reinsurance,"{
  ""reason"": ""Reinsurer declined""
}","{
  ""success"": true,
  ""data"": {
    ""id"": 1,
    ""cessionNumber"": ""CES-2026-00001"",
    ""policyNumber"": ""POL-2026-90002"",
    ""insured"": ""Sample Corp."",
    ""treatyId"": 1,
    ""treatyNumber"": ""QS-MOTOR-2026"",
    ""grossPremium"": 142500,
    ""sumInsured"": 7500000,
    ""cessionPercentage"": 40,
    ""cededPremium"": 57000,
    ""cededSumInsured"": 3000000,
    ""commission"": 18525,
    ""netPremium"": 38475,
    ""status"": ""Rejected""
  }
}"
480,Reinsurance,GET,/api/reinsurance/claims,"Reinsurance recovery claims (filter status, treatyId)",Reinsurance > Claims Recovery,Bearer JWT,"read:reinsurance, write:reinsurance, write:claims",,"{
  ""success"": true,
  ""data"": [
    {
      ""id"": ""rcl_1"",
      ""recoveryNumber"": ""RCL-2026-00001"",
      ""claimNumber"": ""CLM-2026-00001"",
      ""grossClaim"": 500000,
      ""recoverableAmount"": 200000,
      ""status"": ""Pending""
    }
  ]
}"
481,Reinsurance,POST,/api/reinsurance/claims,Register a recovery for a claim (recoverable from the cession share or XoL layers),Reinsurance > Claims Recovery,Bearer JWT,"write:reinsurance, write:claims","{
  ""claimNumber"": ""CLM-2026-00001"",
  ""grossClaim"": 500000,
  ""causeOfLoss"": ""Collision"",
  ""documents"": [
    ""Loss Report""
  ]
}","{
  ""success"": true,
  ""data"": {
    ""recoverableAmount"": 200000,
    ""status"": ""Pending""
  }
}"
482,Reinsurance,GET,/api/reinsurance/claims/:id,One recovery claim,Reinsurance > Claims Recovery,Bearer JWT,"read:reinsurance, write:reinsurance, write:claims",,"{
  ""success"": true,
  ""data"": {
    ""id"": ""rcl_1""
  }
}"
483,Reinsurance,POST,/api/reinsurance/claims/:id/cash-call,Request a cash call,Reinsurance > Claims Recovery,Bearer JWT,"write:reinsurance, write:claims","{
  ""amount"": 100000
}","{
  ""success"": true,
  ""data"": {
    ""status"": ""Processing""
  }
}"
484,Reinsurance,POST,/api/reinsurance/claims/:id/dispute,Mark as disputed,Reinsurance > Claims Recovery,Bearer JWT,"write:reinsurance, write:claims","{
  ""reason"": ""Late notification""
}","{
  ""success"": true,
  ""data"": {
    ""status"": ""Disputed""
  }
}"
485,Reinsurance,POST,/api/reinsurance/claims/:id/settle,Record the reinsurer settlement,Reinsurance > Claims Recovery,Bearer JWT,"write:reinsurance, write:claims","{
  ""settlementAmount"": 200000,
  ""recoveryDate"": ""2026-09-30""
}","{
  ""success"": true,
  ""data"": {
    ""status"": ""Recovered""
  }
}"
486,Reinsurance,POST,/api/reinsurance/claims/:id/submit-recovery,Submit to reinsurers,Reinsurance > Claims Recovery,Bearer JWT,"write:reinsurance, write:claims",{},"{
  ""success"": true,
  ""data"": {
    ""status"": ""Processing""
  }
}"
487,Reinsurance,POST,/api/reinsurance/exceptions,Log a reconciliation exception,Reinsurance > Reconciliation,Bearer JWT,"write:reinsurance, write:remittance","{
  ""type"": ""Missing Policy"",
  ""description"": ""Policy not in reinsurer statement"",
  ""amount"": 45000
}","{
  ""success"": true,
  ""data"": {
    ""status"": ""Under Investigation""
  }
}"
488,Reinsurance,POST,/api/reinsurance/exceptions/:id/resolve,Resolve a reconciliation exception,Reinsurance > Reconciliation,Bearer JWT,"write:reinsurance, write:remittance","{
  ""resolution"": ""Added to October bordereau""
}","{
  ""success"": true,
  ""data"": {
    ""status"": ""Resolved""
  }
}"
489,Reinsurance,GET,/api/reinsurance/reconciliation,Statement reconciliations (pending / matched) and exceptions,Reinsurance > Reconciliation,Bearer JWT,"read:reinsurance, write:reinsurance, read:remittance, write:remittance",,"{
  ""success"": true,
  ""data"": {
    ""pending"": [
      {
        ""id"": ""rrc_1"",
        ""type"": ""Premium"",
        ""reinsurer"": ""RE001"",
        ""period"": ""2026-08"",
        ""ourAmount"": 3200000,
        ""theirAmount"": 3180000,
        ""variance"": 20000,
        ""variancePercent"": 0.6,
        ""status"": ""Pending Review"",
        ""items"": 42
      }
    ],
    ""exceptions"": []
  }
}"
490,Reinsurance,POST,/api/reinsurance/reconciliation,Reconcile a reinsurer's statement amount against our cessions / recoveries (tolerance from configuration),Reinsurance > Reconciliation,Bearer JWT,"write:reinsurance, write:remittance","{
  ""type"": ""Premium"",
  ""reinsurerId"": ""RE001"",
  ""period"": ""2026-09"",
  ""theirAmount"": 3180000
}","{
  ""success"": true,
  ""data"": {
    ""status"": ""Pending Review"",
    ""variance"": 20000
  }
}"
491,Reinsurance,POST,/api/reinsurance/reconciliation/:id/resolve,Resolve a reconciliation variance,Reinsurance > Reconciliation,Bearer JWT,"write:reinsurance, write:remittance","{
  ""resolution"": ""Timing difference; booked in October""
}","{
  ""success"": true,
  ""data"": {
    ""status"": ""Resolved""
  }
}"
492,Reinsurance,GET,/api/reinsurance/reinsurers,Reinsurers with security rating and whether they meet the minimum,Master > Reinsurance Treaty,Bearer JWT,"read:reinsurance, write:reinsurance, read:remittance, write:remittance",Query: ?status=Active,"{
  ""success"": true,
  ""data"": [
    {
      ""id"": ""RE001"",
      ""name"": ""National Reinsurance Corporation of the Philippines"",
      ""type"": ""Local"",
      ""rating"": ""A-"",
      ""meetsMinimumRating"": true,
      ""status"": ""Active""
    }
  ],
  ""minimumRating"": ""A-""
}"
493,Reinsurance,POST,/api/reinsurance/reinsurers,Add a reinsurer (rating must be in the security-rating master),Master > Reinsurance Treaty,Bearer JWT,write:reinsurance,"{
  ""name"": ""Pacific Re Asia"",
  ""shortName"": ""Pacific Re"",
  ""type"": ""Regional"",
  ""country"": ""Singapore"",
  ""rating"": ""A"",
  ""ratingAgency"": ""AM Best"",
  ""capacity"": ""USD 1 Billion"",
  ""contact"": {
    ""email"": ""treaty@pacificre.example""
  }
}","{
  ""success"": true,
  ""data"": {
    ""id"": ""RE-2026-00001"",
    ""rating"": ""A"",
    ""meetsMinimumRating"": true
  }
}"
494,Reinsurance,GET,/api/reinsurance/reinsurers/:id,One reinsurer,Master > Reinsurance Treaty,Bearer JWT,"read:reinsurance, write:reinsurance",,"{
  ""success"": true,
  ""data"": {
    ""id"": ""RE001""
  }
}"
495,Reinsurance,PUT,/api/reinsurance/reinsurers/:id,"Update a reinsurer (rating, status, contact)",Master > Reinsurance Treaty,Bearer JWT,write:reinsurance,"{
  ""rating"": ""BBB+""
}","{
  ""success"": true,
  ""data"": {
    ""id"": ""RE001""
  }
}"
496,Reinsurance,POST,/api/reinsurance/reports/generate,Generate a report from a template (CSV),Reinsurance > Reports,Bearer JWT,write:reinsurance,"{
  ""templateId"": ""RPT001""
}","{
  ""success"": true,
  ""data"": {
    ""id"": ""RPT001"",
    ""generatedDate"": ""2026-09-28T00:00:00Z"",
    ""fileUrl"": ""http://host/api/s3/object/reinsurance-reports/x.csv""
  }
}"
497,Reinsurance,GET,/api/reinsurance/reports/templates,Report templates (reinsurance-report-template master),Reinsurance > Reports,Bearer JWT,"read:reinsurance, write:reinsurance",,"{
  ""success"": true,
  ""data"": [
    {
      ""id"": ""RPT001"",
      ""name"": ""Monthly Premium Bordereau"",
      ""type"": ""Premium"",
      ""frequency"": ""Monthly"",
      ""format"": [
        ""Excel"",
        ""PDF""
      ]
    }
  ]
}"
498,Reinsurance,GET,/api/reinsurance/security-policy,Minimum reinsurer security rating (configuration) and the rating scale (security-rating master),Master > Reinsurance Treaty,Bearer JWT,"read:reinsurance, write:reinsurance",,"{
  ""success"": true,
  ""data"": {
    ""minimumRating"": ""A-"",
    ""scale"": [
      {
        ""rating"": ""AA-"",
        ""rank"": 19
      }
    ]
  }
}"
499,Reinsurance,GET,/api/reinsurance/treaties,"Treaties with utilization, premium ceded and claims recovered (filter status, type, lineOfBusiness, reinsurer, search)",Reinsurance > Treaty Dashboard; Master > Reinsurance Treaty,Bearer JWT,"read:reinsurance, write:reinsurance",Query: ?status=Active,"{
  ""success"": true,
  ""data"": [
    {
      ""id"": 1,
      ""treatyNumber"": ""QS-MOTOR-2026"",
      ""name"": ""Motor Quota Share Treaty 2026"",
      ""type"": ""Quota Share"",
      ""lineOfBusiness"": ""Motor"",
      ""reinsurers"": [
        ""RE001"",
        ""RE002""
      ],
      ""effectiveDate"": ""2026-01-01"",
      ""expiryDate"": ""2026-12-31"",
      ""cession"": {
        ""percentage"": 40,
        ""maxLimit"": 50000000
      },
      ""commission"": {
        ""type"": ""Flat"",
        ""rate"": 32.5
      },
      ""status"": ""Active"",
      ""utilization"": 12.5,
      ""premiumCeded"": 1250000,
      ""claimsRecovered"": 450000
    }
  ]
}"
500,Reinsurance,POST,/api/reinsurance/treaties,Add a treaty; every reinsurer must meet the minimum security rating; pending approval when configured,Master > Reinsurance Treaty > Add Treaty,Bearer JWT,write:reinsurance,"{
  ""treatyNumber"": ""QS-FIRE-2027"",
  ""name"": ""Fire Quota Share 2027"",
  ""type"": ""Quota Share"",
  ""lineOfBusiness"": ""Fire"",
  ""reinsurers"": [
    ""RE001"",
    ""RE002""
  ],
  ""effectiveDate"": ""2027-01-01"",
  ""expiryDate"": ""2027-12-31"",
  ""retention"": 100000000,
  ""cession"": {
    ""percentage"": 50,
    ""maxLimit"": 100000000
  },
  ""commission"": {
    ""type"": ""Flat"",
    ""rate"": 32.5
  }
}","{
  ""success"": true,
  ""data"": {
    ""id"": 1,
    ""treatyNumber"": ""QS-MOTOR-2026"",
    ""name"": ""Motor Quota Share Treaty 2026"",
    ""type"": ""Quota Share"",
    ""lineOfBusiness"": ""Motor"",
    ""reinsurers"": [
      ""RE001"",
      ""RE002""
    ],
    ""effectiveDate"": ""2026-01-01"",
    ""expiryDate"": ""2026-12-31"",
    ""cession"": {
      ""percentage"": 40,
      ""maxLimit"": 50000000
    },
    ""commission"": {
      ""type"": ""Flat"",
      ""rate"": 32.5
    },
    ""status"": ""Pending Approval"",
    ""utilization"": 12.5,
    ""premiumCeded"": 1250000,
    ""claimsRecovered"": 450000
  }
}"
501,Reinsurance,GET,/api/reinsurance/treaties/:id,One treaty (id or treaty number),Reinsurance > Treaty Detail,Bearer JWT,"read:reinsurance, write:reinsurance",,"{
  ""success"": true,
  ""data"": {
    ""id"": 1,
    ""treatyNumber"": ""QS-MOTOR-2026"",
    ""name"": ""Motor Quota Share Treaty 2026"",
    ""type"": ""Quota Share"",
    ""lineOfBusiness"": ""Motor"",
    ""reinsurers"": [
      ""RE001"",
      ""RE002""
    ],
    ""effectiveDate"": ""2026-01-01"",
    ""expiryDate"": ""2026-12-31"",
    ""cession"": {
      ""percentage"": 40,
      ""maxLimit"": 50000000
    },
    ""commission"": {
      ""type"": ""Flat"",
      ""rate"": 32.5
    },
    ""status"": ""Active"",
    ""utilization"": 12.5,
    ""premiumCeded"": 1250000,
    ""claimsRecovered"": 450000
  }
}"
502,Reinsurance,PUT,/api/reinsurance/treaties/:id,Update a treaty (changes to an active treaty go back for approval when configured),Master > Reinsurance Treaty > Edit,Bearer JWT,write:reinsurance,"{
  ""commission"": {
    ""type"": ""Flat"",
    ""rate"": 30
  }
}","{
  ""success"": true,
  ""data"": {
    ""id"": 1,
    ""treatyNumber"": ""QS-MOTOR-2026"",
    ""name"": ""Motor Quota Share Treaty 2026"",
    ""type"": ""Quota Share"",
    ""lineOfBusiness"": ""Motor"",
    ""reinsurers"": [
      ""RE001"",
      ""RE002""
    ],
    ""effectiveDate"": ""2026-01-01"",
    ""expiryDate"": ""2026-12-31"",
    ""cession"": {
      ""percentage"": 40,
      ""maxLimit"": 50000000
    },
    ""commission"": {
      ""type"": ""Flat"",
      ""rate"": 32.5
    },
    ""status"": ""Active"",
    ""utilization"": 12.5,
    ""premiumCeded"": 1250000,
    ""claimsRecovered"": 450000
  }
}"
503,Reinsurance,POST,/api/reinsurance/treaties/:id/approve,Approve a treaty (maker-checker; approval re-checks security ratings),Master > Reinsurance Treaty,Bearer JWT,write:reinsurance,{},"{
  ""success"": true,
  ""data"": {
    ""id"": 1,
    ""treatyNumber"": ""QS-MOTOR-2026"",
    ""name"": ""Motor Quota Share Treaty 2026"",
    ""type"": ""Quota Share"",
    ""lineOfBusiness"": ""Motor"",
    ""reinsurers"": [
      ""RE001"",
      ""RE002""
    ],
    ""effectiveDate"": ""2026-01-01"",
    ""expiryDate"": ""2026-12-31"",
    ""cession"": {
      ""percentage"": 40,
      ""maxLimit"": 50000000
    },
    ""commission"": {
      ""type"": ""Flat"",
      ""rate"": 32.5
    },
    ""status"": ""Active"",
    ""utilization"": 12.5,
    ""premiumCeded"": 1250000,
    ""claimsRecovered"": 450000
  }
}"
504,Reinsurance,GET,/api/reinsurance/treaties/:id/capacity,"Treaty capacity, used, available and utilization",Reinsurance > Treaty Detail,Bearer JWT,"read:reinsurance, write:reinsurance",,"{
  ""success"": true,
  ""data"": {
    ""capacity"": 50000000,
    ""used"": 6250000,
    ""available"": 43750000,
    ""utilization"": 12.5
  }
}"
505,Reinsurance,GET,/api/reinsurance/treaties/:id/cessions,Cessions under a treaty,Reinsurance > Treaty Detail,Bearer JWT,"read:reinsurance, write:reinsurance",,"{
  ""success"": true,
  ""data"": [
    {
      ""id"": 1,
      ""cessionNumber"": ""CES-2026-00001"",
      ""policyNumber"": ""POL-2026-90002"",
      ""insured"": ""Sample Corp."",
      ""treatyId"": 1,
      ""treatyNumber"": ""QS-MOTOR-2026"",
      ""grossPremium"": 142500,
      ""sumInsured"": 7500000,
      ""cessionPercentage"": 40,
      ""cededPremium"": 57000,
      ""cededSumInsured"": 3000000,
      ""commission"": 18525,
      ""netPremium"": 38475,
      ""status"": ""Pending""
    }
  ]
}"
506,Reinsurance,GET,/api/reinsurance/treaties/:id/claims,Recovery claims under a treaty,Reinsurance > Treaty Detail,Bearer JWT,"read:reinsurance, write:reinsurance",,"{
  ""success"": true,
  ""data"": [
    {
      ""recoveryNumber"": ""RCL-2026-00001"",
      ""status"": ""Pending""
    }
  ]
}"
507,Reinsurance,POST,/api/reinsurance/treaties/:id/reject,Reject a treaty (maker-checker; approval re-checks security ratings),Master > Reinsurance Treaty,Bearer JWT,write:reinsurance,"{
  ""reason"": ""Reinsurer panel incomplete""
}","{
  ""success"": true,
  ""data"": {
    ""id"": 1,
    ""treatyNumber"": ""QS-MOTOR-2026"",
    ""name"": ""Motor Quota Share Treaty 2026"",
    ""type"": ""Quota Share"",
    ""lineOfBusiness"": ""Motor"",
    ""reinsurers"": [
      ""RE001"",
      ""RE002""
    ],
    ""effectiveDate"": ""2026-01-01"",
    ""expiryDate"": ""2026-12-31"",
    ""cession"": {
      ""percentage"": 40,
      ""maxLimit"": 50000000
    },
    ""commission"": {
      ""type"": ""Flat"",
      ""rate"": 32.5
    },
    ""status"": ""Rejected"",
    ""utilization"": 12.5,
    ""premiumCeded"": 1250000,
    ""claimsRecovered"": 450000
  }
}"
508,Remittance,GET,/api/remittance/adjustments,"Adjustments (status filter: Pending Approval, Approved, Completed, Rejected)",Accounts > Remittance > Adjustments,Bearer JWT,"read:remittance, write:remittance",,"{
  ""success"": true,
  ""data"": [
    {
      ""id"": ""rmi_2"",
      ""referenceNo"": ""ADJ-2026-00001"",
      ""adjustmentType"": ""Premium Adjustment"",
      ""policyNo"": ""POL-2026-00001"",
      ""originalAmount"": 125000,
      ""adjustmentAmount"": -5000,
      ""newAmount"": 120000,
      ""status"": ""Pending Approval""
    }
  ]
}"
509,Remittance,POST,/api/remittance/adjustments,New adjustment (type from the adjustment-type master; approval when the type requires it),Accounts > Remittance > Adjustments > New Adjustment,Bearer JWT,write:remittance,"{
  ""referenceNo"": ""ADJ-MEMO-0091"",
  ""adjustmentType"": ""Premium Adjustment"",
  ""adjustmentAmount"": -5000,
  ""effectiveDate"": ""2026-09-30"",
  ""description"": ""Coverage change"",
  ""reason"": ""Policy correction"",
  ""policyNo"": ""POL-2026-00001"",
  ""remittanceNo"": ""REM-2026-00001""
}","{
  ""success"": true,
  ""data"": {
    ""referenceNo"": ""ADJ-MEMO-0091"",
    ""status"": ""Pending Approval""
  }
}"
510,Remittance,POST,/api/remittance/adjustments/:id/complete,Mark an approved adjustment as processed,Accounts > Remittance > Adjustments,Bearer JWT,write:remittance,,"{
  ""success"": true,
  ""data"": {
    ""status"": ""Completed""
  }
}"
511,Remittance,GET,/api/remittance/adjustments/history,Processed adjustments,Accounts > Remittance > Adjustments > History,Bearer JWT,"read:remittance, write:remittance",,"{
  ""success"": true,
  ""data"": [
    {
      ""referenceNo"": ""ADJ-2026-00001"",
      ""adjustmentType"": ""Tax Adjustment"",
      ""amount"": 1500,
      ""status"": ""Completed"",
      ""processedDate"": ""2026-09-20 15:30"",
      ""processedBy"": ""Finance Team""
    }
  ]
}"
512,Remittance,GET,/api/remittance/agency-bill,Agency bills (outstanding and paid),Accounts > Remittance > Agency Bill Processing,Bearer JWT,"read:remittance, write:remittance",,"{
  ""success"": true,
  ""data"": [
    {
      ""id"": ""rm_1"",
      ""remittanceNo"": ""REM-2026-00001"",
      ""remittanceDate"": ""2026-09-15"",
      ""insurerCode"": ""MALAYAN"",
      ""insurerName"": ""Malayan Insurance Co., Inc."",
      ""policyCount"": 3,
      ""grossAmount"": 45000,
      ""commission"": 6750,
      ""tax"": 0,
      ""netAmount"": 38250,
      ""status"": ""Pending Approval"",
      ""statusCode"": ""for-approval"",
      ""billNumber"": ""BIL-2026-00002"",
      ""agencyCode"": ""AG001"",
      ""billAmount"": 63750
    }
  ]
}"
513,Remittance,GET,/api/remittance/agency-bill/agencies,"Agencies / agents with production, previous balance and total due for a bill period",Accounts > Remittance > Agency Bill Processing,Bearer JWT,"read:remittance, write:remittance",Query: ?billPeriod=2026-09,"{
  ""success"": true,
  ""data"": [
    {
      ""agencyCode"": ""AG001"",
      ""agencyName"": ""Juan Dela Cruz"",
      ""agencyType"": ""Agent"",
      ""policyCount"": 5,
      ""grossPremium"": 75000,
      ""commission"": 11250,
      ""previousBalance"": 0,
      ""totalDue"": 63750
    }
  ]
}"
514,Remittance,POST,/api/remittance/agency-bill/generate,Generate agency bills for the selected agencies,Accounts > Remittance > Agency Bill Processing > Generate Bills,Bearer JWT,write:remittance,"{
  ""billPeriod"": ""2026-09"",
  ""billRunDate"": ""2026-09-28"",
  ""agencyCodes"": [
    ""AG001""
  ],
  ""dueDays"": 30
}","{
  ""success"": true,
  ""data"": {
    ""agencyBills"": [
      {
        ""agencyCode"": ""AG001"",
        ""agencyName"": ""Juan Dela Cruz"",
        ""billNumber"": ""BIL-2026-00002"",
        ""billDate"": ""2026-09-28"",
        ""dueDate"": ""2026-10-28"",
        ""billAmount"": 63750,
        ""status"": ""Generated""
      }
    ],
    ""skipped"": []
  }
}"
515,Remittance,GET,/api/remittance/analytics,"KPIs (targets from configuration), top insurers, monthly trend, status distribution",Accounts > Remittance > Analytics,Bearer JWT,"read:remittance, write:remittance",Query: ?from=2026-04-01&to=2026-09-30,"{
  ""success"": true,
  ""data"": {
    ""kpiData"": [
      {
        ""id"": 1,
        ""name"": ""Settlement Efficiency"",
        ""value"": 92,
        ""target"": 95,
        ""trend"": 2.1,
        ""status"": ""warning"",
        ""unit"": ""%""
      }
    ],
    ""topClients"": [
      {
        ""clientName"": ""Malayan Insurance Co., Inc."",
        ""transactionCount"": 12,
        ""totalValue"": 560000,
        ""avgProcessingTime"": 16,
        ""successRate"": 98.5
      }
    ],
    ""monthlyTrend"": [],
    ""statusDistribution"": {}
  }
}"
516,Remittance,GET,/api/remittance/approvals,"Approval queue (status=Pending by default; filter transactionType, priority)",Accounts > Remittance > Approval,Bearer JWT,"read:remittance, write:remittance",Query: ?status=Pending&transactionType=Settlement,"{
  ""success"": true,
  ""data"": [
    {
      ""id"": 1,
      ""priority"": ""High"",
      ""referenceNo"": ""SET-2026-00001"",
      ""transactionType"": ""Settlement"",
      ""initiator"": ""Finance Officer"",
      ""submissionDate"": ""2026-09-26 10:30"",
      ""amount"": 87500,
      ""description"": ""Settlement to Malayan"",
      ""slaHours"": 12,
      ""currentLevel"": 1
    }
  ]
}"
517,Remittance,POST,/api/remittance/approvals/:id/approve,Approve an approval (maker-checker: the initiator cannot decide),Accounts > Remittance > Approval,Bearer JWT,write:remittance,"{
  ""comments"": ""Verified""
}","{
  ""success"": true,
  ""data"": {
    ""id"": 1,
    ""status"": ""Approved""
  }
}"
518,Remittance,POST,/api/remittance/approvals/:id/delegate,Delegate an approval (maker-checker: the initiator cannot decide),Accounts > Remittance > Approval,Bearer JWT,write:remittance,"{
  ""delegateTo"": ""finance.head"",
  ""comments"": ""On leave""
}","{
  ""success"": true,
  ""data"": {
    ""id"": 1,
    ""status"": ""Pending""
  }
}"
519,Remittance,POST,/api/remittance/approvals/:id/reject,Reject an approval (maker-checker: the initiator cannot decide),Accounts > Remittance > Approval,Bearer JWT,write:remittance,"{
  ""comments"": ""Missing documents""
}","{
  ""success"": true,
  ""data"": {
    ""id"": 1,
    ""status"": ""Rejected""
  }
}"
520,Remittance,GET,/api/remittance/approvals/approvers,"Users who may take over a remittance approval (active, hold write:remittance or an administrator role; not the caller), for the delegation drop-down",Accounts > Remittance > Approval > Delegate,Bearer JWT,"read:remittance, write:remittance",,"{
  ""success"": true,
  ""data"": [
    {
      ""userId"": ""usr_1"",
      ""username"": ""fe.approver"",
      ""displayName"": ""Fe Approver""
    }
  ]
}"
521,Remittance,GET,/api/remittance/approvals/delegations,Approval delegations,Accounts > Remittance > Approval > Delegation,Bearer JWT,"read:remittance, write:remittance",,"{
  ""success"": true,
  ""data"": [
    {
      ""delegatedTo"": ""Finance Head"",
      ""fromDate"": ""2026-09-25"",
      ""toDate"": ""2026-09-30"",
      ""transTypes"": [
        ""All""
      ],
      ""status"": ""Active""
    }
  ]
}"
522,Remittance,POST,/api/remittance/approvals/delegations,Delegate approval authority for a period,Accounts > Remittance > Approval > Delegation,Bearer JWT,write:remittance,"{
  ""delegateTo"": ""finance.head"",
  ""fromDate"": ""2026-10-01"",
  ""toDate"": ""2026-10-07"",
  ""transTypes"": [
    ""All""
  ],
  ""amountLimit"": 500000,
  ""reason"": ""Annual leave""
}","{
  ""success"": true,
  ""data"": {
    ""id"": 1,
    ""status"": ""Active""
  }
}"
523,Remittance,GET,/api/remittance/approvals/history,Approval actions (approved / rejected / delegated),Accounts > Remittance > Approval > History,Bearer JWT,"read:remittance, write:remittance",,"{
  ""success"": true,
  ""data"": [
    {
      ""referenceNo"": ""TRF-2026-00001"",
      ""transactionType"": ""Electronic Transfer"",
      ""amount"": 156000,
      ""action"": ""Approved"",
      ""actionDate"": ""2026-09-20 15:30"",
      ""remarks"": ""Verified""
    }
  ]
}"
524,Remittance,GET,/api/remittance/automated/candidates,Remittances the active automated configurations would generate (unremitted policies per insurer),Accounts > Remittance > Automated Processing,Bearer JWT,"read:remittance, write:remittance",Query: ?configCode=ARM-001,"{
  ""success"": true,
  ""data"": [
    {
      ""id"": ""ARM-001:MALAYAN"",
      ""scheduleCode"": ""ARM-001"",
      ""insurerCode"": ""MALAYAN"",
      ""policyCount"": 4,
      ""estimatedAmount"": 51000,
      ""dueDate"": ""2026-10-15"",
      ""status"": ""Ready""
    }
  ]
}"
525,Remittance,POST,/api/remittance/automated/execute,Generate draft remittances now (all ready candidates or the selected ids),Accounts > Remittance > Automated Processing > Execute,Bearer JWT,write:remittance,"{
  ""configCode"": ""ARM-001"",
  ""ids"": [
    ""ARM-001:MALAYAN""
  ]
}","{
  ""success"": true,
  ""data"": {
    ""executionId"": ""BLK-2026-00002"",
    ""remittances"": [
      {
        ""id"": ""rm_1"",
        ""remittanceNo"": ""REM-2026-00001"",
        ""remittanceDate"": ""2026-09-15"",
        ""insurerCode"": ""MALAYAN"",
        ""insurerName"": ""Malayan Insurance Co., Inc."",
        ""policyCount"": 3,
        ""grossAmount"": 45000,
        ""commission"": 6750,
        ""tax"": 0,
        ""netAmount"": 38250,
        ""status"": ""Pending Approval"",
        ""statusCode"": ""for-approval""
      }
    ],
    ""recordsProcessed"": 4,
    ""totalAmount"": 51000
  }
}"
526,Remittance,GET,/api/remittance/automated/history,Automated remittance execution history,Accounts > Remittance > Automated Processing,Bearer JWT,"read:remittance, write:remittance",,"{
  ""success"": true,
  ""data"": [
    {
      ""executionId"": ""BLK-2026-00002"",
      ""configCode"": ""ARM-001"",
      ""executionDate"": ""2026-09-15"",
      ""status"": ""Success"",
      ""recordsProcessed"": 12,
      ""totalAmount"": 250000
    }
  ]
}"
527,Remittance,POST,/api/remittance/bills/:id/send,Send an agency bill or insurer remittance statement (queues an e-mail to the agent or insurer),Accounts > Remittance > Agency Bill Processing,Bearer JWT,write:remittance,"{
  ""deliveryMethod"": [
    ""email""
  ],
  ""email"": ""billing@example.com""
}","{
  ""success"": true,
  ""data"": {
    ""billStatus"": ""Sent""
  }
}"
528,Remittance,GET,/api/remittance/bulk,Bulk uploads (processing history),Accounts > Remittance > Bulk Processing,Bearer JWT,"read:remittance, write:remittance",,"{
  ""success"": true,
  ""data"": [
    {
      ""id"": ""rmi_6"",
      ""fileName"": ""september.csv"",
      ""uploadDate"": ""2026-09-20 10:00"",
      ""processedBy"": ""finance.officer"",
      ""totalRecords"": 120,
      ""successCount"": 118,
      ""errorCount"": 2,
      ""status"": ""Processed""
    }
  ]
}"
529,Remittance,POST,/api/remittance/bulk/:id/process,Create draft remittances from the valid rows of an upload,Accounts > Remittance > Bulk Processing > Process,Bearer JWT,write:remittance,,"{
  ""success"": true,
  ""data"": {
    ""upload"": {
      ""status"": ""Processed""
    },
    ""remittances"": [
      {
        ""id"": ""rm_1"",
        ""remittanceNo"": ""REM-2026-00001"",
        ""remittanceDate"": ""2026-09-15"",
        ""insurerCode"": ""MALAYAN"",
        ""insurerName"": ""Malayan Insurance Co., Inc."",
        ""policyCount"": 3,
        ""grossAmount"": 45000,
        ""commission"": 6750,
        ""tax"": 0,
        ""netAmount"": 38250,
        ""status"": ""Pending Approval"",
        ""statusCode"": ""for-approval""
      }
    ]
  }
}"
530,Remittance,POST,/api/remittance/bulk/upload,Upload a remittance file (multipart file + configCode); validates against the bulk-processing master,Accounts > Remittance > Bulk Processing > Upload / Validate,Bearer JWT,write:remittance,"{
  ""file"": ""(CSV: PolicyNo,Premium,Commission)"",
  ""configCode"": ""BFM-001""
}","{
  ""success"": true,
  ""data"": {
    ""totalRecords"": 2,
    ""successCount"": 1,
    ""errorCount"": 1,
    ""errors"": [
      {
        ""row"": 3,
        ""field"": ""policy_number"",
        ""message"": ""Policy not found""
      }
    ],
    ""status"": ""Validated""
  }
}"
531,Remittance,GET,/api/remittance/direct-bill,"Commission debit notes (insurerCode, status code or label, from / to, search, paging)",Accounts > Remittance > Direct Bill Processing > Debit Notes,Bearer JWT,"read:remittance, write:remittance",Query: ?status=Open%2CPartially%20Collected&insurerCode=MALAYAN&page=1&perPage=20,"{
  ""success"": true,
  ""data"": [
    {
      ""id"": ""dn_1"",
      ""dnNumber"": ""DN-2026-00001"",
      ""dnDate"": ""2026-09-30"",
      ""dueDate"": ""2026-10-30"",
      ""periodFrom"": ""2026-09-01"",
      ""periodTo"": ""2026-09-30"",
      ""insurerCode"": ""MALAYAN"",
      ""insurerName"": ""Malayan Insurance Co., Inc."",
      ""policyCount"": 2,
      ""grossPremium"": 45000,
      ""commission"": 6750,
      ""vat"": 810,
      ""amount"": 7560,
      ""ewtRate"": 0.1,
      ""expectedEwt"": 675,
      ""netPayable"": 6885,
      ""collectedCash"": 0,
      ""collectedEwt"": 0,
      ""balance"": 7560,
      ""status"": ""Pending Approval"",
      ""statusCode"": ""for-approval"",
      ""currency"": ""PHP""
    }
  ]
}"
532,Remittance,POST,/api/remittance/direct-bill,"Raise a commission debit note to an insurer for unbilled direct-bill commission (itemIds / policyIds, else all of the period); submit=true sends it for approval",Accounts > Remittance > Direct Bill Processing > Raise Debit Note,Bearer JWT,write:remittance,"{
  ""insurerCode"": ""MALAYAN"",
  ""periodFrom"": ""2026-09-01"",
  ""periodTo"": ""2026-09-30"",
  ""dnDate"": ""2026-09-30"",
  ""itemIds"": [
    ""dbi_1""
  ],
  ""remarks"": ""September 2026 placements"",
  ""submit"": true
}","{
  ""success"": true,
  ""data"": {
    ""id"": ""dn_1"",
    ""dnNumber"": ""DN-2026-00001"",
    ""dnDate"": ""2026-09-30"",
    ""dueDate"": ""2026-10-30"",
    ""periodFrom"": ""2026-09-01"",
    ""periodTo"": ""2026-09-30"",
    ""insurerCode"": ""MALAYAN"",
    ""insurerName"": ""Malayan Insurance Co., Inc."",
    ""policyCount"": 2,
    ""grossPremium"": 45000,
    ""commission"": 6750,
    ""vat"": 810,
    ""amount"": 7560,
    ""ewtRate"": 0.1,
    ""expectedEwt"": 675,
    ""netPayable"": 6885,
    ""collectedCash"": 0,
    ""collectedEwt"": 0,
    ""balance"": 7560,
    ""status"": ""Pending Approval"",
    ""statusCode"": ""for-approval"",
    ""currency"": ""PHP"",
    ""lines"": []
  }
}"
533,Remittance,GET,/api/remittance/direct-bill/:id,One commission debit note with its policy lines and collections,Accounts > Remittance > Direct Bill Processing > Debit Notes > View,Bearer JWT,"read:remittance, write:remittance",,"{
  ""success"": true,
  ""data"": {
    ""id"": ""dn_1"",
    ""dnNumber"": ""DN-2026-00001"",
    ""dnDate"": ""2026-09-30"",
    ""dueDate"": ""2026-10-30"",
    ""periodFrom"": ""2026-09-01"",
    ""periodTo"": ""2026-09-30"",
    ""insurerCode"": ""MALAYAN"",
    ""insurerName"": ""Malayan Insurance Co., Inc."",
    ""policyCount"": 2,
    ""grossPremium"": 45000,
    ""commission"": 6750,
    ""vat"": 810,
    ""amount"": 7560,
    ""ewtRate"": 0.1,
    ""expectedEwt"": 675,
    ""netPayable"": 6885,
    ""collectedCash"": 0,
    ""collectedEwt"": 0,
    ""balance"": 7560,
    ""status"": ""Pending Approval"",
    ""statusCode"": ""for-approval"",
    ""currency"": ""PHP"",
    ""lines"": [],
    ""collections"": []
  }
}"
534,Remittance,POST,/api/remittance/direct-bill/:id/approve,Approve (opens it for sending and collection) a debit note; maker-checker: not the maker,Accounts > Remittance > Direct Bill Processing > Debit Notes,Bearer JWT,write:remittance,"{
  ""remarks"": ""Checked against the placements""
}","{
  ""success"": true,
  ""data"": {
    ""id"": ""dn_1"",
    ""dnNumber"": ""DN-2026-00001"",
    ""dnDate"": ""2026-09-30"",
    ""dueDate"": ""2026-10-30"",
    ""periodFrom"": ""2026-09-01"",
    ""periodTo"": ""2026-09-30"",
    ""insurerCode"": ""MALAYAN"",
    ""insurerName"": ""Malayan Insurance Co., Inc."",
    ""policyCount"": 2,
    ""grossPremium"": 45000,
    ""commission"": 6750,
    ""vat"": 810,
    ""amount"": 7560,
    ""ewtRate"": 0.1,
    ""expectedEwt"": 675,
    ""netPayable"": 6885,
    ""collectedCash"": 0,
    ""collectedEwt"": 0,
    ""balance"": 7560,
    ""status"": ""Open"",
    ""statusCode"": ""for-approval"",
    ""currency"": ""PHP""
  }
}"
535,Remittance,POST,/api/remittance/direct-bill/:id/cancel,Cancel a debit note without collections (reason required once approved); its commission becomes unbilled again,Accounts > Remittance > Direct Bill Processing > Debit Notes,Bearer JWT,write:remittance,"{
  ""reason"": ""Raised to the wrong insurer""
}","{
  ""success"": true,
  ""data"": {
    ""id"": ""dn_1"",
    ""dnNumber"": ""DN-2026-00001"",
    ""dnDate"": ""2026-09-30"",
    ""dueDate"": ""2026-10-30"",
    ""periodFrom"": ""2026-09-01"",
    ""periodTo"": ""2026-09-30"",
    ""insurerCode"": ""MALAYAN"",
    ""insurerName"": ""Malayan Insurance Co., Inc."",
    ""policyCount"": 2,
    ""grossPremium"": 45000,
    ""commission"": 6750,
    ""vat"": 810,
    ""amount"": 7560,
    ""ewtRate"": 0.1,
    ""expectedEwt"": 675,
    ""netPayable"": 6885,
    ""collectedCash"": 0,
    ""collectedEwt"": 0,
    ""balance"": 7560,
    ""status"": ""Cancelled"",
    ""statusCode"": ""for-approval"",
    ""currency"": ""PHP""
  }
}"
536,Remittance,POST,/api/remittance/direct-bill/:id/collections,Record a payment from the insurer (partial allowed): Dr Cash in Bank + Dr Creditable Withholding Tax / Cr Commission Receivable,Accounts > Remittance > Direct Bill Processing > Debit Notes > Collect,Bearer JWT,write:remittance,"{
  ""receivedDate"": ""2026-10-15"",
  ""cashAmount"": 6885,
  ""ewtAmount"": 675,
  ""paymentMode"": ""bank-transfer"",
  ""referenceNo"": ""MAL-OR-55812"",
  ""form2307No"": ""2307-2026-0091""
}","{
  ""success"": true,
  ""data"": {
    ""id"": ""dn_1"",
    ""dnNumber"": ""DN-2026-00001"",
    ""dnDate"": ""2026-09-30"",
    ""dueDate"": ""2026-10-30"",
    ""periodFrom"": ""2026-09-01"",
    ""periodTo"": ""2026-09-30"",
    ""insurerCode"": ""MALAYAN"",
    ""insurerName"": ""Malayan Insurance Co., Inc."",
    ""policyCount"": 2,
    ""grossPremium"": 45000,
    ""commission"": 6750,
    ""vat"": 810,
    ""amount"": 7560,
    ""ewtRate"": 0.1,
    ""expectedEwt"": 675,
    ""netPayable"": 6885,
    ""collectedCash"": 6885,
    ""collectedEwt"": 675,
    ""balance"": 0,
    ""status"": ""Collected"",
    ""statusCode"": ""collected"",
    ""currency"": ""PHP"",
    ""collection"": {
      ""collectionNumber"": ""DNC-2026-00001""
    }
  }
}"
537,Remittance,POST,/api/remittance/direct-bill/:id/collections/:collectionId/reverse,Reverse a collection entered in error (reversing journal; balance restored),Accounts > Remittance > Direct Bill Processing > Debit Notes,Bearer JWT,write:remittance,"{
  ""reason"": ""Keyed against the wrong debit note""
}","{
  ""success"": true,
  ""data"": {
    ""id"": ""dn_1"",
    ""dnNumber"": ""DN-2026-00001"",
    ""dnDate"": ""2026-09-30"",
    ""dueDate"": ""2026-10-30"",
    ""periodFrom"": ""2026-09-01"",
    ""periodTo"": ""2026-09-30"",
    ""insurerCode"": ""MALAYAN"",
    ""insurerName"": ""Malayan Insurance Co., Inc."",
    ""policyCount"": 2,
    ""grossPremium"": 45000,
    ""commission"": 6750,
    ""vat"": 810,
    ""amount"": 7560,
    ""ewtRate"": 0.1,
    ""expectedEwt"": 675,
    ""netPayable"": 6885,
    ""collectedCash"": 0,
    ""collectedEwt"": 0,
    ""balance"": 7560,
    ""status"": ""Pending Approval"",
    ""statusCode"": ""for-approval"",
    ""currency"": ""PHP""
  }
}"
538,Remittance,GET,/api/remittance/direct-bill/:id/pdf,"Printable commission debit note (PDF, broker letterhead; download=1 for an attachment)",Accounts > Remittance > Direct Bill Processing > Debit Notes > Print,Bearer JWT,"read:remittance, write:remittance",Query: ?download=1,application/pdf
539,Remittance,POST,/api/remittance/direct-bill/:id/reject,Reject (reason required; its commission becomes unbilled again) a debit note; maker-checker: not the maker,Accounts > Remittance > Direct Bill Processing > Debit Notes,Bearer JWT,write:remittance,"{
  ""reason"": ""Wrong period""
}","{
  ""success"": true,
  ""data"": {
    ""id"": ""dn_1"",
    ""dnNumber"": ""DN-2026-00001"",
    ""dnDate"": ""2026-09-30"",
    ""dueDate"": ""2026-10-30"",
    ""periodFrom"": ""2026-09-01"",
    ""periodTo"": ""2026-09-30"",
    ""insurerCode"": ""MALAYAN"",
    ""insurerName"": ""Malayan Insurance Co., Inc."",
    ""policyCount"": 2,
    ""grossPremium"": 45000,
    ""commission"": 6750,
    ""vat"": 810,
    ""amount"": 7560,
    ""ewtRate"": 0.1,
    ""expectedEwt"": 675,
    ""netPayable"": 6885,
    ""collectedCash"": 0,
    ""collectedEwt"": 0,
    ""balance"": 7560,
    ""status"": ""Rejected"",
    ""statusCode"": ""for-approval"",
    ""currency"": ""PHP""
  }
}"
540,Remittance,POST,/api/remittance/direct-bill/:id/send,E-mail an approved debit note to the insurer (direct_bill.email_subject / email_body),Accounts > Remittance > Direct Bill Processing > Debit Notes,Bearer JWT,write:remittance,"{
  ""email"": ""billing@malayan.example""
}","{
  ""success"": true,
  ""data"": {
    ""id"": ""dn_1"",
    ""dnNumber"": ""DN-2026-00001"",
    ""dnDate"": ""2026-09-30"",
    ""dueDate"": ""2026-10-30"",
    ""periodFrom"": ""2026-09-01"",
    ""periodTo"": ""2026-09-30"",
    ""insurerCode"": ""MALAYAN"",
    ""insurerName"": ""Malayan Insurance Co., Inc."",
    ""policyCount"": 2,
    ""grossPremium"": 45000,
    ""commission"": 6750,
    ""vat"": 810,
    ""amount"": 7560,
    ""ewtRate"": 0.1,
    ""expectedEwt"": 675,
    ""netPayable"": 6885,
    ""collectedCash"": 0,
    ""collectedEwt"": 0,
    ""balance"": 7560,
    ""status"": ""Pending Approval"",
    ""statusCode"": ""for-approval"",
    ""currency"": ""PHP"",
    ""sentTo"": ""billing@malayan.example""
  }
}"
541,Remittance,POST,/api/remittance/direct-bill/:id/submit,Submit a draft debit note for approval,Accounts > Remittance > Direct Bill Processing > Debit Notes,Bearer JWT,write:remittance,,"{
  ""success"": true,
  ""data"": {
    ""id"": ""dn_1"",
    ""dnNumber"": ""DN-2026-00001"",
    ""dnDate"": ""2026-09-30"",
    ""dueDate"": ""2026-10-30"",
    ""periodFrom"": ""2026-09-01"",
    ""periodTo"": ""2026-09-30"",
    ""insurerCode"": ""MALAYAN"",
    ""insurerName"": ""Malayan Insurance Co., Inc."",
    ""policyCount"": 2,
    ""grossPremium"": 45000,
    ""commission"": 6750,
    ""vat"": 810,
    ""amount"": 7560,
    ""ewtRate"": 0.1,
    ""expectedEwt"": 675,
    ""netPayable"": 6885,
    ""collectedCash"": 0,
    ""collectedEwt"": 0,
    ""balance"": 7560,
    ""status"": ""Pending Approval"",
    ""statusCode"": ""for-approval"",
    ""currency"": ""PHP""
  }
}"
542,Remittance,POST,/api/remittance/direct-bill/billing-mode,"Change the billing mode of an issued policy (broker billed or direct bill): refused once premium is collected or remitted, or the commission is on a debit note",Accounts > Remittance > Direct Bill Processing > Billing Mode,Bearer JWT,write:remittance,"{
  ""policyNumber"": ""POL-2026-00001"",
  ""billingMode"": ""direct"",
  ""reason"": ""Client pays Malayan directly""
}","{
  ""success"": true,
  ""data"": {
    ""policyNumber"": ""POL-2026-00001"",
    ""before"": ""Broker billed"",
    ""billingMode"": ""direct"",
    ""billingModeLabel"": ""Direct bill"",
    ""directBill"": {
      ""items"": 1,
      ""commissionDue"": 5040,
      ""unbilled"": 5040,
      ""collected"": 0
    }
  }
}"
543,Remittance,GET,/api/remittance/direct-bill/policies,"Unbilled direct-bill commission, insurer-wise (insurerCode, from / to booking date, productLine, search) with commission, VAT, total due and expected EWT",Accounts > Remittance > Direct Bill Processing,Bearer JWT,"read:remittance, write:remittance",Query: ?insurerCode=MALAYAN&from=2026-09-01&to=2026-09-30&productLine=MOTOR,"{
  ""success"": true,
  ""data"": [
    {
      ""id"": ""dbi_1"",
      ""policyId"": ""pol_1"",
      ""policyNo"": ""POL-2026-00001"",
      ""reference"": ""POL-2026-00001"",
      ""source"": ""policy"",
      ""insuredName"": ""Juan Dela Cruz"",
      ""product"": ""Private Car Comprehensive"",
      ""lineOfBusiness"": ""MOTOR"",
      ""bookedOn"": ""2026-09-15"",
      ""grossPremium"": 30000,
      ""netPremium"": 25000,
      ""commissionRate"": 18,
      ""commission"": 4500,
      ""vat"": 540,
      ""totalDue"": 5040,
      ""expectedEwt"": 450,
      ""netReceivable"": 4590,
      ""bookingJournal"": ""JV-2026-00012""
    }
  ],
  ""summary"": {
    ""count"": 1,
    ""grossPremium"": 30000,
    ""commission"": 4500,
    ""vat"": 540,
    ""totalDue"": 5040,
    ""expectedEwt"": 450,
    ""netReceivable"": 4590,
    ""ewtRate"": 0.1
  }
}"
544,Remittance,GET,/api/remittance/direct-bill/summary,"Commission receivable from insurers on direct-bill policies: unbilled, billed outstanding, overdue, notes pending approval",Accounts > Remittance > Direct Bill Processing,Bearer JWT,"read:remittance, write:remittance",,"{
  ""success"": true,
  ""data"": {
    ""unbilled"": 5040,
    ""billedOutstanding"": 7560,
    ""overdue"": 0,
    ""total"": 12600,
    ""pendingApproval"": 1
  }
}"
545,Remittance,GET,/api/remittance/exceptions,"Remittance exceptions (status: Open, In Progress, Escalated, Resolved)",Accounts > Remittance > Exceptions,Bearer JWT,"read:remittance, write:remittance",,"{
  ""success"": true,
  ""data"": [
    {
      ""id"": ""rmi_4"",
      ""exceptionId"": ""EXC-2026-00001"",
      ""severity"": ""Critical"",
      ""type"": ""Amount Mismatch"",
      ""remittanceNo"": ""REM-2026-00001"",
      ""amount"": 25000,
      ""age"": 2,
      ""assignedTo"": ""Finance Officer"",
      ""status"": ""Open""
    }
  ]
}"
546,Remittance,POST,/api/remittance/exceptions,Log an exception (type from the exception master),Accounts > Remittance > Exceptions,Bearer JWT,write:remittance,"{
  ""type"": ""Amount Mismatch"",
  ""severity"": ""High"",
  ""remittanceNo"": ""REM-2026-00001"",
  ""amount"": 800,
  ""description"": ""Bank credit short by 800"",
  ""assignedTo"": ""finance.officer""
}","{
  ""success"": true,
  ""data"": {
    ""exceptionId"": ""EXC-2026-00002"",
    ""status"": ""Open""
  }
}"
547,Remittance,POST,/api/remittance/exceptions/:id/assign,Assign an exception,Accounts > Remittance > Exceptions,Bearer JWT,write:remittance,"{
  ""assignedTo"": ""finance.officer""
}","{
  ""success"": true,
  ""data"": {
    ""status"": ""In Progress""
  }
}"
548,Remittance,POST,/api/remittance/exceptions/:id/escalate,Escalate an exception,Accounts > Remittance > Exceptions,Bearer JWT,write:remittance,"{
  ""reason"": ""Past SLA""
}","{
  ""success"": true,
  ""data"": {
    ""status"": ""Escalated""
  }
}"
549,Remittance,POST,/api/remittance/exceptions/:id/resolve,Resolve an exception,Accounts > Remittance > Exceptions,Bearer JWT,write:remittance,"{
  ""resolution"": ""Insurer credited the difference""
}","{
  ""success"": true,
  ""data"": {
    ""status"": ""Resolved""
  }
}"
550,Remittance,GET,/api/remittance/history,"Transaction history across remittances, settlements, adjustments and transfers",Accounts > Remittance > History,Bearer JWT,"read:remittance, write:remittance",Query: ?search=REM&type=Settlement&page=1,"{
  ""success"": true,
  ""data"": [
    {
      ""id"": ""rm_1"",
      ""referenceNo"": ""REM-2026-00001"",
      ""type"": ""Insurer Remittance"",
      ""policyNo"": ""POL-2026-00001"",
      ""clientName"": ""Malayan Insurance Co., Inc."",
      ""amount"": 38250,
      ""status"": ""Approved"",
      ""createdBy"": ""Finance Officer"",
      ""version"": 3,
      ""hasAuditTrail"": true
    }
  ]
}"
551,Remittance,GET,/api/remittance/history/audit,Audit trail of remittance records (filter referenceNo),Accounts > Remittance > History > Audit Trail,Bearer JWT,"read:remittance, write:remittance",Query: ?referenceNo=REM-2026-00001,"{
  ""success"": true,
  ""data"": [
    {
      ""referenceNo"": ""REM-2026-00001"",
      ""actionType"": ""approve"",
      ""previousValue"": ""Pending Approval"",
      ""newValue"": ""Approved"",
      ""changedBy"": ""finance.head"",
      ""changeDate"": ""2026-09-26 15:45""
    }
  ]
}"
552,Remittance,GET,/api/remittance/history/system-logs,"Processing logs (executions, batches, uploads, statements, reports)",Accounts > Remittance > History > System Logs,Bearer JWT,"read:remittance, write:remittance",,"{
  ""success"": true,
  ""data"": [
    {
      ""timestamp"": ""2026-09-26 16:30:15"",
      ""level"": ""INFO"",
      ""module"": ""Automated Remittance"",
      ""message"": ""Automated Remittance BLK-2026-00002: Success"",
      ""recordsProcessed"": 12
    }
  ]
}"
553,Remittance,GET,/api/remittance/masters,Remittance Master overview: all 16 configuration types in one list (edit through /masters/:type),Master > Finance > Remittance Master,Bearer JWT,"read:remittance, write:remittance, read:masters",Query: ?type=Automated&search=ARM,"{
  ""success"": true,
  ""data"": [
    {
      ""id"": 1,
      ""code"": ""ARM-001"",
      ""name"": ""Monthly Auto Remittance"",
      ""type"": ""Automated"",
      ""typeCode"": ""remittance-automated"",
      ""status"": true,
      ""lastUpdated"": ""2026-09-15""
    }
  ]
}"
554,Remittance,POST,/api/remittance/notifications,Compose and send a notification (e-mails are queued through the outbox),Accounts > Remittance > Notifications > Compose,Bearer JWT,write:remittance,"{
  ""type"": ""Payment Reminder"",
  ""subject"": ""Payment due - POL-2026-00001"",
  ""content"": ""Your premium is due on 2026-10-15."",
  ""recipients"": [
    ""client@example.com""
  ],
  ""recipientType"": ""Client"",
  ""channel"": ""Email"",
  ""priority"": ""High""
}","{
  ""success"": true,
  ""data"": {
    ""referenceNo"": ""NTF-2026-00001"",
    ""status"": ""Sent""
  }
}"
555,Remittance,GET,/api/remittance/notifications/inbox,Remittance notifications for the signed-in user,Accounts > Remittance > Notifications > Inbox,Bearer JWT,"read:remittance, write:remittance",,"{
  ""success"": true,
  ""data"": [
    {
      ""id"": ""ntf_1"",
      ""type"": ""Approval Request"",
      ""subject"": ""Remittances awaiting approval"",
      ""sender"": ""Remittance System"",
      ""status"": ""Delivered"",
      ""isRead"": false
    }
  ]
}"
556,Remittance,GET,/api/remittance/notifications/sent,Sent notifications,Accounts > Remittance > Notifications > Sent,Bearer JWT,"read:remittance, write:remittance",,"{
  ""success"": true,
  ""data"": [
    {
      ""id"": ""rmi_5"",
      ""type"": ""Payment Reminder"",
      ""subject"": ""Payment due"",
      ""recipients"": ""client@example.com"",
      ""sentDate"": ""2026-09-25 14:30"",
      ""status"": ""Sent"",
      ""channel"": ""Email""
    }
  ]
}"
557,Remittance,GET,/api/remittance/notifications/templates,Notification templates (remittance-notification-template master),Accounts > Remittance > Notifications > Templates,Bearer JWT,"read:remittance, write:remittance",,"{
  ""success"": true,
  ""data"": [
    {
      ""id"": 1,
      ""code"": ""NTF-001"",
      ""name"": ""Payment Due Reminder"",
      ""channel"": ""Email"",
      ""status"": ""Active""
    }
  ]
}"
558,Remittance,GET,/api/remittance/processing-history,Processing batches and automated executions,Accounts > Remittance > Automated Processing > History,Bearer JWT,"read:remittance, write:remittance",,"{
  ""success"": true,
  ""data"": [
    {
      ""batchId"": ""BLK-2026-00001"",
      ""processedAt"": ""2026-09-28T00:00:00Z"",
      ""processedBy"": ""Finance Officer"",
      ""itemCount"": 3,
      ""totalAmount"": 120000,
      ""status"": ""Pending Approval"",
      ""duration"": ""1s""
    }
  ]
}"
559,Remittance,GET,/api/remittance/reconciliation,"Bank vs system transactions, exceptions and match summary",Accounts > Remittance > Reconciliation,Bearer JWT,"read:remittance, write:remittance",,"{
  ""success"": true,
  ""data"": {
    ""bankTransactions"": [
      {
        ""id"": ""rmi_7"",
        ""transDate"": ""2026-09-20"",
        ""reference"": ""BNK-2026-00001"",
        ""amount"": 38250,
        ""status"": ""matched""
      }
    ],
    ""systemTransactions"": [
      {
        ""id"": ""rm_1"",
        ""policyNo"": ""POL-2026-00001"",
        ""premium"": 38250,
        ""transDate"": ""2026-09-18"",
        ""reference"": ""REM-2026-00001"",
        ""status"": ""matched""
      }
    ],
    ""exceptions"": [],
    ""summary"": {
      ""matched"": 1,
      ""unmatched"": 0,
      ""successRate"": 100
    }
  }
}"
560,Remittance,POST,/api/remittance/reconciliation/auto-match,Auto-match bank lines to approved remittances within the tolerance,Accounts > Remittance > Reconciliation > Auto Match,Bearer JWT,write:remittance,"{
  ""tolerance"": 0.5
}","{
  ""success"": true,
  ""data"": {
    ""matched"": 3,
    ""total"": 5,
    ""unmatched"": 2,
    ""successRate"": 60
  }
}"
561,Remittance,POST,/api/remittance/reconciliation/bank-transactions,Import bank statement lines,Accounts > Remittance > Reconciliation > Import,Bearer JWT,write:remittance,"{
  ""transactions"": [
    {
      ""transDate"": ""2026-09-20"",
      ""reference"": ""PSN-889201"",
      ""amount"": 38250,
      ""description"": ""PESONet credit""
    }
  ]
}","{
  ""success"": true,
  ""data"": [
    {
      ""id"": ""rmi_7"",
      ""status"": ""unmatched""
    }
  ]
}"
562,Remittance,POST,/api/remittance/reconciliation/match,Manually match a bank line to a remittance (difference beyond tolerance logs an exception),Accounts > Remittance > Reconciliation > Match,Bearer JWT,write:remittance,"{
  ""bankId"": ""rmi_7"",
  ""remittanceId"": ""REM-2026-00001""
}","{
  ""success"": true,
  ""data"": {
    ""status"": ""matched"",
    ""difference"": 0
  }
}"
563,Remittance,POST,/api/remittance/reconciliation/unmatch,Undo a match,Accounts > Remittance > Reconciliation,Bearer JWT,write:remittance,"{
  ""bankId"": ""rmi_7""
}","{
  ""success"": true,
  ""data"": {
    ""matched"": 0
  }
}"
564,Remittance,GET,/api/remittance/remittances,"Remittances / bills (kind, status label or code, insurer, from, to, search, paging)",Accounts > Remittance > Tracking; Accounts > Remittance > Automated Processing,Bearer JWT,"read:remittance, write:remittance",Query: ?kind=direct-bill&status=Pending%20Approval&insurer=MALAYAN&from=2026-09-01&to=2026-09-30&page=1&perPage=20,"{
  ""success"": true,
  ""data"": [
    {
      ""id"": ""rm_1"",
      ""remittanceNo"": ""REM-2026-00001"",
      ""remittanceDate"": ""2026-09-15"",
      ""insurerCode"": ""MALAYAN"",
      ""insurerName"": ""Malayan Insurance Co., Inc."",
      ""policyCount"": 3,
      ""grossAmount"": 45000,
      ""commission"": 6750,
      ""tax"": 0,
      ""netAmount"": 38250,
      ""status"": ""Pending Approval"",
      ""statusCode"": ""for-approval""
    }
  ],
  ""total"": 1,
  ""page"": 1,
  ""perPage"": 20,
  ""totalPages"": 1,
  ""summary"": {
    ""count"": 1,
    ""grossAmount"": 45000,
    ""netAmount"": 38250
  }
}"
565,Remittance,POST,/api/remittance/remittances,Create a draft remittance from policy lines,Accounts > Remittance > Tracking,Bearer JWT,write:remittance,"{
  ""kind"": ""direct-bill"",
  ""insurerCode"": ""MALAYAN"",
  ""period"": ""2026-09"",
  ""dueDate"": ""2026-10-15"",
  ""lines"": [
    {
      ""policyNo"": ""POL-2026-00001""
    },
    {
      ""policyNo"": ""EXT-1"",
      ""premium"": 12000,
      ""commission"": 1800,
      ""tax"": 0
    }
  ]
}","{
  ""success"": true,
  ""data"": {
    ""id"": ""rm_1"",
    ""remittanceNo"": ""REM-2026-00001"",
    ""remittanceDate"": ""2026-09-15"",
    ""insurerCode"": ""MALAYAN"",
    ""insurerName"": ""Malayan Insurance Co., Inc."",
    ""policyCount"": 3,
    ""grossAmount"": 45000,
    ""commission"": 6750,
    ""tax"": 0,
    ""netAmount"": 38250,
    ""status"": ""Pending Approval"",
    ""statusCode"": ""for-approval""
  }
}"
566,Remittance,GET,/api/remittance/remittances/:id,"Remittance details: insurer, policies, documents, activity log",Accounts > Remittance > Tracking > View,Bearer JWT,"read:remittance, write:remittance",,"{
  ""success"": true,
  ""data"": {
    ""id"": ""rm_1"",
    ""remittanceNo"": ""REM-2026-00001"",
    ""remittanceDate"": ""2026-09-15"",
    ""insurerCode"": ""MALAYAN"",
    ""insurerName"": ""Malayan Insurance Co., Inc."",
    ""policyCount"": 3,
    ""grossAmount"": 45000,
    ""commission"": 6750,
    ""tax"": 0,
    ""netAmount"": 38250,
    ""status"": ""Pending Approval"",
    ""statusCode"": ""for-approval"",
    ""insurerDetails"": {
      ""code"": ""MALAYAN"",
      ""name"": ""Malayan Insurance Co., Inc.""
    },
    ""policies"": [
      {
        ""policyNo"": ""POL-2026-00001"",
        ""premium"": 15000,
        ""commission"": 2250
      }
    ],
    ""activityLog"": []
  }
}"
567,Remittance,POST,/api/remittance/remittances/:id/approve,Approve a remittance (maker-checker: not the submitter),Accounts > Remittance > Approval,Bearer JWT,write:remittance,"{
  ""comments"": ""Verified""
}","{
  ""success"": true,
  ""data"": {
    ""status"": ""Approved""
  }
}"
568,Remittance,POST,/api/remittance/remittances/:id/reject,Reject a remittance (maker-checker: not the submitter),Accounts > Remittance > Approval,Bearer JWT,write:remittance,"{
  ""comments"": ""Missing documents""
}","{
  ""success"": true,
  ""data"": {
    ""status"": ""Rejected""
  }
}"
569,Remittance,POST,/api/remittance/remittances/:id/settle,Mark an approved remittance as settled (paid to the insurer),Accounts > Remittance > Settlement,Bearer JWT,write:remittance,"{
  ""referenceNo"": ""PESONET-889201"",
  ""paymentMethod"": ""bank_transfer"",
  ""paymentDate"": ""2026-09-30""
}","{
  ""success"": true,
  ""data"": {
    ""id"": ""rm_1"",
    ""remittanceNo"": ""REM-2026-00001"",
    ""remittanceDate"": ""2026-09-15"",
    ""insurerCode"": ""MALAYAN"",
    ""insurerName"": ""Malayan Insurance Co., Inc."",
    ""policyCount"": 3,
    ""grossAmount"": 45000,
    ""commission"": 6750,
    ""tax"": 0,
    ""netAmount"": 38250,
    ""status"": ""Completed"",
    ""statusCode"": ""settled""
  }
}"
570,Remittance,POST,/api/remittance/remittances/process,Submit selected draft remittances for approval as one batch,Accounts > Remittance > Automated Processing > Process; Accounts > Remittance > Tracking > Process,Bearer JWT,write:remittance,"{
  ""ids"": [
    ""rm_1""
  ]
}","{
  ""success"": true,
  ""data"": {
    ""success"": true,
    ""processedIds"": [
      ""rm_1""
    ],
    ""batchId"": ""BLK-2026-00001"",
    ""processedAt"": ""2026-09-28T00:00:00Z""
  }
}"
571,Remittance,POST,/api/remittance/remittances/validate,Validate selected remittances before processing,Accounts > Remittance > Automated Processing > Validate,Bearer JWT,"read:remittance, write:remittance","{
  ""ids"": [
    ""rm_1""
  ]
}","{
  ""success"": true,
  ""data"": {
    ""totalValidated"": 1,
    ""validCount"": 1,
    ""invalidCount"": 0,
    ""results"": [
      {
        ""id"": ""rm_1"",
        ""code"": ""REM-2026-00001"",
        ""valid"": true,
        ""errors"": []
      }
    ]
  }
}"
572,Remittance,GET,/api/remittance/reports,Generated remittance reports,Accounts > Remittance > Reports,Bearer JWT,"read:remittance, write:remittance",,"{
  ""success"": true,
  ""data"": [
    {
      ""id"": ""rmi_8"",
      ""templateCode"": ""RPT-001"",
      ""generatedOn"": ""2026-09-28T00:00:00Z"",
      ""period"": ""2026-09-01 to 2026-09-28"",
      ""fileSize"": ""2 KB"",
      ""fileUrl"": ""http://host/api/s3/object/..."",
      ""status"": ""Completed""
    }
  ]
}"
573,Remittance,POST,/api/remittance/reports/generate,Generate a remittance report (CSV) from a template for a date range,Accounts > Remittance > Reports > Generate,Bearer JWT,write:remittance,"{
  ""templateCode"": ""RPT-001"",
  ""from"": ""2026-09-01"",
  ""to"": ""2026-09-28"",
  ""insurers"": []
}","{
  ""success"": true,
  ""data"": {
    ""referenceNo"": ""RPT-2026-00001"",
    ""fileUrl"": ""http://host/api/s3/object/..."",
    ""status"": ""Completed""
  }
}"
574,Remittance,GET,/api/remittance/reports/templates,Remittance report templates (remittance-report-template master),Accounts > Remittance > Reports,Bearer JWT,"read:remittance, write:remittance",,"{
  ""success"": true,
  ""data"": [
    {
      ""id"": 1,
      ""code"": ""RPT-001"",
      ""name"": ""Daily Remittance Report"",
      ""category"": ""Operational"",
      ""status"": ""Active""
    }
  ]
}"
575,Remittance,GET,/api/remittance/schedules,Scheduled remittance jobs (remittance-schedule master) and upcoming runs,Accounts > Remittance > Scheduling,Bearer JWT,"read:remittance, write:remittance",,"{
  ""success"": true,
  ""data"": {
    ""scheduledJobs"": [
      {
        ""id"": 1,
        ""name"": ""Monthly Remittance Schedule"",
        ""nextRun"": ""2026-10-01 09:00"",
        ""frequency"": ""Monthly"",
        ""status"": ""Active""
      }
    ],
    ""upcomingEvents"": [
      {
        ""status"": ""2026-10-01 09:00"",
        ""date"": ""2026-10-01"",
        ""content"": ""Monthly Remittance Schedule""
      }
    ]
  }
}"
576,Remittance,POST,/api/remittance/schedules,New schedule (stored in the remittance-schedule master),Accounts > Remittance > Scheduling > New Schedule,Bearer JWT,write:remittance,"{
  ""code"": ""SCH-0003"",
  ""name"": ""Weekly Settlement - Pioneer"",
  ""frequency"": ""Weekly"",
  ""time"": ""14:00"",
  ""nextRun"": ""2026-10-05"",
  ""linkedProcesses"": [
    ""ARM-001""
  ]
}","{
  ""success"": true,
  ""data"": {
    ""id"": 3,
    ""code"": ""SCH-0003"",
    ""status"": ""Active""
  }
}"
577,Remittance,POST,/api/remittance/schedules/:id/run,Run a schedule now (executes its linked automated remittance),Accounts > Remittance > Scheduling > Run Now,Bearer JWT,write:remittance,,"{
  ""success"": true,
  ""data"": {
    ""schedule"": {
      ""id"": 1
    },
    ""execution"": {
      ""executionId"": ""BLK-2026-00003"",
      ""remittances"": []
    }
  }
}"
578,Remittance,PATCH,/api/remittance/schedules/:id/status,Pause / resume a schedule,Accounts > Remittance > Scheduling,Bearer JWT,write:remittance,"{
  ""status"": ""Paused""
}","{
  ""success"": true,
  ""data"": {
    ""status"": ""Inactive""
  }
}"
579,Remittance,GET,/api/remittance/settlements,Settlements (status filter),Accounts > Remittance > Settlement,Bearer JWT,"read:remittance, write:remittance",Query: ?status=Pending%20Approval,"{
  ""success"": true,
  ""data"": [
    {
      ""id"": ""rmi_1"",
      ""settlementNo"": ""SET-2026-00001"",
      ""insurerName"": ""Malayan Insurance Co., Inc."",
      ""netAmount"": 26000,
      ""status"": ""Draft""
    }
  ]
}"
580,Remittance,POST,/api/remittance/settlements,Save a settlement draft (submit=true also submits it for approval),Accounts > Remittance > Settlement > Save Draft / Submit,Bearer JWT,write:remittance,"{
  ""insurerCode"": ""MALAYAN"",
  ""settlementType"": ""Regular"",
  ""settlementPeriod"": [
    ""2026-09-01"",
    ""2026-09-30""
  ],
  ""lineIds"": [
    1,
    2
  ],
  ""creditNotes"": 500,
  ""paymentMethod"": ""bank_transfer"",
  ""bankAccount"": ""ACC-BDO-001"",
  ""submit"": false
}","{
  ""success"": true,
  ""data"": {
    ""settlementNo"": ""SET-2026-00001"",
    ""status"": ""Draft"",
    ""netAmount"": 26000
  }
}"
581,Remittance,GET,/api/remittance/settlements/:id,One settlement with its policies and totals,Accounts > Remittance > Settlement,Bearer JWT,"read:remittance, write:remittance",,"{
  ""success"": true,
  ""data"": {
    ""settlementNo"": ""SET-2026-00001""
  }
}"
582,Remittance,PUT,/api/remittance/settlements/:id,Update a draft / rejected settlement,Accounts > Remittance > Settlement,Bearer JWT,write:remittance,"{
  ""lineIds"": [
    1
  ],
  ""otherAdjustments"": -250
}","{
  ""success"": true,
  ""data"": {
    ""status"": ""Draft""
  }
}"
583,Remittance,POST,/api/remittance/settlements/:id/submit,Submit a settlement for approval,Accounts > Remittance > Settlement > Submit For Approval,Bearer JWT,write:remittance,"{
  ""paymentMethod"": ""bank_transfer"",
  ""bankAccount"": ""ACC-BDO-001""
}","{
  ""success"": true,
  ""data"": {
    ""status"": ""Pending Approval""
  }
}"
584,Remittance,GET,/api/remittance/settlements/available-policies,Policy lines of approved remittances available for settlement with an insurer,Accounts > Remittance > Settlement,Bearer JWT,"read:remittance, write:remittance",Query: ?insurerCode=MALAYAN,"{
  ""success"": true,
  ""data"": [
    {
      ""id"": 1,
      ""remittanceNo"": ""REM-2026-00001"",
      ""policyNo"": ""POL-2026-00001"",
      ""insuredName"": ""Juan Dela Cruz"",
      ""premium"": 15000,
      ""commissionRate"": 15,
      ""commission"": 2250,
      ""tax"": 0,
      ""netAmount"": 12750
    }
  ]
}"
585,Remittance,POST,/api/remittance/settlements/calculate,Settlement totals (premium - commission - tax + previous balance + credit notes - debit notes + other adjustments),Accounts > Remittance > Settlement > Calculate,Bearer JWT,"read:remittance, write:remittance","{
  ""lineIds"": [
    1,
    2
  ],
  ""adjustments"": {
    ""previousBalance"": 0,
    ""creditNotes"": 500,
    ""debitNotes"": 0,
    ""otherAdjustments"": 0
  }
}","{
  ""success"": true,
  ""data"": {
    ""totalPremium"": 30000,
    ""totalCommission"": 4500,
    ""totalTax"": 0,
    ""totalAdjustments"": 500,
    ""netAmount"": 26000
  }
}"
586,Remittance,GET,/api/remittance/statements,Generated statements,Accounts > Remittance > Statements,Bearer JWT,"read:remittance, write:remittance",,"{
  ""success"": true,
  ""data"": [
    {
      ""statementId"": ""STMT-2026-00001"",
      ""period"": ""2026-09"",
      ""fileName"": ""Statement_2026_09.csv"",
      ""downloadUrl"": ""http://host/api/s3/object/remittance-statements/x.csv"",
      ""status"": ""Generated""
    }
  ]
}"
587,Remittance,POST,/api/remittance/statements/generate,Generate a statement file (CSV) for a period and insurers; optionally e-mail it,Accounts > Remittance > Statements > Generate,Bearer JWT,write:remittance,"{
  ""period"": ""2026-09"",
  ""statementType"": ""Account Statement"",
  ""selectionType"": ""specific"",
  ""insurers"": [
    ""MALAYAN""
  ],
  ""templateCode"": ""STM-001"",
  ""emailTo"": [
    ""uw@malayan.example""
  ]
}","{
  ""success"": true,
  ""data"": {
    ""success"": true,
    ""statementId"": ""STMT-2026-00001"",
    ""fileName"": ""Statement_2026_09_STMT-2026-00001.csv"",
    ""fileSize"": ""1 KB"",
    ""generatedAt"": ""2026-09-28T00:00:00Z"",
    ""downloadUrl"": ""http://host/api/s3/object/..."",
    ""previewUrl"": ""http://host/api/s3/object/...""
  }
}"
588,Remittance,GET,/api/remittance/statements/preview,Statement rows for a period / insurers (preview before generating),Accounts > Remittance > Statements > Preview,Bearer JWT,"read:remittance, write:remittance",Query: ?period=2026-09&insurers=MALAYAN%2CFPG,"{
  ""success"": true,
  ""data"": {
    ""rows"": [
      {
        ""transactionDate"": ""2026-09-15"",
        ""policyNumber"": ""POL-2026-00001"",
        ""insuredName"": ""Juan Dela Cruz"",
        ""premium"": 15000,
        ""commission"": 2250,
        ""netAmount"": 12750,
        ""status"": ""Approved""
      }
    ],
    ""totalRows"": 1
  }
}"
589,Remittance,GET,/api/remittance/transfers,"Electronic transfers (status: Pending, Approved, Completed, Failed, Rejected)",Accounts > Remittance > Electronic Transfer,Bearer JWT,"read:remittance, write:remittance",Query: ?status=Pending%2CApproved,"{
  ""success"": true,
  ""data"": [
    {
      ""id"": ""rmi_3"",
      ""reference"": ""TRF-2026-00001"",
      ""beneficiary"": ""Malayan Insurance Co., Inc."",
      ""amount"": 125000,
      ""method"": ""PESONet"",
      ""status"": ""Pending"",
      ""date"": ""2026-09-26""
    }
  ]
}"
590,Remittance,POST,/api/remittance/transfers,"New electronic transfer (limit check, then approval)",Accounts > Remittance > Electronic Transfer > New Transfer,Bearer JWT,write:remittance,"{
  ""beneficiary"": ""Malayan Insurance Co., Inc."",
  ""amount"": 125000,
  ""method"": ""PESONet"",
  ""accountNumber"": ""0012-3456-78"",
  ""bankName"": ""BDO"",
  ""purpose"": ""September premium remittance"",
  ""remittanceNo"": ""REM-2026-00001""
}","{
  ""success"": true,
  ""data"": {
    ""reference"": ""TRF-2026-00001"",
    ""status"": ""Pending""
  }
}"
591,Remittance,POST,/api/remittance/transfers/:id/execute,Record the bank result of an approved transfer (Completed / Failed),Accounts > Remittance > Electronic Transfer,Bearer JWT,write:remittance,"{
  ""status"": ""Completed"",
  ""bankReference"": ""PSN-20260930-7781""
}","{
  ""success"": true,
  ""data"": {
    ""status"": ""Completed""
  }
}"
592,Remittance,GET,/api/remittance/transfers/methods,Transfer methods and limits (configuration),Accounts > Remittance > Electronic Transfer,Bearer JWT,"read:remittance, write:remittance",,"{
  ""success"": true,
  ""data"": [
    {
      ""label"": ""PESONet"",
      ""value"": ""PESONet"",
      ""limit"": 10000000
    }
  ]
}"
593,Renewals workspace,GET,/api/policy-renewals/renewals/:id,"Renewal with quotes, notices and activity timeline",Operations > Renewals > Renewal Queue > View,Bearer JWT,read:renewals,,"{
  ""success"": true,
  ""data"": {
    ""id"": ""rnw_1"",
    ""renewalNumber"": ""RN-2026-00001"",
    ""policyNumber"": ""POL-2025-00012"",
    ""insuredName"": ""Maria Santos"",
    ""product"": ""Motor Vehicle Insurance"",
    ""insurer"": ""MAPFRE Insurance Corporation"",
    ""expiryDate"": ""2026-10-30"",
    ""daysToExpiry"": 32,
    ""currentPremium"": 18500,
    ""renewalPremium"": 21450.5,
    ""premiumVariancePct"": 15.95,
    ""status"": ""Quote Sent"",
    ""statusCode"": ""quoted"",
    ""retentionRisk"": ""Medium"",
    ""riskScore"": 35,
    ""noticeStage"": 1,
    ""nextNotice"": {
      ""stage"": 2,
      ""code"": ""second"",
      ""label"": ""Second Notice""
    },
    ""assignedAgent"": ""Ana Reyes"",
    ""renewalAttempts"": 1,
    ""quotes"": [],
    ""notices"": [],
    ""activities"": []
  }
}"
594,Renewals workspace,POST,/api/policy-renewals/renewals/:id/activities,Add a negotiation update / contact to the renewal timeline,Operations > Renewals > Negotiations > Add Update,Bearer JWT,write:renewals,"{
  ""type"": ""Counter Offer"",
  ""method"": ""Email"",
  ""description"": ""Client asked for a 5% discount"",
  ""outcome"": ""Pending underwriting"",
  ""nextAction"": ""Submit for approval"",
  ""followUpDate"": ""2026-10-05""
}","{
  ""success"": true,
  ""data"": {
    ""id"": 1,
    ""type"": ""Counter Offer"",
    ""method"": ""Email"",
    ""description"": ""Client asked for a 5% discount""
  }
}"
595,Renewals workspace,POST,/api/policy-renewals/renewals/:id/approve,Checker decision on renewal terms (decision approve | reject); approver must differ from the submitter,Operations > Renewals > Negotiations (approval),Bearer JWT,write:renewals,"{
  ""decision"": ""approve"",
  ""note"": ""Within authority""
}","{
  ""success"": true,
  ""data"": {
    ""id"": ""rnw_1"",
    ""renewalNumber"": ""RN-2026-00001"",
    ""policyNumber"": ""POL-2025-00012"",
    ""insuredName"": ""Maria Santos"",
    ""product"": ""Motor Vehicle Insurance"",
    ""insurer"": ""MAPFRE Insurance Corporation"",
    ""expiryDate"": ""2026-10-30"",
    ""daysToExpiry"": 32,
    ""currentPremium"": 18500,
    ""renewalPremium"": 21450.5,
    ""premiumVariancePct"": 15.95,
    ""status"": ""Approved"",
    ""statusCode"": ""approved"",
    ""retentionRisk"": ""Medium"",
    ""riskScore"": 35,
    ""noticeStage"": 1,
    ""nextNotice"": {
      ""stage"": 2,
      ""code"": ""second"",
      ""label"": ""Second Notice""
    },
    ""assignedAgent"": ""Ana Reyes"",
    ""renewalAttempts"": 1
  }
}"
596,Renewals workspace,POST,/api/policy-renewals/renewals/:id/complete,"Complete the renewal: create the new policy term, mark the old policy renewed, raise the premium receivable",Operations > Renewals > Renewal Queue,Bearer JWT,write:renewals,"{
  ""inceptionDate"": ""2026-10-31"",
  ""expiryDate"": ""2027-10-30""
}","{
  ""success"": true,
  ""data"": {
    ""newPolicy"": {
      ""id"": ""pol_9"",
      ""policyNumber"": ""POL-2026-00031"",
      ""inceptionDate"": ""2026-10-31"",
      ""expiryDate"": ""2027-10-30"",
      ""premium"": 21450.5
    },
    ""renewal"": {
      ""id"": ""rnw_1"",
      ""renewalNumber"": ""RN-2026-00001"",
      ""policyNumber"": ""POL-2025-00012"",
      ""insuredName"": ""Maria Santos"",
      ""product"": ""Motor Vehicle Insurance"",
      ""insurer"": ""MAPFRE Insurance Corporation"",
      ""expiryDate"": ""2026-10-30"",
      ""daysToExpiry"": 32,
      ""currentPremium"": 18500,
      ""renewalPremium"": 21450.5,
      ""premiumVariancePct"": 15.95,
      ""status"": ""Renewed"",
      ""statusCode"": ""quoted"",
      ""retentionRisk"": ""Medium"",
      ""riskScore"": 35,
      ""noticeStage"": 1,
      ""nextNotice"": {
        ""stage"": 2,
        ""code"": ""second"",
        ""label"": ""Second Notice""
      },
      ""assignedAgent"": ""Ana Reyes"",
      ""renewalAttempts"": 1
    }
  }
}"
597,Renewals workspace,POST,/api/policy-renewals/renewals/:id/lapse,Lapse a renewal (reason required),Operations > Renewals > Lapse Management,Bearer JWT,write:renewals,"{
  ""reason"": ""Client moved to another broker""
}","{
  ""success"": true,
  ""data"": {
    ""id"": ""rnw_1"",
    ""renewalNumber"": ""RN-2026-00001"",
    ""policyNumber"": ""POL-2025-00012"",
    ""insuredName"": ""Maria Santos"",
    ""product"": ""Motor Vehicle Insurance"",
    ""insurer"": ""MAPFRE Insurance Corporation"",
    ""expiryDate"": ""2026-10-30"",
    ""daysToExpiry"": 32,
    ""currentPremium"": 18500,
    ""renewalPremium"": 21450.5,
    ""premiumVariancePct"": 15.95,
    ""status"": ""Lapsed"",
    ""statusCode"": ""lapsed"",
    ""retentionRisk"": ""Medium"",
    ""riskScore"": 35,
    ""noticeStage"": 1,
    ""nextNotice"": {
      ""stage"": 2,
      ""code"": ""second"",
      ""label"": ""Second Notice""
    },
    ""assignedAgent"": ""Ana Reyes"",
    ""renewalAttempts"": 1
  }
}"
598,Renewals workspace,POST,/api/policy-renewals/renewals/:id/notices,"Send the next renewal notice (first, second, final in order); stage may be given explicitly",Operations > Renewals > Renewal Queue,Bearer JWT,write:renewals,"{
  ""stage"": 1,
  ""method"": ""Email""
}","{
  ""success"": true,
  ""data"": {
    ""id"": ""rnw_1"",
    ""renewalNumber"": ""RN-2026-00001"",
    ""policyNumber"": ""POL-2025-00012"",
    ""insuredName"": ""Maria Santos"",
    ""product"": ""Motor Vehicle Insurance"",
    ""insurer"": ""MAPFRE Insurance Corporation"",
    ""expiryDate"": ""2026-10-30"",
    ""daysToExpiry"": 32,
    ""currentPremium"": 18500,
    ""renewalPremium"": 21450.5,
    ""premiumVariancePct"": 15.95,
    ""status"": ""First Notice Sent"",
    ""statusCode"": ""quoted"",
    ""retentionRisk"": ""Medium"",
    ""riskScore"": 35,
    ""noticeStage"": 1,
    ""nextNotice"": {
      ""stage"": 2,
      ""code"": ""second"",
      ""label"": ""Second Notice""
    },
    ""assignedAgent"": ""Ana Reyes"",
    ""renewalAttempts"": 1
  }
}"
599,Renewals workspace,POST,/api/policy-renewals/renewals/:id/quote,"Generate a renewal quote re-rated at current rates (claims loading, loyalty discount, current taxes) with premium variance",Operations > Renewals > Quote Generation,Bearer JWT,write:renewals,,"{
  ""success"": true,
  ""data"": {
    ""quoteNumber"": ""RQ-2026-00001"",
    ""previousPremium"": 18500,
    ""quotedPremium"": 21450.5,
    ""premiumVariance"": 2950.5,
    ""premiumVariancePct"": 15.95,
    ""premiumCalculation"": {
      ""basePremium"": 23375,
      ""claimsLoading"": 0,
      ""loyaltyDiscount"": -467.5,
      ""subtotal"": 22907.5,
      ""taxes"": {
        ""vat"": 2748.9,
        ""dst"": 2863.44,
        ""lgt"": 171.81,
        ""fst"": 0
      },
      ""totalPremium"": 28691.65
    }
  }
}"
600,Renewals workspace,POST,/api/policy-renewals/renewals/:id/reinstate,Reinstate a lapsed renewal within the reinstatement window,Operations > Renewals > Lapse Management,Bearer JWT,write:renewals,"{
  ""note"": ""Client accepted win-back offer""
}","{
  ""success"": true,
  ""data"": {
    ""id"": ""rnw_1"",
    ""renewalNumber"": ""RN-2026-00001"",
    ""policyNumber"": ""POL-2025-00012"",
    ""insuredName"": ""Maria Santos"",
    ""product"": ""Motor Vehicle Insurance"",
    ""insurer"": ""MAPFRE Insurance Corporation"",
    ""expiryDate"": ""2026-10-30"",
    ""daysToExpiry"": 32,
    ""currentPremium"": 18500,
    ""renewalPremium"": 21450.5,
    ""premiumVariancePct"": 15.95,
    ""status"": ""Pending"",
    ""statusCode"": ""pipeline"",
    ""retentionRisk"": ""Medium"",
    ""riskScore"": 35,
    ""noticeStage"": 1,
    ""nextNotice"": {
      ""stage"": 2,
      ""code"": ""second"",
      ""label"": ""Second Notice""
    },
    ""assignedAgent"": ""Ana Reyes"",
    ""renewalAttempts"": 1
  }
}"
601,Renewals workspace,POST,/api/policy-renewals/renewals/:id/reminders,Send / log a renewal reminder (Email | SMS | Phone | Letter),Operations > Renewals > Renewal Queue > Send Reminder,Bearer JWT,write:renewals,"{
  ""method"": ""SMS"",
  ""note"": ""Reminded about expiry""
}","{
  ""success"": true,
  ""data"": {
    ""id"": ""rnw_1"",
    ""renewalNumber"": ""RN-2026-00001"",
    ""policyNumber"": ""POL-2025-00012"",
    ""insuredName"": ""Maria Santos"",
    ""product"": ""Motor Vehicle Insurance"",
    ""insurer"": ""MAPFRE Insurance Corporation"",
    ""expiryDate"": ""2026-10-30"",
    ""daysToExpiry"": 32,
    ""currentPremium"": 18500,
    ""renewalPremium"": 21450.5,
    ""premiumVariancePct"": 15.95,
    ""status"": ""Quote Sent"",
    ""statusCode"": ""quoted"",
    ""retentionRisk"": ""Medium"",
    ""riskScore"": 35,
    ""noticeStage"": 1,
    ""nextNotice"": {
      ""stage"": 2,
      ""code"": ""second"",
      ""label"": ""Second Notice""
    },
    ""assignedAgent"": ""Ana Reyes"",
    ""renewalAttempts"": 2
  }
}"
602,Renewals workspace,POST,/api/policy-renewals/renewals/:id/submit,Submit the quoted renewal terms for checker approval,Operations > Renewals > Quote Generation,Bearer JWT,write:renewals,"{
  ""note"": ""Loyal client, 5% below re-rated premium""
}","{
  ""success"": true,
  ""data"": {
    ""id"": ""rnw_1"",
    ""renewalNumber"": ""RN-2026-00001"",
    ""policyNumber"": ""POL-2025-00012"",
    ""insuredName"": ""Maria Santos"",
    ""product"": ""Motor Vehicle Insurance"",
    ""insurer"": ""MAPFRE Insurance Corporation"",
    ""expiryDate"": ""2026-10-30"",
    ""daysToExpiry"": 32,
    ""currentPremium"": 18500,
    ""renewalPremium"": 21450.5,
    ""premiumVariancePct"": 15.95,
    ""status"": ""Pending Approval"",
    ""statusCode"": ""pending-approval"",
    ""retentionRisk"": ""Medium"",
    ""riskScore"": 35,
    ""noticeStage"": 1,
    ""nextNotice"": {
      ""stage"": 2,
      ""code"": ""second"",
      ""label"": ""Second Notice""
    },
    ""assignedAgent"": ""Ana Reyes"",
    ""renewalAttempts"": 1
  }
}"
603,Renewals workspace,POST,/api/policy-renewals/renewals/:id/win-back,Record a win-back offer on a lapsed renewal (optionally linked to a campaign),Operations > Renewals > Lapse Management,Bearer JWT,write:renewals,"{
  ""offer"": ""10% discount + waived reinstatement fee"",
  ""method"": ""Phone"",
  ""campaignId"": ""wb_1""
}","{
  ""success"": true,
  ""data"": {
    ""id"": 3,
    ""type"": ""Win-back"",
    ""offer"": ""10% discount""
  }
}"
604,Renewals workspace,GET,/api/policy-renewals/renewals/approvals,Renewal terms awaiting checker approval,Operations > Renewals > Negotiations (approval queue),Bearer JWT,read:renewals,,"{
  ""success"": true,
  ""data"": [
    {
      ""approvalId"": ""rnw_1"",
      ""type"": ""Renewal Terms"",
      ""policyNumber"": ""POL-2025-00012"",
      ""clientName"": ""Maria Santos"",
      ""requestedBy"": ""Ana Reyes"",
      ""details"": {
        ""standardPremium"": 18500,
        ""requestedPremium"": 21450.5,
        ""variancePercent"": 15.95
      }
    }
  ]
}"
605,Renewals workspace,GET,/api/policy-renewals/renewals/at-risk,"At-risk renewals: risk score, factors, recommended actions",Operations > Renewals > At-Risk Policies,Bearer JWT,read:renewals,,"{
  ""success"": true,
  ""data"": [
    {
      ""policyNumber"": ""POL-2025-00012"",
      ""riskScore"": 65,
      ""riskCategory"": ""High"",
      ""riskFactors"": [
        {
          ""factor"": ""Claims History"",
          ""score"": 25,
          ""details"": ""1 claim(s) on the expiring term""
        }
      ],
      ""recommendedActions"": [
        ""Review claims experience with the insurer""
      ],
      ""actionPlan"": {
        ""priority"": ""Urgent"",
        ""assignedTo"": ""Ana Reyes"",
        ""deadline"": ""2026-10-30""
      }
    }
  ]
}"
606,Renewals workspace,GET,/api/policy-renewals/renewals/campaigns,Win-back campaigns with statistics,Operations > Renewals > Lapse Management,Bearer JWT,read:renewals,,"{
  ""success"": true,
  ""data"": [
    {
      ""campaignId"": ""WB-2026-00001"",
      ""campaignName"": ""Q4 Win-back"",
      ""offer"": {
        ""discount"": 10
      },
      ""statistics"": {
        ""targetedPolicies"": 4,
        ""contacted"": 2,
        ""converted"": 1
      }
    }
  ]
}"
607,Renewals workspace,POST,/api/policy-renewals/renewals/campaigns,Create a win-back campaign,Operations > Renewals > Lapse Management > Create Campaign,Bearer JWT,write:renewals,"{
  ""campaignName"": ""Q4 Win-back"",
  ""targetSegment"": ""Lapsed in Q3"",
  ""startDate"": ""2026-10-01"",
  ""endDate"": ""2026-12-31"",
  ""discount"": 10,
  ""budget"": 50000,
  ""offers"": [
    ""Waived reinstatement fee""
  ]
}","{
  ""success"": true,
  ""data"": {
    ""campaignId"": ""WB-2026-00001"",
    ""campaignName"": ""Q4 Win-back""
  }
}"
608,Renewals workspace,GET,/api/policy-renewals/renewals/campaigns/:id,One win-back campaign,Operations > Renewals > Lapse Management,Bearer JWT,read:renewals,,"{
  ""success"": true,
  ""data"": {
    ""campaignId"": ""WB-2026-00001""
  }
}"
609,Renewals workspace,GET,/api/policy-renewals/renewals/lapsed,Lapsed renewals with win-back attempts and reinstatement eligibility,Operations > Renewals > Lapse Management,Bearer JWT,read:renewals,,"{
  ""success"": true,
  ""data"": [
    {
      ""policyNumber"": ""POL-2025-00007"",
      ""insuredName"": ""Tech Solutions Ltd"",
      ""lapseDate"": ""2026-09-01"",
      ""daysLapsed"": 27,
      ""premiumLost"": 85000,
      ""lapseReason"": ""Premium too high"",
      ""reinstatementEligible"": true,
      ""winBackAttempts"": []
    }
  ]
}"
610,Renewals workspace,GET,/api/policy-renewals/renewals/negotiations,Renewals under negotiation with their contact timeline,Operations > Renewals > Negotiations,Bearer JWT,read:renewals,,"{
  ""success"": true,
  ""data"": [
    {
      ""negotiationId"": ""RN-2026-00001"",
      ""policyNumber"": ""POL-2025-00012"",
      ""clientName"": ""Maria Santos"",
      ""currentStage"": ""Pending Approval"",
      ""timeline"": [
        {
          ""date"": ""2026-09-20T02:00:00Z"",
          ""type"": ""Meeting"",
          ""method"": ""Face-to-face"",
          ""description"": ""Discussed terms"",
          ""outcome"": ""Client asked for 5% discount""
        }
      ]
    }
  ]
}"
611,Renewals workspace,GET,/api/policy-renewals/renewals/performance,"Retention KPIs: renewal rate, premium retention, cycle time, by product, by agent, monthly trend",Operations > Renewals > Performance; Retention Analytics,Bearer JWT,read:renewals,Query: ?from=2025-10-01&to=2026-09-30,"{
  ""success"": true,
  ""data"": {
    ""overall"": {
      ""renewalRate"": 82.5,
      ""premiumRetention"": 87.3,
      ""avgCycleTime"": 18
    },
    ""byProduct"": {
      ""motor"": {
        ""renewalRate"": 85,
        ""avgPremium"": 18000
      }
    },
    ""byAgent"": [
      {
        ""agentName"": ""Ana Reyes"",
        ""renewalRate"": 88.2,
        ""policiesRenewed"": 38,
        ""premiumRetained"": 4250000,
        ""ranking"": 1
      }
    ],
    ""trends"": {
      ""monthly"": [
        {
          ""month"": ""2026-09"",
          ""rate"": 82.5
        }
      ]
    }
  }
}"
612,Renewals workspace,POST,/api/policy-renewals/renewals/pipeline/refresh,Add policies expiring within renewals.pipeline_days to the pipeline; lapse renewals past the grace period,Operations > Renewals > Renewal Queue,Bearer JWT,write:renewals,,"{
  ""success"": true,
  ""data"": {
    ""created"": 3,
    ""lapsed"": 0
  }
}"
613,Renewals workspace,POST,/api/policy-renewals/renewals/policies/:policyId,Put one policy into the renewal pipeline (returns the open renewal),Operations > Renewals > Renewal Queue,Bearer JWT,write:renewals,,"{
  ""success"": true,
  ""data"": {
    ""id"": ""rnw_1"",
    ""renewalNumber"": ""RN-2026-00001"",
    ""policyNumber"": ""POL-2025-00012"",
    ""insuredName"": ""Maria Santos"",
    ""product"": ""Motor Vehicle Insurance"",
    ""insurer"": ""MAPFRE Insurance Corporation"",
    ""expiryDate"": ""2026-10-30"",
    ""daysToExpiry"": 32,
    ""currentPremium"": 18500,
    ""renewalPremium"": 21450.5,
    ""premiumVariancePct"": 15.95,
    ""status"": ""Quote Sent"",
    ""statusCode"": ""quoted"",
    ""retentionRisk"": ""Medium"",
    ""riskScore"": 35,
    ""noticeStage"": 1,
    ""nextNotice"": {
      ""stage"": 2,
      ""code"": ""second"",
      ""label"": ""Second Notice""
    },
    ""assignedAgent"": ""Ana Reyes"",
    ""renewalAttempts"": 1
  }
}"
614,Renewals workspace,GET,/api/policy-renewals/renewals/queue,"Renewal pipeline / queue with dashboard counters (search, status, risk, agent, from, to, page, pageSize)",Operations > Renewals > Renewal Queue,Bearer JWT,read:renewals,Query: ?search=Santos&status=Pending&risk=High&from=2026-10-01&to=2026-12-31&page=1&pageSize=20,"{
  ""success"": true,
  ""data"": [
    {
      ""id"": ""rnw_1"",
      ""renewalNumber"": ""RN-2026-00001"",
      ""policyNumber"": ""POL-2025-00012"",
      ""insuredName"": ""Maria Santos"",
      ""product"": ""Motor Vehicle Insurance"",
      ""insurer"": ""MAPFRE Insurance Corporation"",
      ""expiryDate"": ""2026-10-30"",
      ""daysToExpiry"": 32,
      ""currentPremium"": 18500,
      ""renewalPremium"": 21450.5,
      ""premiumVariancePct"": 15.95,
      ""status"": ""Quote Sent"",
      ""statusCode"": ""quoted"",
      ""retentionRisk"": ""Medium"",
      ""riskScore"": 35,
      ""noticeStage"": 1,
      ""nextNotice"": {
        ""stage"": 2,
        ""code"": ""second"",
        ""label"": ""Second Notice""
      },
      ""assignedAgent"": ""Ana Reyes"",
      ""renewalAttempts"": 1
    }
  ],
  ""dashboard"": {
    ""totalPolicies"": 14,
    ""dueSoon"": 5,
    ""atRisk"": 3,
    ""inGracePeriod"": 1
  },
  ""total"": 14,
  ""page"": 1,
  ""perPage"": 20,
  ""totalPages"": 1
}"
615,Reports,GET,/api/reports,Report catalogue visible to the caller (by role and permission),Reports (menu) > Operational Reports / Financial Reports,Bearer JWT,read:reports,Query: ?category=operational,"{
  ""success"": true,
  ""data"": [
    {
      ""code"": ""production-register"",
      ""name"": ""Production Register"",
      ""category"": ""operational"",
      ""screen"": ""Reports > Operational Reports > Production"",
      ""criteria"": [
        ""Overall"",
        ""Agent"",
        ""Principal Insurer"",
        ""Branch""
      ],
      ""formats"": [
        ""csv"",
        ""xlsx"",
        ""pdf""
      ]
    }
  ]
}"
616,Reports,GET,/api/reports/:code,"Report definition: parameters (JSON schema of the filter form), columns, criteria, formats",Reports > * (filter form),Bearer JWT,read:reports,,"{
  ""success"": true,
  ""data"": {
    ""code"": ""production-register"",
    ""name"": ""Production Register"",
    ""parameters"": {
      ""type"": ""object"",
      ""required"": [
        ""ReportCriteria""
      ]
    },
    ""columns"": [
      {
        ""key"": ""policyNumber"",
        ""label"": ""Policy No."",
        ""type"": ""text""
      }
    ]
  }
}"
617,Reports,POST,/api/reports/:code/generate,"Generate a report file (csv, xlsx or pdf) into storage and return its download link",Reports > * > Generate,Bearer JWT,read:reports,"{
  ""ReportCriteria"": ""Overall"",
  ""FromDate"": ""2026-01-01"",
  ""ToDate"": ""2026-09-30"",
  ""Agent"": """",
  ""Company"": """",
  ""Branch"": """",
  ""Client"": """",
  ""format"": ""xlsx""
}","{
  ""success"": true,
  ""message"": ""Report generated"",
  ""data"": {
    ""id"": ""rpt_1a2b3c4d5e6f7a8b"",
    ""code"": ""production-register"",
    ""name"": ""Production Register"",
    ""format"": ""xlsx"",
    ""fileName"": ""production-register_2026-01-01_2026-09-30_20260928-101500.xlsx"",
    ""rowCount"": 42,
    ""status"": ""done"",
    ""downloadUrl"": ""http://localhost:8000/api/reports/generated/rpt_1a2b3c4d5e6f7a8b/download?token=eyJ...""
  }
}"
618,Reports,POST,/api/reports/:code/run,"Run a report for on-screen display: paged rows, totals, summary and criteria groups",Reports > * > Generate (preview),Bearer JWT,read:reports,"{
  ""ReportCriteria"": ""Overall"",
  ""FromDate"": ""2026-01-01"",
  ""ToDate"": ""2026-09-30"",
  ""Agent"": """",
  ""Company"": """",
  ""Branch"": """",
  ""Client"": """",
  ""page"": 1,
  ""perPage"": 50
}","{
  ""success"": true,
  ""data"": {
    ""report"": {
      ""code"": ""production-register"",
      ""name"": ""Production Register""
    },
    ""columns"": [
      {
        ""key"": ""policyNumber"",
        ""label"": ""Policy No.""
      }
    ],
    ""rows"": [
      {
        ""policyNumber"": ""POL-2026-00001"",
        ""premium"": 12500
      }
    ],
    ""totals"": {
      ""premium"": 12500
    },
    ""summary"": {
      ""newBusiness"": 1
    },
    ""groups"": null,
    ""params"": {
      ""from"": ""2026-01-01"",
      ""to"": ""2026-09-30"",
      ""criteria"": ""Overall"",
      ""filters"": {}
    }
  },
  ""total"": 1,
  ""page"": 1,
  ""perPage"": 50,
  ""totalPages"": 1
}"
619,Reports,GET,/api/reports/filters/agents,"Agents a report can be filtered by (active users with the agent role), as { label, value }",Reports > * (Agent filter),Bearer JWT,read:reports,,"{
  ""success"": true,
  ""data"": [
    {
      ""label"": ""Ramon Agent"",
      ""value"": ""usr_1"",
      ""code"": ""AG001""
    }
  ]
}"
620,Reports,GET,/api/reports/generated,History of generated report files (newest first),Reports > Generated reports,Bearer JWT,read:reports,Query: ?code=production-register&page=1&perPage=20,"{
  ""success"": true,
  ""data"": [
    {
      ""id"": ""rpt_1a2b3c4d5e6f7a8b"",
      ""code"": ""production-register"",
      ""name"": ""Production Register"",
      ""format"": ""xlsx"",
      ""fileName"": ""production-register_2026-01-01_2026-09-30_20260928-101500.xlsx"",
      ""rowCount"": 42,
      ""status"": ""done"",
      ""downloadUrl"": ""http://localhost:8000/api/reports/generated/rpt_1a2b3c4d5e6f7a8b/download?token=eyJ...""
    }
  ],
  ""total"": 1,
  ""page"": 1,
  ""perPage"": 20,
  ""totalPages"": 1
}"
621,Reports,GET,/api/reports/generated/:id/download,Download a generated report file (bearer token or signed ?token= link),Reports > * > Generate (download),Public,Public,Query: ?token=%3Csigned%20link%20token%20from%20downloadUrl%3E,"(file: text/csv, application/vnd.openxmlformats-officedocument.spreadsheetml.sheet or application/pdf)"
622,Reports,GET,/api/reports/schedules,Report schedules (e-mailed reports),Reports > Schedules,Bearer JWT,read:reports,Query: ?reportCode=production-register,"{
  ""success"": true,
  ""data"": [
    {
      ""id"": ""rsch_0f1e2d3c4b5a6978"",
      ""name"": ""Daily production"",
      ""reportCode"": ""production-register"",
      ""cron"": ""0 6 * * 1-5"",
      ""params"": {
        ""period"": ""yesterday"",
        ""ReportCriteria"": ""Overall""
      },
      ""format"": ""xlsx"",
      ""recipients"": [
        ""ops@broker.example""
      ],
      ""enabled"": true,
      ""jobCode"": ""report-rsch_0f1e2d3c4b5a6978""
    }
  ]
}"
623,Reports,POST,/api/reports/schedules,Create a report schedule (adds a scheduledReport job to scheduled_jobs),Reports > Schedules > Add,Bearer JWT,write:reports,"{
  ""name"": ""Daily production"",
  ""reportCode"": ""production-register"",
  ""cron"": ""0 6 * * 1-5"",
  ""params"": {
    ""period"": ""yesterday"",
    ""ReportCriteria"": ""Overall""
  },
  ""format"": ""xlsx"",
  ""recipients"": [
    ""ops@broker.example""
  ],
  ""enabled"": true
}","{
  ""success"": true,
  ""message"": ""Created"",
  ""data"": {
    ""id"": ""rsch_0f1e2d3c4b5a6978"",
    ""name"": ""Daily production"",
    ""reportCode"": ""production-register"",
    ""cron"": ""0 6 * * 1-5"",
    ""params"": {
      ""period"": ""yesterday"",
      ""ReportCriteria"": ""Overall""
    },
    ""format"": ""xlsx"",
    ""recipients"": [
      ""ops@broker.example""
    ],
    ""enabled"": true,
    ""jobCode"": ""report-rsch_0f1e2d3c4b5a6978""
  }
}"
624,Reports,GET,/api/reports/schedules/:id,One report schedule,Reports > Schedules > View,Bearer JWT,read:reports,,"{
  ""success"": true,
  ""data"": {
    ""id"": ""rsch_0f1e2d3c4b5a6978"",
    ""name"": ""Daily production"",
    ""reportCode"": ""production-register"",
    ""cron"": ""0 6 * * 1-5"",
    ""params"": {
      ""period"": ""yesterday"",
      ""ReportCriteria"": ""Overall""
    },
    ""format"": ""xlsx"",
    ""recipients"": [
      ""ops@broker.example""
    ],
    ""enabled"": true,
    ""jobCode"": ""report-rsch_0f1e2d3c4b5a6978""
  }
}"
625,Reports,PUT,/api/reports/schedules/:id,"Update a report schedule (cron, parameters, format, recipients, enabled)",Reports > Schedules > Edit,Bearer JWT,write:reports,"{
  ""cron"": ""0 7 * * *"",
  ""recipients"": [
    ""finance@broker.example""
  ],
  ""enabled"": false
}","{
  ""success"": true,
  ""message"": ""Report schedule updated"",
  ""data"": {
    ""id"": ""rsch_0f1e2d3c4b5a6978"",
    ""name"": ""Daily production"",
    ""reportCode"": ""production-register"",
    ""cron"": ""0 7 * * *"",
    ""params"": {
      ""period"": ""yesterday"",
      ""ReportCriteria"": ""Overall""
    },
    ""format"": ""xlsx"",
    ""recipients"": [
      ""ops@broker.example""
    ],
    ""enabled"": false,
    ""jobCode"": ""report-rsch_0f1e2d3c4b5a6978""
  }
}"
626,Reports,DELETE,/api/reports/schedules/:id,Delete a report schedule (and its scheduled job),Reports > Schedules > Delete,Bearer JWT,write:reports,,"{
  ""success"": true,
  ""message"": ""Report schedule deleted"",
  ""data"": {
    ""id"": ""rsch_0f1e2d3c4b5a6978""
  }
}"
627,Reports,POST,/api/reports/schedules/:id/run,Run a report schedule now (generate + e-mail recipients),Reports > Schedules > Run now,Bearer JWT,write:reports,,"{
  ""success"": true,
  ""data"": {
    ""reportId"": ""rpt_1a2b3c4d5e6f7a8b"",
    ""code"": ""production-register"",
    ""format"": ""xlsx"",
    ""rows"": 42,
    ""emailed"": 1
  }
}"
628,Schedules,GET,/api/schedules,"Scheduled jobs (renewal notices, expiries, ageing, daily reports, e-mail outbox)",Master > Schedules,Bearer JWT,Any authenticated user,,"{
  ""success"": true,
  ""data"": [
    {
      ""code"": ""renewal-notices"",
      ""cron"": ""0 6 * * *"",
      ""enabled"": true,
      ""lastStatus"": ""success""
    }
  ]
}"
629,Schedules,PUT,/api/schedules/:code,"Change a job schedule, parameters or enabled flag",Master > Schedules > Edit,Bearer JWT,"role:it-admin, role:ba, role:finance","{
  ""cron"": ""0 7 * * *"",
  ""enabled"": true
}","{
  ""success"": true
}"
630,Schedules,POST,/api/schedules/:code/run,Run a job now,Master > Schedules > Run now,Bearer JWT,"role:it-admin, role:ba, role:finance",,"{
  ""success"": true,
  ""data"": {
    ""runId"": 1,
    ""status"": ""success"",
    ""output"": {
      ""notifications"": 3
    }
  }
}"
631,Schedules,GET,/api/schedules/:code/runs,Run history of a job,Master > Schedules > History,Bearer JWT,Any authenticated user,,"{
  ""success"": true,
  ""data"": [
    {
      ""id"": 1,
      ""status"": ""success"",
      ""startedAt"": ""2026-01-01T06:00:00Z"",
      ""output"": {
        ""notifications"": 3
      }
    }
  ]
}"
632,Search,GET,/api/search,"Global search across leads, clients, quotations, policies, claims and endorsements (number, name, e-mail, phone, plate / chassis); scoped users only find their own book",Header > Global search,Bearer JWT,Any authenticated user,Query: ?q=NQQ%202025&limit=20&types=policy%2Cclaim,"{
  ""success"": true,
  ""data"": [
    {
      ""type"": ""policy"",
      ""id"": ""pol_1"",
      ""title"": ""POL-2026-00001"",
      ""subtitle"": ""Juan Dela Cruz · Motor · NQQ 2025"",
      ""status"": ""Active"",
      ""link"": ""/agent/policydetail/pol_1""
    }
  ],
  ""total"": 1,
  ""query"": ""NQQ 2025""
}"
633,System,GET,/api/version,"Build and runtime information: name, version, git commit (GIT_COMMIT), start time, Node version, database reachability, pending migrations",Operations / monitoring,Public,Public,,"{
  ""name"": ""brokerverse-backend"",
  ""version"": ""1.0.0"",
  ""commit"": ""a1b2c3d"",
  ""startedAt"": ""2026-09-28T00:00:00.000Z"",
  ""uptimeSeconds"": 3600,
  ""node"": ""v20.18.0"",
  ""database"": {
    ""reachable"": true,
    ""latencyMs"": 2
  },
  ""pendingMigrations"": 0
}"
634,System Settings,GET,/api/settings,All configuration values (grouped),Master > System Settings,Bearer JWT,Any authenticated user,Query: ?group=tax,"{
  ""success"": true,
  ""data"": [
    {
      ""key"": ""tax.vat_rate"",
      ""value"": 0.12,
      ""group"": ""tax"",
      ""label"": ""VAT rate"",
      ""type"": ""number""
    }
  ]
}"
635,System Settings,PUT,/api/settings,Update one or more configuration values,Master > System Settings,Bearer JWT,"role:it-admin, role:ba","{
  ""settings"": {
    ""tax.vat_rate"": 0.12,
    ""branding.primary_color"": ""#0072d8""
  }
}","{
  ""success"": true
}"
636,System Settings,GET,/api/settings/audit,Audit trail (filter by entity / entityId / user),Master > Audit trail,Bearer JWT,"role:it-admin, role:ba, read:audit",Query: ?entity=policy&entityId=pol_1&limit=100,"{
  ""success"": true,
  ""data"": [
    {
      ""at"": ""2026-01-01T00:00:00Z"",
      ""username"": ""BrokerVerse"",
      ""entity"": ""policy"",
      ""action"": ""create""
    }
  ]
}"
637,System Settings,GET,/api/settings/public,"Branding settings needed before sign-in (logo, colours, names)",Sign-in,Public,Public,,"{
  ""success"": true,
  ""data"": {
    ""branding.logo_url"": """",
    ""branding.primary_color"": ""#0072d8""
  }
}"
638,System Settings,GET,/api/system-settings,"System settings (branding, display currency, language, title); public because the sign-in page needs them",Master > System Settings; Sign-in; App shell,Public,Public,,"{
  ""success"": true,
  ""data"": {
    ""logoUrl"": ""/BDO_insure_logo.png.png"",
    ""logoPresets"": [
      {
        ""id"": ""bdo"",
        ""label"": ""BDO"",
        ""url"": ""/BDO_insure_logo.png.png"",
        ""builtIn"": true
      }
    ],
    ""displayCurrency"": ""PHP"",
    ""primaryColor"": ""#0072d8"",
    ""secondaryColor"": ""#004ea8"",
    ""defaultLanguage"": ""en"",
    ""faviconUrl"": ""/favicon.ico"",
    ""appTitle"": ""Brokerverse"",
    ""currencies"": [
      {
        ""code"": ""PHP"",
        ""name"": ""Philippine Peso"",
        ""locale"": ""en-PH"",
        ""region"": ""Asia""
      }
    ],
    ""updatedAt"": ""2026-09-28T00:00:00.000Z""
  }
}"
639,System Settings,PUT,/api/system-settings,"Save system settings (logoUrl, displayCurrency, primaryColor, secondaryColor, defaultLanguage, faviconUrl, appTitle)",Master > System Settings,Bearer JWT,write:settings,"{
  ""appTitle"": ""Brokerverse"",
  ""displayCurrency"": ""PHP"",
  ""primaryColor"": ""#0072d8"",
  ""secondaryColor"": ""#004ea8"",
  ""defaultLanguage"": ""en"",
  ""logoUrl"": ""/iorta.png""
}","{
  ""success"": true,
  ""data"": {
    ""logoUrl"": ""/BDO_insure_logo.png.png"",
    ""logoPresets"": [
      {
        ""id"": ""bdo"",
        ""label"": ""BDO"",
        ""url"": ""/BDO_insure_logo.png.png"",
        ""builtIn"": true
      }
    ],
    ""displayCurrency"": ""PHP"",
    ""primaryColor"": ""#0072d8"",
    ""secondaryColor"": ""#004ea8"",
    ""defaultLanguage"": ""en"",
    ""faviconUrl"": ""/favicon.ico"",
    ""appTitle"": ""Brokerverse"",
    ""currencies"": [
      {
        ""code"": ""PHP"",
        ""name"": ""Philippine Peso"",
        ""locale"": ""en-PH"",
        ""region"": ""Asia""
      }
    ],
    ""updatedAt"": ""2026-09-28T00:00:00.000Z""
  }
}"
640,System Settings,GET,/api/system-settings/configuration,"Configuration catalogue: every app_settings key with group, label, type and value (drives a Configuration screen)",Master > Configuration,Bearer JWT,"read:settings, write:settings",Query: ?group=tax,"{
  ""success"": true,
  ""data"": {
    ""groups"": [
      {
        ""group"": ""tax"",
        ""label"": ""Taxes"",
        ""items"": [
          {
            ""key"": ""tax.vat_rate"",
            ""value"": 0.12,
            ""label"": ""VAT rate"",
            ""type"": ""number"",
            ""editable"": true
          }
        ]
      }
    ],
    ""items"": [],
    ""total"": 1
  }
}"
641,System Settings,PUT,/api/system-settings/configuration,"Update configuration values ({ settings: { key: value } } or { items: [{ key, value }] }); values are type-checked",Master > Configuration,Bearer JWT,write:settings,"{
  ""settings"": {
    ""tax.vat_rate"": 0.12,
    ""general.app_title"": ""BrokerVerse"",
    ""notification.email_enabled"": true
  }
}","{
  ""success"": true,
  ""data"": {
    ""groups"": [],
    ""items"": [],
    ""total"": 0
  }
}"
642,System Settings,POST,/api/system-settings/logo-presets,"Add a company logo preset (JSON { label, url, setActive } or multipart label + file + setActive)",Master > System Settings > Add Company Logo,Bearer JWT,write:settings,"{
  ""label"": ""Sample Bank"",
  ""url"": ""https://example.com/logo.png"",
  ""setActive"": true
}","{
  ""success"": true,
  ""data"": {
    ""logoUrl"": ""/BDO_insure_logo.png.png"",
    ""logoPresets"": [
      {
        ""id"": ""bdo"",
        ""label"": ""BDO"",
        ""url"": ""/BDO_insure_logo.png.png"",
        ""builtIn"": true
      }
    ],
    ""displayCurrency"": ""PHP"",
    ""primaryColor"": ""#0072d8"",
    ""secondaryColor"": ""#004ea8"",
    ""defaultLanguage"": ""en"",
    ""faviconUrl"": ""/favicon.ico"",
    ""appTitle"": ""Brokerverse"",
    ""currencies"": [
      {
        ""code"": ""PHP"",
        ""name"": ""Philippine Peso"",
        ""locale"": ""en-PH"",
        ""region"": ""Asia""
      }
    ],
    ""updatedAt"": ""2026-09-28T00:00:00.000Z""
  }
}"
643,System Settings,DELETE,/api/system-settings/logo-presets/:id,Remove a custom logo preset (built-in presets cannot be removed),Master > System Settings > Remove Logo,Bearer JWT,write:settings,,"{
  ""success"": true,
  ""data"": {
    ""logoUrl"": ""/BDO_insure_logo.png.png"",
    ""logoPresets"": [
      {
        ""id"": ""bdo"",
        ""label"": ""BDO"",
        ""url"": ""/BDO_insure_logo.png.png"",
        ""builtIn"": true
      }
    ],
    ""displayCurrency"": ""PHP"",
    ""primaryColor"": ""#0072d8"",
    ""secondaryColor"": ""#004ea8"",
    ""defaultLanguage"": ""en"",
    ""faviconUrl"": ""/favicon.ico"",
    ""appTitle"": ""Brokerverse"",
    ""currencies"": [
      {
        ""code"": ""PHP"",
        ""name"": ""Philippine Peso"",
        ""locale"": ""en-PH"",
        ""region"": ""Asia""
      }
    ],
    ""updatedAt"": ""2026-09-28T00:00:00.000Z""
  }
}"
644,System Settings,POST,/api/system-settings/upload/:field,"Upload the logo or favicon (multipart ""file""); stored under UPLOAD_DIR and recorded in documents",Master > System Settings > Upload,Bearer JWT,write:settings,"{
  ""file"": ""(binary)""
}","{
  ""success"": true,
  ""data"": {
    ""logoUrl"": ""/BDO_insure_logo.png.png"",
    ""logoPresets"": [
      {
        ""id"": ""bdo"",
        ""label"": ""BDO"",
        ""url"": ""/BDO_insure_logo.png.png"",
        ""builtIn"": true
      }
    ],
    ""displayCurrency"": ""PHP"",
    ""primaryColor"": ""#0072d8"",
    ""secondaryColor"": ""#004ea8"",
    ""defaultLanguage"": ""en"",
    ""faviconUrl"": ""/favicon.ico"",
    ""appTitle"": ""Brokerverse"",
    ""currencies"": [
      {
        ""code"": ""PHP"",
        ""name"": ""Philippine Peso"",
        ""locale"": ""en-PH"",
        ""region"": ""Asia""
      }
    ],
    ""updatedAt"": ""2026-09-28T00:00:00.000Z""
  }
}"
645,User Management,GET,/api/users,"List users (search, role, status, paging)",Master > User Management > User,Bearer JWT,read:users,Query: ?search=juan&role=sales&status=active&page=1&perPage=10,"{
  ""success"": true,
  ""data"": [
    {
      ""userId"": ""usr_1"",
      ""username"": ""juan.santos"",
      ""displayName"": ""Juan Santos"",
      ""roles"": [
        ""agent""
      ],
      ""roleNames"": [
        ""Agent / Referrer""
      ],
      ""status"": ""active""
    }
  ],
  ""total"": 1,
  ""page"": 1,
  ""perPage"": 10
}"
646,User Management,POST,/api/users,"Create a user with roles (persona). Without a password a random temporary password is generated, returned once as temporaryPassword, and must be changed at the first sign-in",Master > User Management > User > Add,Bearer JWT,write:users,"{
  ""username"": ""maria.cruz"",
  ""displayName"": ""Maria Cruz"",
  ""email"": ""maria@example.com"",
  ""roles"": [
    ""sales""
  ]
}","{
  ""success"": true,
  ""data"": {
    ""userId"": ""usr_2"",
    ""username"": ""maria.cruz"",
    ""roles"": [
      ""sales""
    ],
    ""mustChangePassword"": true,
    ""temporaryPassword"": ""<shown once>""
  }
}"
647,User Management,GET,/api/users/:id,Get one user,Master > User Management > User > View,Bearer JWT,read:users,,"{
  ""success"": true,
  ""data"": {
    ""userId"": ""usr_1"",
    ""username"": ""juan.santos"",
    ""roles"": [
      ""agent""
    ]
  }
}"
648,User Management,PUT,/api/users/:id,Update a user and its roles,Master > User Management > User > Edit,Bearer JWT,write:users,"{
  ""displayName"": ""Maria Cruz"",
  ""roles"": [
    ""sales"",
    ""customer-services""
  ],
  ""status"": ""active""
}","{
  ""success"": true
}"
649,User Management,DELETE,/api/users/:id,Deactivate (soft delete) a user; ends every session,Master > User Management > User,Bearer JWT,write:users,,"{
  ""success"": true
}"
650,User Management,POST,/api/users/:id/2fa/reset,Administrator turns off a user's two-factor authentication (lost device); the user enrols again,Master > User Management > User > Edit,Bearer JWT,write:users,,"{
  ""success"": true,
  ""data"": {
    ""userId"": ""usr_1"",
    ""twoFactorEnabled"": false
  }
}"
651,User Management,GET,/api/users/:id/login-history,"Sign-in history of a user (success, from, to; paging)",Master > User Management > User > View > Sign-in history,Bearer JWT,read:users,Query: ?page=1&perPage=20&success=false&from=2026-09-01&to=2026-09-30,"{
  ""success"": true,
  ""data"": [
    {
      ""id"": 1,
      ""at"": ""2026-09-28T01:00:00Z"",
      ""userId"": ""usr_1"",
      ""username"": ""juan.santos"",
      ""ip"": ""10.0.0.5"",
      ""userAgent"": ""Mozilla/5.0"",
      ""success"": false,
      ""reason"": ""bad-password"",
      ""method"": ""password""
    }
  ],
  ""total"": 1,
  ""page"": 1,
  ""perPage"": 20,
  ""totalPages"": 1
}"
652,User Management,POST,/api/users/:id/password,Set a user password (administrator; password policy and history apply),Master > User Management > User > Edit,Bearer JWT,write:users,"{
  ""password"": ""Welcome@123""
}","{
  ""success"": true,
  ""data"": {
    ""userId"": ""usr_1""
  }
}"
653,User Management,POST,/api/users/:id/reset-password,"Administrator resets a user password. Without newPassword a random temporary password is generated and returned once as temporaryPassword; the user must change it at the next sign-in (mustChangePassword, default true). Ends every session of the user",Master > User Management > User > Reset password,Bearer JWT,write:users,"{
  ""mustChangePassword"": true
}","{
  ""success"": true,
  ""data"": {
    ""userId"": ""usr_1"",
    ""mustChangePassword"": true,
    ""temporaryPassword"": ""<shown once>""
  }
}"
654,User Management,PATCH,/api/users/:id/status,Activate / deactivate / lock / unlock a user (unlock = status active; clears failed sign-ins). Deactivating or locking ends every session,Master > User Management > User,Bearer JWT,write:users,"{
  ""status"": ""active""
}","{
  ""success"": true,
  ""data"": {
    ""userId"": ""usr_1"",
    ""status"": ""active""
  }
}"
655,User Management,GET,/api/users/roles,List roles with their permissions and user counts,Master > User Management > Role,Bearer JWT,Any authenticated user,,"{
  ""success"": true,
  ""data"": [
    {
      ""id"": 1,
      ""code"": ""sales"",
      ""name"": ""Sales / Relationship Manager"",
      ""permissions"": [
        ""read:leads""
      ],
      ""users"": 3
    }
  ]
}"
656,User Management,POST,/api/users/roles,Create a role,Master > User Management > Role > Add,Bearer JWT,write:roles,"{
  ""code"": ""branch-manager"",
  ""name"": ""Branch Manager"",
  ""permissions"": [
    ""read:leads"",
    ""read:policies"",
    ""read:reports""
  ]
}","{
  ""success"": true,
  ""data"": {
    ""id"": 9,
    ""code"": ""branch-manager""
  }
}"
657,User Management,PUT,/api/users/roles/:id,Update a role and its permissions,Master > User Management > Role > Edit,Bearer JWT,write:roles,"{
  ""name"": ""Branch Manager"",
  ""permissions"": [
    ""read:leads""
  ]
}","{
  ""success"": true
}"
658,User Management,DELETE,/api/users/roles/:id,Delete a non-system role with no users,Master > User Management > Role,Bearer JWT,write:roles,,"{
  ""success"": true
}"
659,User Management,GET,/api/users/roles/permissions,All permission codes grouped by module,Master > User Management > Role > Add,Bearer JWT,Any authenticated user,,"{
  ""success"": true,
  ""data"": [
    {
      ""code"": ""read:leads"",
      ""module"": ""leads"",
      ""description"": ""View leads""
    }
  ]
}"
660,User Management,GET,/api/users/stats,"User counts (total, active, by role)",Master > User Management > User,Bearer JWT,read:users,,"{
  ""success"": true,
  ""data"": {
    ""totalUsers"": 12,
    ""activeUsers"": 11,
    ""byRole"": {
      ""sales"": 3
    }
  }
}"
