psgc_code,name,official_name,city_class,province_psgc,region_psgc,ncr_district,zip_code
0102801000,Adams,Adams,Municipality,0102800000,0100000000,,2922
0102802000,Bacarra,Bacarra,Municipality,0102800000,0100000000,,2916
0102803000,Badoc,Badoc,Municipality,0102800000,0100000000,,2904
0102804000,Bangui,Bangui,Municipality,0102800000,0100000000,,2920
0102805000,Batac City,City of Batac,Component City,0102800000,0100000000,,2906
0102806000,Burgos,Burgos,Municipality,0102800000,0100000000,,2918
0102807000,Carasi,Carasi,Municipality,0102800000,0100000000,,2911
0102808000,Currimao,Currimao,Municipality,0102800000,0100000000,,2903
0102809000,Dingras,Dingras,Municipality,0102800000,0100000000,,2913
0102810000,Dumalneg,Dumalneg,Municipality,0102800000,0100000000,,2921
0102811000,Banna,Banna,Municipality,0102800000,0100000000,,2908
0102812000,Laoag City,City of Laoag,Component City,0102800000,0100000000,,2900
0102813000,Marcos,Marcos,Municipality,0102800000,0100000000,,2907
0102814000,Nueva Era,Nueva Era,Municipality,0102800000,0100000000,,2909
0102815000,Pagudpud,Pagudpud,Municipality,0102800000,0100000000,,2919
0102816000,Paoay,Paoay,Municipality,0102800000,0100000000,,2902
0102817000,Pasuquin,Pasuquin,Municipality,0102800000,0100000000,,2917
0102818000,Piddig,Piddig,Municipality,0102800000,0100000000,,2912
0102819000,Pinili,Pinili,Municipality,0102800000,0100000000,,2905
0102820000,San Nicolas,San Nicolas,Municipality,0102800000,0100000000,,2901
0102821000,Sarrat,Sarrat,Municipality,0102800000,0100000000,,2914
0102822000,Solsona,Solsona,Municipality,0102800000,0100000000,,2910
0102823000,Vintar,Vintar,Municipality,0102800000,0100000000,,2915
0102901000,Alilem,Alilem,Municipality,0102900000,0100000000,,2716
0102902000,Banayoyo,Banayoyo,Municipality,0102900000,0100000000,,2708
0102903000,Bantay,Bantay,Municipality,0102900000,0100000000,,2727
0102904000,Burgos,Burgos,Municipality,0102900000,0100000000,,2724
0102905000,Cabugao,Cabugao,Municipality,0102900000,0100000000,,2732
0102906000,Candon City,City of Candon,Component City,0102900000,0100000000,,2710
0102907000,Caoayan,Caoayan,Municipality,0102900000,0100000000,,2702
0102908000,Cervantes,Cervantes,Municipality,0102900000,0100000000,,2718
0102909000,Galimuyod,Galimuyod,Municipality,0102900000,0100000000,,2709
0102910000,Gregorio del Pilar,Gregorio del Pilar,Municipality,0102900000,0100000000,,2720
0102911000,Lidlidda,Lidlidda,Municipality,0102900000,0100000000,,2723
0102912000,Magsingal,Magsingal,Municipality,0102900000,0100000000,,2730
0102913000,Nagbukel,Nagbukel,Municipality,0102900000,0100000000,,2725
0102914000,Narvacan,Narvacan,Municipality,0102900000,0100000000,,2704
0102915000,Quirino,Quirino,Municipality,0102900000,0100000000,,2721
0102916000,Salcedo,Salcedo,Municipality,0102900000,0100000000,,2711
0102917000,San Emilio,San Emilio,Municipality,0102900000,0100000000,,2722
0102918000,San Esteban,San Esteban,Municipality,0102900000,0100000000,,2706
0102919000,San Ildefonso,San Ildefonso,Municipality,0102900000,0100000000,,2728
0102920000,San Juan,San Juan,Municipality,0102900000,0100000000,,2731
0102921000,San Vicente,San Vicente,Municipality,0102900000,0100000000,,2726
0102922000,Santa,Santa,Municipality,0102900000,0100000000,,2703
0102923000,Santa Catalina,Santa Catalina,Municipality,0102900000,0100000000,,2701
0102924000,Santa Cruz,Santa Cruz,Municipality,0102900000,0100000000,,2713
0102925000,Santa Lucia,Santa Lucia,Municipality,0102900000,0100000000,,2712
0102926000,Santa Maria,Santa Maria,Municipality,0102900000,0100000000,,2705
0102927000,Santiago,Santiago,Municipality,0102900000,0100000000,,2707
0102928000,Santo Domingo,Santo Domingo,Municipality,0102900000,0100000000,,2729
0102929000,Sigay,Sigay,Municipality,0102900000,0100000000,,2719
0102930000,Sinait,Sinait,Municipality,0102900000,0100000000,,2733
0102931000,Sugpon,Sugpon,Municipality,0102900000,0100000000,,2717
0102932000,Suyo,Suyo,Municipality,0102900000,0100000000,,2715
0102933000,Tagudin,Tagudin,Municipality,0102900000,0100000000,,2714
0102934000,Vigan City,City of Vigan,Component City,0102900000,0100000000,,2700
0103301000,Agoo,Agoo,Municipality,0103300000,0100000000,,2504
0103302000,Aringay,Aringay,Municipality,0103300000,0100000000,,2503
0103303000,Bacnotan,Bacnotan,Municipality,0103300000,0100000000,,2515
0103304000,Bagulin,Bagulin,Municipality,0103300000,0100000000,,2512
0103305000,Balaoan,Balaoan,Municipality,0103300000,0100000000,,2517
0103306000,Bangar,Bangar,Municipality,0103300000,0100000000,,2519
0103307000,Bauang,Bauang,Municipality,0103300000,0100000000,,2501
0103308000,Burgos,Burgos,Municipality,0103300000,0100000000,,2510
0103309000,Caba,Caba,Municipality,0103300000,0100000000,,2502
0103310000,Luna,Luna,Municipality,0103300000,0100000000,,2518
0103311000,Naguilian,Naguilian,Municipality,0103300000,0100000000,,2511
0103312000,Pugo,Pugo,Municipality,0103300000,0100000000,,2508
0103313000,Rosario,Rosario,Municipality,0103300000,0100000000,,2506
0103314000,San Fernando City,City of San Fernando,Component City,0103300000,0100000000,,2500
0103315000,San Gabriel,San Gabriel,Municipality,0103300000,0100000000,,2513
0103316000,San Juan,San Juan,Municipality,0103300000,0100000000,,2514
0103317000,Santo Tomas,Santo Tomas,Municipality,0103300000,0100000000,,2505
0103318000,Santol,Santol,Municipality,0103300000,0100000000,,2516
0103319000,Sudipen,Sudipen,Municipality,0103300000,0100000000,,2520
0103320000,Tubao,Tubao,Municipality,0103300000,0100000000,,2509
0105501000,Agno,Agno,Municipality,0105500000,0100000000,,2408
0105502000,Aguilar,Aguilar,Municipality,0105500000,0100000000,,2415
0105503000,Alaminos City,City of Alaminos,Component City,0105500000,0100000000,,2404
0105504000,Alcala,Alcala,Municipality,0105500000,0100000000,,2425
0105505000,Anda,Anda,Municipality,0105500000,0100000000,,2405
0105506000,Asingan,Asingan,Municipality,0105500000,0100000000,,2439
0105507000,Balungao,Balungao,Municipality,0105500000,0100000000,,2442
0105508000,Bani,Bani,Municipality,0105500000,0100000000,,2407
0105509000,Basista,Basista,Municipality,0105500000,0100000000,,2422
0105510000,Bautista,Bautista,Municipality,0105500000,0100000000,,2424
0105511000,Bayambang,Bayambang,Municipality,0105500000,0100000000,,2423
0105512000,Binalonan,Binalonan,Municipality,0105500000,0100000000,,2436
0105513000,Binmaley,Binmaley,Municipality,0105500000,0100000000,,2417
0105514000,Bolinao,Bolinao,Municipality,0105500000,0100000000,,2406
0105515000,Bugallon,Bugallon,Municipality,0105500000,0100000000,,2416
0105516000,Burgos,Burgos,Municipality,0105500000,0100000000,,2410
0105517000,Calasiao,Calasiao,Municipality,0105500000,0100000000,,2418
0105518000,Dagupan City,City of Dagupan,Independent Component City,0105500000,0100000000,,2400
0105519000,Dasol,Dasol,Municipality,0105500000,0100000000,,2411
0105520000,Infanta,Infanta,Municipality,0105500000,0100000000,,2412
0105521000,Labrador,Labrador,Municipality,0105500000,0100000000,,2402
0105522000,Lingayen,Lingayen,Municipality,0105500000,0100000000,,2401
0105523000,Mabini,Mabini,Municipality,0105500000,0100000000,,2409
0105524000,Malasiqui,Malasiqui,Municipality,0105500000,0100000000,,2421
0105525000,Manaoag,Manaoag,Municipality,0105500000,0100000000,,2430
0105526000,Mangaldan,Mangaldan,Municipality,0105500000,0100000000,,2432
0105527000,Mangatarem,Mangatarem,Municipality,0105500000,0100000000,,2413
0105528000,Mapandan,Mapandan,Municipality,0105500000,0100000000,,2429
0105529000,Natividad,Natividad,Municipality,0105500000,0100000000,,2446
0105530000,Pozorrubio,Pozorrubio,Municipality,0105500000,0100000000,,2435
0105531000,Rosales,Rosales,Municipality,0105500000,0100000000,,2441
0105532000,San Carlos City,City of San Carlos,Component City,0105500000,0100000000,,2420
0105533000,San Fabian,San Fabian,Municipality,0105500000,0100000000,,2433
0105534000,San Jacinto,San Jacinto,Municipality,0105500000,0100000000,,2431
0105535000,San Manuel,San Manuel,Municipality,0105500000,0100000000,,2438
0105536000,San Nicolas,San Nicolas,Municipality,0105500000,0100000000,,2447
0105537000,San Quintin,San Quintin,Municipality,0105500000,0100000000,,2444
0105538000,Santa Barbara,Santa Barbara,Municipality,0105500000,0100000000,,2419
0105539000,Santa Maria,Santa Maria,Municipality,0105500000,0100000000,,2440
0105540000,Santo Tomas,Santo Tomas,Municipality,0105500000,0100000000,,2426
0105541000,Sison,Sison,Municipality,0105500000,0100000000,,2434
0105542000,Sual,Sual,Municipality,0105500000,0100000000,,2403
0105543000,Tayug,Tayug,Municipality,0105500000,0100000000,,2445
0105544000,Umingan,Umingan,Municipality,0105500000,0100000000,,2443
0105545000,Urbiztondo,Urbiztondo,Municipality,0105500000,0100000000,,2414
0105546000,Urdaneta City,City of Urdaneta,Component City,0105500000,0100000000,,2428
0105547000,Villasis,Villasis,Municipality,0105500000,0100000000,,2427
0105548000,Laoac,Laoac,Municipality,0105500000,0100000000,,2437
0200901000,Basco,Basco,Municipality,0200900000,0200000000,,3900
0200902000,Itbayat,Itbayat,Municipality,0200900000,0200000000,,3905
0200903000,Ivana,Ivana,Municipality,0200900000,0200000000,,3902
0200904000,Mahatao,Mahatao,Municipality,0200900000,0200000000,,3901
0200905000,Sabtang,Sabtang,Municipality,0200900000,0200000000,,3904
0200906000,Uyugan,Uyugan,Municipality,0200900000,0200000000,,3903
0201501000,Abulug,Abulug,Municipality,0201500000,0200000000,,3517
0201502000,Alcala,Alcala,Municipality,0201500000,0200000000,,3507
0201503000,Allacapan,Allacapan,Municipality,0201500000,0200000000,,3523
0201504000,Amulung,Amulung,Municipality,0201500000,0200000000,,3505
0201505000,Aparri,Aparri,Municipality,0201500000,0200000000,,3515
0201506000,Baggao,Baggao,Municipality,0201500000,0200000000,,3506
0201507000,Ballesteros,Ballesteros,Municipality,0201500000,0200000000,,3516
0201508000,Buguey,Buguey,Municipality,0201500000,0200000000,,3511
0201509000,Calayan,Calayan,Municipality,0201500000,0200000000,,3520
0201510000,Camalaniugan,Camalaniugan,Municipality,0201500000,0200000000,,3510
0201511000,Claveria,Claveria,Municipality,0201500000,0200000000,,3519
0201512000,Enrile,Enrile,Municipality,0201500000,0200000000,,3501
0201513000,Gattaran,Gattaran,Municipality,0201500000,0200000000,,3508
0201514000,Gonzaga,Gonzaga,Municipality,0201500000,0200000000,,3513
0201515000,Iguig,Iguig,Municipality,0201500000,0200000000,,3504
0201516000,Lal-Lo,Lal-Lo,Municipality,0201500000,0200000000,,3509
0201517000,Lasam,Lasam,Municipality,0201500000,0200000000,,3524
0201518000,Pamplona,Pamplona,Municipality,0201500000,0200000000,,3522
0201519000,Peñablanca,Peñablanca,Municipality,0201500000,0200000000,,3502
0201520000,Piat,Piat,Municipality,0201500000,0200000000,,3527
0201521000,Rizal,Rizal,Municipality,0201500000,0200000000,,3526
0201522000,Sanchez Mira,Sanchez Mira,Municipality,0201500000,0200000000,,3518
0201523000,Santa Ana,Santa Ana,Municipality,0201500000,0200000000,,3514
0201524000,Santa Praxedes,Santa Praxedes,Municipality,0201500000,0200000000,,3521
0201525000,Santa Teresita,Santa Teresita,Municipality,0201500000,0200000000,,3512
0201526000,Santo Niño,Santo Niño,Municipality,0201500000,0200000000,,3525
0201527000,Solana,Solana,Municipality,0201500000,0200000000,,3503
0201528000,Tuao,Tuao,Municipality,0201500000,0200000000,,3528
0201529000,Tuguegarao City,Tuguegarao City,Component City,0201500000,0200000000,,3500
0203101000,Alicia,Alicia,Municipality,0203100000,0200000000,,3306
0203102000,Angadanan,Angadanan,Municipality,0203100000,0200000000,,3307
0203103000,Aurora,Aurora,Municipality,0203100000,0200000000,,3316
0203104000,Benito Soliven,Benito Soliven,Municipality,0203100000,0200000000,,3331
0203105000,Burgos,Burgos,Municipality,0203100000,0200000000,,3322
0203106000,Cabagan,Cabagan,Municipality,0203100000,0200000000,,3328
0203107000,Cabatuan,Cabatuan,Municipality,0203100000,0200000000,,3315
0203108000,Cauayan City,City of Cauayan,Component City,0203100000,0200000000,,3305
0203109000,Cordon,Cordon,Municipality,0203100000,0200000000,,3312
0203110000,Dinapigue,Dinapigue,Municipality,0203100000,0200000000,,3336
0203111000,Divilacan,Divilacan,Municipality,0203100000,0200000000,,3335
0203112000,Echague,Echague,Municipality,0203100000,0200000000,,3309
0203113000,Gamu,Gamu,Municipality,0203100000,0200000000,,3301
0203114000,Ilagan City,City of Ilagan,Component City,0203100000,0200000000,,3300
0203115000,Jones,Jones,Municipality,0203100000,0200000000,,3313
0203116000,Luna,Luna,Municipality,0203100000,0200000000,,3304
0203117000,Maconacon,Maconacon,Municipality,0203100000,0200000000,,3333
0203118000,Delfin Albano,Delfin Albano,Municipality,0203100000,0200000000,,3326
0203119000,Mallig,Mallig,Municipality,0203100000,0200000000,,3323
0203120000,Naguilian,Naguilian,Municipality,0203100000,0200000000,,3302
0203121000,Palanan,Palanan,Municipality,0203100000,0200000000,,3334
0203122000,Quezon,Quezon,Municipality,0203100000,0200000000,,3324
0203123000,Quirino,Quirino,Municipality,0203100000,0200000000,,3321
0203124000,Ramon,Ramon,Municipality,0203100000,0200000000,,3319
0203125000,Reina Mercedes,Reina Mercedes,Municipality,0203100000,0200000000,,3303
0203126000,Roxas,Roxas,Municipality,0203100000,0200000000,,3320
0203127000,San Agustin,San Agustin,Municipality,0203100000,0200000000,,3314
0203128000,San Guillermo,San Guillermo,Municipality,0203100000,0200000000,,3308
0203129000,San Isidro,San Isidro,Municipality,0203100000,0200000000,,3310
0203130000,San Manuel,San Manuel,Municipality,0203100000,0200000000,,3317
0203131000,San Mariano,San Mariano,Municipality,0203100000,0200000000,,3332
0203132000,San Mateo,San Mateo,Municipality,0203100000,0200000000,,3318
0203133000,San Pablo,San Pablo,Municipality,0203100000,0200000000,,3329
0203134000,Santa Maria,Santa Maria,Municipality,0203100000,0200000000,,3330
0203135000,Santiago City,City of Santiago,Independent Component City,0203100000,0200000000,,3311
0203136000,Santo Tomas,Santo Tomas,Municipality,0203100000,0200000000,,3327
0203137000,Tumauini,Tumauini,Municipality,0203100000,0200000000,,3325
0205001000,Ambaguio,Ambaguio,Municipality,0205000000,0200000000,,3701
0205002000,Aritao,Aritao,Municipality,0205000000,0200000000,,3704
0205003000,Bagabag,Bagabag,Municipality,0205000000,0200000000,,3711
0205004000,Bambang,Bambang,Municipality,0205000000,0200000000,,3702
0205005000,Bayombong,Bayombong,Municipality,0205000000,0200000000,,3700
0205006000,Diadi,Diadi,Municipality,0205000000,0200000000,,3712
0205007000,Dupax del Norte,Dupax del Norte,Municipality,0205000000,0200000000,,3706
0205008000,Dupax del Sur,Dupax del Sur,Municipality,0205000000,0200000000,,3707
0205009000,Kasibu,Kasibu,Municipality,0205000000,0200000000,,3703
0205010000,Kayapa,Kayapa,Municipality,0205000000,0200000000,,3708
0205011000,Quezon,Quezon,Municipality,0205000000,0200000000,,3713
0205012000,Santa Fe,Santa Fe,Municipality,0205000000,0200000000,,3705
0205013000,Solano,Solano,Municipality,0205000000,0200000000,,3709
0205014000,Villaverde,Villaverde,Municipality,0205000000,0200000000,,3710
0205015000,Alfonso Castaneda,Alfonso Castaneda,Municipality,0205000000,0200000000,,3714
0205701000,Aglipay,Aglipay,Municipality,0205700000,0200000000,,3403
0205702000,Cabarroguis,Cabarroguis,Municipality,0205700000,0200000000,,3400
0205703000,Diffun,Diffun,Municipality,0205700000,0200000000,,3401
0205704000,Maddela,Maddela,Municipality,0205700000,0200000000,,3404
0205705000,Saguday,Saguday,Municipality,0205700000,0200000000,,3402
0205706000,Nagtipunan,Nagtipunan,Municipality,0205700000,0200000000,,3405
0300801000,Abucay,Abucay,Municipality,0300800000,0300000000,,2114
0300802000,Bagac,Bagac,Municipality,0300800000,0300000000,,2107
0300803000,Balanga City,City of Balanga,Component City,0300800000,0300000000,,2100
0300804000,Dinalupihan,Dinalupihan,Municipality,0300800000,0300000000,,2110
0300805000,Hermosa,Hermosa,Municipality,0300800000,0300000000,,2111
0300806000,Limay,Limay,Municipality,0300800000,0300000000,,2103
0300807000,Mariveles,Mariveles,Municipality,0300800000,0300000000,,2105
0300808000,Morong,Morong,Municipality,0300800000,0300000000,,2108
0300809000,Orani,Orani,Municipality,0300800000,0300000000,,2112
0300810000,Orion,Orion,Municipality,0300800000,0300000000,,2102
0300811000,Pilar,Pilar,Municipality,0300800000,0300000000,,2101
0300812000,Samal,Samal,Municipality,0300800000,0300000000,,2113
0301401000,Angat,Angat,Municipality,0301400000,0300000000,,3012
0301402000,Balagtas,Balagtas,Municipality,0301400000,0300000000,,3016
0301403000,Baliwag City,City of Baliwag,Component City,0301400000,0300000000,,3006
0301404000,Bocaue,Bocaue,Municipality,0301400000,0300000000,,3018
0301405000,Bulacan,Bulacan,Municipality,0301400000,0300000000,,3017
0301406000,Bustos,Bustos,Municipality,0301400000,0300000000,,3007
0301407000,Calumpit,Calumpit,Municipality,0301400000,0300000000,,3003
0301408000,Guiguinto,Guiguinto,Municipality,0301400000,0300000000,,3015
0301409000,Hagonoy,Hagonoy,Municipality,0301400000,0300000000,,3002
0301410000,Malolos City,City of Malolos,Component City,0301400000,0300000000,,3000
0301411000,Marilao,Marilao,Municipality,0301400000,0300000000,,3019
0301412000,Meycauayan City,City of Meycauayan,Component City,0301400000,0300000000,,3020
0301413000,Norzagaray,Norzagaray,Municipality,0301400000,0300000000,,3013
0301414000,Obando,Obando,Municipality,0301400000,0300000000,,3021
0301415000,Pandi,Pandi,Municipality,0301400000,0300000000,,3014
0301416000,Paombong,Paombong,Municipality,0301400000,0300000000,,3001
0301417000,Plaridel,Plaridel,Municipality,0301400000,0300000000,,3004
0301418000,Pulilan,Pulilan,Municipality,0301400000,0300000000,,3005
0301419000,San Ildefonso,San Ildefonso,Municipality,0301400000,0300000000,,3010
0301420000,San Jose Del Monte City,City of San Jose Del Monte,Component City,0301400000,0300000000,,3023
0301421000,San Miguel,San Miguel,Municipality,0301400000,0300000000,,3011
0301422000,San Rafael,San Rafael,Municipality,0301400000,0300000000,,3008
0301423000,Santa Maria,Santa Maria,Municipality,0301400000,0300000000,,3022
0301424000,Doña Remedios Trinidad,Doña Remedios Trinidad,Municipality,0301400000,0300000000,,3009
0304901000,Aliaga,Aliaga,Municipality,0304900000,0300000000,,3111
0304902000,Bongabon,Bongabon,Municipality,0304900000,0300000000,,3128
0304903000,Cabanatuan City,City of Cabanatuan,Component City,0304900000,0300000000,,3100
0304904000,Cabiao,Cabiao,Municipality,0304900000,0300000000,,3107
0304905000,Carranglan,Carranglan,Municipality,0304900000,0300000000,,3123
0304906000,Cuyapo,Cuyapo,Municipality,0304900000,0300000000,,3117
0304907000,Gabaldon,Gabaldon,Municipality,0304900000,0300000000,,3131
0304908000,Gapan City,City of Gapan,Component City,0304900000,0300000000,,3105
0304909000,General Mamerto Natividad,General Mamerto Natividad,Municipality,0304900000,0300000000,,3125
0304910000,General Tinio,General Tinio,Municipality,0304900000,0300000000,,3104
0304911000,Guimba,Guimba,Municipality,0304900000,0300000000,,3115
0304912000,Jaen,Jaen,Municipality,0304900000,0300000000,,3109
0304913000,Laur,Laur,Municipality,0304900000,0300000000,,3129
0304914000,Licab,Licab,Municipality,0304900000,0300000000,,3112
0304915000,Llanera,Llanera,Municipality,0304900000,0300000000,,3126
0304916000,Lupao,Lupao,Municipality,0304900000,0300000000,,3122
0304917000,Science City of Muñoz,Science City of Muñoz,Component City,0304900000,0300000000,,3119
0304918000,Nampicuan,Nampicuan,Municipality,0304900000,0300000000,,3116
0304919000,Palayan City,City of Palayan,Component City,0304900000,0300000000,,3132
0304920000,Pantabangan,Pantabangan,Municipality,0304900000,0300000000,,3124
0304921000,Peñaranda,Peñaranda,Municipality,0304900000,0300000000,,3103
0304922000,Quezon,Quezon,Municipality,0304900000,0300000000,,3113
0304923000,Rizal,Rizal,Municipality,0304900000,0300000000,,3127
0304924000,San Antonio,San Antonio,Municipality,0304900000,0300000000,,3108
0304925000,San Isidro,San Isidro,Municipality,0304900000,0300000000,,3106
0304926000,San Jose City,San Jose City,Component City,0304900000,0300000000,,3121
0304927000,San Leonardo,San Leonardo,Municipality,0304900000,0300000000,,3102
0304928000,Santa Rosa,Santa Rosa,Municipality,0304900000,0300000000,,3101
0304929000,Santo Domingo,Santo Domingo,Municipality,0304900000,0300000000,,3133
0304930000,Talavera,Talavera,Municipality,0304900000,0300000000,,3114
0304931000,Talugtug,Talugtug,Municipality,0304900000,0300000000,,3118
0304932000,Zaragoza,Zaragoza,Municipality,0304900000,0300000000,,3110
0305402000,Apalit,Apalit,Municipality,0305400000,0300000000,,2016
0305403000,Arayat,Arayat,Municipality,0305400000,0300000000,,2012
0305404000,Bacolor,Bacolor,Municipality,0305400000,0300000000,,2001
0305405000,Candaba,Candaba,Municipality,0305400000,0300000000,,2013
0305406000,Floridablanca,Floridablanca,Municipality,0305400000,0300000000,,2006
0305407000,Guagua,Guagua,Municipality,0305400000,0300000000,,2003
0305408000,Lubao,Lubao,Municipality,0305400000,0300000000,,2005
0305409000,Mabalacat City,Mabalacat City,Component City,0305400000,0300000000,,2010
0305410000,Macabebe,Macabebe,Municipality,0305400000,0300000000,,2018
0305411000,Magalang,Magalang,Municipality,0305400000,0300000000,,2011
0305412000,Masantol,Masantol,Municipality,0305400000,0300000000,,2017
0305413000,Mexico,Mexico,Municipality,0305400000,0300000000,,2021
0305414000,Minalin,Minalin,Municipality,0305400000,0300000000,,2019
0305415000,Porac,Porac,Municipality,0305400000,0300000000,,2008
0305416000,San Fernando City,City of San Fernando,Component City,0305400000,0300000000,,2000
0305417000,San Luis,San Luis,Municipality,0305400000,0300000000,,2014
0305418000,San Simon,San Simon,Municipality,0305400000,0300000000,,2015
0305419000,Santa Ana,Santa Ana,Municipality,0305400000,0300000000,,2022
0305420000,Santa Rita,Santa Rita,Municipality,0305400000,0300000000,,2002
0305421000,Sto. Tomas,Sto. Tomas,Municipality,0305400000,0300000000,,2020
0305422000,Sasmuan,Sasmuan,Municipality,0305400000,0300000000,,2004
0306901000,Anao,Anao,Municipality,0306900000,0300000000,,2310
0306902000,Bamban,Bamban,Municipality,0306900000,0300000000,,2317
0306903000,Camiling,Camiling,Municipality,0306900000,0300000000,,2306
0306904000,Capas,Capas,Municipality,0306900000,0300000000,,2315
0306905000,Concepcion,Concepcion,Municipality,0306900000,0300000000,,2316
0306906000,Gerona,Gerona,Municipality,0306900000,0300000000,,2302
0306907000,La Paz,La Paz,Municipality,0306900000,0300000000,,2314
0306908000,Mayantoc,Mayantoc,Municipality,0306900000,0300000000,,2304
0306909000,Moncada,Moncada,Municipality,0306900000,0300000000,,2308
0306910000,Paniqui,Paniqui,Municipality,0306900000,0300000000,,2307
0306911000,Pura,Pura,Municipality,0306900000,0300000000,,2312
0306912000,Ramos,Ramos,Municipality,0306900000,0300000000,,2311
0306913000,San Clemente,San Clemente,Municipality,0306900000,0300000000,,2305
0306914000,San Manuel,San Manuel,Municipality,0306900000,0300000000,,2309
0306915000,Santa Ignacia,Santa Ignacia,Municipality,0306900000,0300000000,,2303
0306916000,Tarlac City,City of Tarlac,Component City,0306900000,0300000000,,2300
0306917000,Victoria,Victoria,Municipality,0306900000,0300000000,,2313
0306918000,San Jose,San Jose,Municipality,0306900000,0300000000,,2318
0307101000,Botolan,Botolan,Municipality,0307100000,0300000000,,2202
0307102000,Cabangan,Cabangan,Municipality,0307100000,0300000000,,2203
0307103000,Candelaria,Candelaria,Municipality,0307100000,0300000000,,2212
0307104000,Castillejos,Castillejos,Municipality,0307100000,0300000000,,2208
0307105000,Iba,Iba,Municipality,0307100000,0300000000,,2201
0307106000,Masinloc,Masinloc,Municipality,0307100000,0300000000,,2211
0307108000,Palauig,Palauig,Municipality,0307100000,0300000000,,2210
0307109000,San Antonio,San Antonio,Municipality,0307100000,0300000000,,2206
0307110000,San Felipe,San Felipe,Municipality,0307100000,0300000000,,2204
0307111000,San Marcelino,San Marcelino,Municipality,0307100000,0300000000,,2207
0307112000,San Narciso,San Narciso,Municipality,0307100000,0300000000,,2205
0307113000,Santa Cruz,Santa Cruz,Municipality,0307100000,0300000000,,2213
0307114000,Subic,Subic,Municipality,0307100000,0300000000,,2209
0307701000,Baler,Baler,Municipality,0307700000,0300000000,,3200
0307702000,Casiguran,Casiguran,Municipality,0307700000,0300000000,,3204
0307703000,Dilasag,Dilasag,Municipality,0307700000,0300000000,,3205
0307704000,Dinalungan,Dinalungan,Municipality,0307700000,0300000000,,3206
0307705000,Dingalan,Dingalan,Municipality,0307700000,0300000000,,3207
0307706000,Dipaculao,Dipaculao,Municipality,0307700000,0300000000,,3203
0307707000,Maria Aurora,Maria Aurora,Municipality,0307700000,0300000000,,3202
0307708000,San Luis,San Luis,Municipality,0307700000,0300000000,,3201
0330100000,Angeles City,City of Angeles,Highly Urbanized City,0305400000,0300000000,,2009
0331400000,Olongapo City,City of Olongapo,Highly Urbanized City,0307100000,0300000000,,2200
0401001000,Agoncillo,Agoncillo,Municipality,0401000000,0400000000,,4211
0401002000,Alitagtag,Alitagtag,Municipality,0401000000,0400000000,,4205
0401003000,Balayan,Balayan,Municipality,0401000000,0400000000,,4213
0401004000,Balete,Balete,Municipality,0401000000,0400000000,,4219
0401005000,Batangas City,Batangas City,Component City,0401000000,0400000000,,4200
0401006000,Bauan,Bauan,Municipality,0401000000,0400000000,,4201
0401007000,Calaca City,City of Calaca,Component City,0401000000,0400000000,,4212
0401008000,Calatagan,Calatagan,Municipality,0401000000,0400000000,,4215
0401009000,Cuenca,Cuenca,Municipality,0401000000,0400000000,,4222
0401010000,Ibaan,Ibaan,Municipality,0401000000,0400000000,,4230
0401011000,Laurel,Laurel,Municipality,0401000000,0400000000,,4221
0401012000,Lemery,Lemery,Municipality,0401000000,0400000000,,4209
0401013000,Lian,Lian,Municipality,0401000000,0400000000,,4216
0401014000,Lipa City,City of Lipa,Component City,0401000000,0400000000,,4217
0401015000,Lobo,Lobo,Municipality,0401000000,0400000000,,4229
0401016000,Mabini,Mabini,Municipality,0401000000,0400000000,,4202
0401017000,Malvar,Malvar,Municipality,0401000000,0400000000,,4233
0401018000,Mataasnakahoy,Mataasnakahoy,Municipality,0401000000,0400000000,,4223
0401019000,Nasugbu,Nasugbu,Municipality,0401000000,0400000000,,4231
0401020000,Padre Garcia,Padre Garcia,Municipality,0401000000,0400000000,,4224
0401021000,Rosario,Rosario,Municipality,0401000000,0400000000,,4225
0401022000,San Jose,San Jose,Municipality,0401000000,0400000000,,4227
0401023000,San Juan,San Juan,Municipality,0401000000,0400000000,,4226
0401024000,San Luis,San Luis,Municipality,0401000000,0400000000,,4210
0401025000,San Nicolas,San Nicolas,Municipality,0401000000,0400000000,,4207
0401026000,San Pascual,San Pascual,Municipality,0401000000,0400000000,,4204
0401027000,Santa Teresita,Santa Teresita,Municipality,0401000000,0400000000,,4206
0401028000,Sto. Tomas City,City of Sto. Tomas,Component City,0401000000,0400000000,,4234
0401029000,Taal,Taal,Municipality,0401000000,0400000000,,4208
0401030000,Talisay,Talisay,Municipality,0401000000,0400000000,,4220
0401031000,Tanauan City,City of Tanauan,Component City,0401000000,0400000000,,4232
0401032000,Taysan,Taysan,Municipality,0401000000,0400000000,,4228
0401033000,Tingloy,Tingloy,Municipality,0401000000,0400000000,,4203
0401034000,Tuy,Tuy,Municipality,0401000000,0400000000,,4214
0402101000,Alfonso,Alfonso,Municipality,0402100000,0400000000,,4123
0402102000,Amadeo,Amadeo,Municipality,0402100000,0400000000,,4119
0402103000,Bacoor City,City of Bacoor,Component City,0402100000,0400000000,,4102
0402104000,Carmona City,City of Carmona,Component City,0402100000,0400000000,,4116
0402105000,Cavite City,City of Cavite,Component City,0402100000,0400000000,,4100
0402106000,Dasmariñas City,City of Dasmariñas,Component City,0402100000,0400000000,,4114
0402107000,General Emilio Aguinaldo,General Emilio Aguinaldo,Municipality,0402100000,0400000000,,4124
0402108000,General Trias City,City of General Trias,Component City,0402100000,0400000000,,4107
0402109000,Imus City,City of Imus,Component City,0402100000,0400000000,,4103
0402110000,Indang,Indang,Municipality,0402100000,0400000000,,4122
0402111000,Kawit,Kawit,Municipality,0402100000,0400000000,,4104
0402112000,Magallanes,Magallanes,Municipality,0402100000,0400000000,,4113
0402113000,Maragondon,Maragondon,Municipality,0402100000,0400000000,,4112
0402114000,Mendez,Mendez,Municipality,0402100000,0400000000,,4121
0402115000,Naic,Naic,Municipality,0402100000,0400000000,,4110
0402116000,Noveleta,Noveleta,Municipality,0402100000,0400000000,,4105
0402117000,Rosario,Rosario,Municipality,0402100000,0400000000,,4106
0402118000,Silang,Silang,Municipality,0402100000,0400000000,,4118
0402119000,Tagaytay City,City of Tagaytay,Component City,0402100000,0400000000,,4120
0402120000,Tanza,Tanza,Municipality,0402100000,0400000000,,4108
0402121000,Ternate,Ternate,Municipality,0402100000,0400000000,,4111
0402122000,Trece Martires City,City of Trece Martires,Component City,0402100000,0400000000,,4109
0402123000,Gen. Mariano Alvarez,Gen. Mariano Alvarez,Municipality,0402100000,0400000000,,4117
0403401000,Alaminos,Alaminos,Municipality,0403400000,0400000000,,4001
0403402000,Bay,Bay,Municipality,0403400000,0400000000,,4033
0403403000,Biñan City,City of Biñan,Component City,0403400000,0400000000,,4024
0403404000,Cabuyao City,City of Cabuyao,Component City,0403400000,0400000000,,4025
0403405000,Calamba City,City of Calamba,Component City,0403400000,0400000000,,4027
0403406000,Calauan,Calauan,Municipality,0403400000,0400000000,,4012
0403407000,Cavinti,Cavinti,Municipality,0403400000,0400000000,,4013
0403408000,Famy,Famy,Municipality,0403400000,0400000000,,4021
0403409000,Kalayaan,Kalayaan,Municipality,0403400000,0400000000,,4015
0403410000,Liliw,Liliw,Municipality,0403400000,0400000000,,4004
0403411000,Los Baños,Los Baños,Municipality,0403400000,0400000000,,4030
0403412000,Luisiana,Luisiana,Municipality,0403400000,0400000000,,4032
0403413000,Lumban,Lumban,Municipality,0403400000,0400000000,,4014
0403414000,Mabitac,Mabitac,Municipality,0403400000,0400000000,,4020
0403415000,Magdalena,Magdalena,Municipality,0403400000,0400000000,,4007
0403416000,Majayjay,Majayjay,Municipality,0403400000,0400000000,,4005
0403417000,Nagcarlan,Nagcarlan,Municipality,0403400000,0400000000,,4002
0403418000,Paete,Paete,Municipality,0403400000,0400000000,,4016
0403419000,Pagsanjan,Pagsanjan,Municipality,0403400000,0400000000,,4008
0403420000,Pakil,Pakil,Municipality,0403400000,0400000000,,4017
0403421000,Pangil,Pangil,Municipality,0403400000,0400000000,,4018
0403422000,Pila,Pila,Municipality,0403400000,0400000000,,4010
0403423000,Rizal,Rizal,Municipality,0403400000,0400000000,,4003
0403424000,San Pablo City,City of San Pablo,Component City,0403400000,0400000000,,4000
0403425000,San Pedro City,City of San Pedro,Component City,0403400000,0400000000,,4023
0403426000,Santa Cruz,Santa Cruz,Municipality,0403400000,0400000000,,4009
0403427000,Santa Maria,Santa Maria,Municipality,0403400000,0400000000,,4022
0403428000,Santa Rosa City,City of Santa Rosa,Component City,0403400000,0400000000,,4026
0403429000,Siniloan,Siniloan,Municipality,0403400000,0400000000,,4019
0403430000,Victoria,Victoria,Municipality,0403400000,0400000000,,4011
0405601000,Agdangan,Agdangan,Municipality,0405600000,0400000000,,4304
0405602000,Alabat,Alabat,Municipality,0405600000,0400000000,,4333
0405603000,Atimonan,Atimonan,Municipality,0405600000,0400000000,,4331
0405605000,Buenavista,Buenavista,Municipality,0405600000,0400000000,,4320
0405606000,Burdeos,Burdeos,Municipality,0405600000,0400000000,,4340
0405607000,Calauag,Calauag,Municipality,0405600000,0400000000,,4318
0405608000,Candelaria,Candelaria,Municipality,0405600000,0400000000,,4323
0405610000,Catanauan,Catanauan,Municipality,0405600000,0400000000,,4311
0405615000,Dolores,Dolores,Municipality,0405600000,0400000000,,4326
0405616000,General Luna,General Luna,Municipality,0405600000,0400000000,,4310
0405617000,General Nakar,General Nakar,Municipality,0405600000,0400000000,,4338
0405618000,Guinayangan,Guinayangan,Municipality,0405600000,0400000000,,4319
0405619000,Gumaca,Gumaca,Municipality,0405600000,0400000000,,4307
0405620000,Infanta,Infanta,Municipality,0405600000,0400000000,,4336
0405621000,Jomalig,Jomalig,Municipality,0405600000,0400000000,,4342
0405622000,Lopez,Lopez,Municipality,0405600000,0400000000,,4316
0405623000,Lucban,Lucban,Municipality,0405600000,0400000000,,4328
0405625000,Macalelon,Macalelon,Municipality,0405600000,0400000000,,4309
0405627000,Mauban,Mauban,Municipality,0405600000,0400000000,,4330
0405628000,Mulanay,Mulanay,Municipality,0405600000,0400000000,,4312
0405629000,Padre Burgos,Padre Burgos,Municipality,0405600000,0400000000,,4303
0405630000,Pagbilao,Pagbilao,Municipality,0405600000,0400000000,,4302
0405631000,Panukulan,Panukulan,Municipality,0405600000,0400000000,,4337
0405632000,Patnanungan,Patnanungan,Municipality,0405600000,0400000000,,4341
0405633000,Perez,Perez,Municipality,0405600000,0400000000,,4334
0405634000,Pitogo,Pitogo,Municipality,0405600000,0400000000,,4308
0405635000,Plaridel,Plaridel,Municipality,0405600000,0400000000,,4306
0405636000,Polillo,Polillo,Municipality,0405600000,0400000000,,4339
0405637000,Quezon,Quezon,Municipality,0405600000,0400000000,,4332
0405638000,Real,Real,Municipality,0405600000,0400000000,,4335
0405639000,Sampaloc,Sampaloc,Municipality,0405600000,0400000000,,4329
0405640000,San Andres,San Andres,Municipality,0405600000,0400000000,,4314
0405641000,San Antonio,San Antonio,Municipality,0405600000,0400000000,,4324
0405642000,San Francisco,San Francisco,Municipality,0405600000,0400000000,,4315
0405644000,San Narciso,San Narciso,Municipality,0405600000,0400000000,,4313
0405645000,Sariaya,Sariaya,Municipality,0405600000,0400000000,,4322
0405646000,Tagkawayan,Tagkawayan,Municipality,0405600000,0400000000,,4321
0405647000,Tayabas City,City of Tayabas,Component City,0405600000,0400000000,,4327
0405648000,Tiaong,Tiaong,Municipality,0405600000,0400000000,,4325
0405649000,Unisan,Unisan,Municipality,0405600000,0400000000,,4305
0405801000,Angono,Angono,Municipality,0405800000,0400000000,,1930
0405802000,Antipolo City,City of Antipolo,Component City,0405800000,0400000000,,1870
0405803000,Baras,Baras,Municipality,0405800000,0400000000,,1970
0405804000,Binangonan,Binangonan,Municipality,0405800000,0400000000,,1940
0405805000,Cainta,Cainta,Municipality,0405800000,0400000000,,1900
0405806000,Cardona,Cardona,Municipality,0405800000,0400000000,,1950
0405807000,Jala-Jala,Jala-Jala,Municipality,0405800000,0400000000,,1990
0405808000,Rodriguez,Rodriguez,Municipality,0405800000,0400000000,,1860
0405809000,Morong,Morong,Municipality,0405800000,0400000000,,1960
0405810000,Pililla,Pililla,Municipality,0405800000,0400000000,,1910
0405811000,San Mateo,San Mateo,Municipality,0405800000,0400000000,,1850
0405812000,Tanay,Tanay,Municipality,0405800000,0400000000,,1980
0405813000,Taytay,Taytay,Municipality,0405800000,0400000000,,1920
0405814000,Teresa,Teresa,Municipality,0405800000,0400000000,,1880
0431200000,Lucena City,City of Lucena,Highly Urbanized City,0405600000,0400000000,,4301
0500501000,Bacacay,Bacacay,Municipality,0500500000,0500000000,,4509
0500502000,Camalig,Camalig,Municipality,0500500000,0500000000,,4502
0500503000,Daraga,Daraga,Municipality,0500500000,0500000000,,4501
0500504000,Guinobatan,Guinobatan,Municipality,0500500000,0500000000,,4503
0500505000,Jovellar,Jovellar,Municipality,0500500000,0500000000,,4515
0500506000,Legazpi City,City of Legazpi,Component City,0500500000,0500000000,,4500
0500507000,Libon,Libon,Municipality,0500500000,0500000000,,4507
0500508000,Ligao City,City of Ligao,Component City,0500500000,0500000000,,4504
0500509000,Malilipot,Malilipot,Municipality,0500500000,0500000000,,4510
0500510000,Malinao,Malinao,Municipality,0500500000,0500000000,,4512
0500511000,Manito,Manito,Municipality,0500500000,0500000000,,4514
0500512000,Oas,Oas,Municipality,0500500000,0500000000,,4505
0500513000,Pio Duran,Pio Duran,Municipality,0500500000,0500000000,,4516
0500514000,Polangui,Polangui,Municipality,0500500000,0500000000,,4506
0500515000,Rapu-Rapu,Rapu-Rapu,Municipality,0500500000,0500000000,,4517
0500516000,Santo Domingo,Santo Domingo,Municipality,0500500000,0500000000,,4508
0500517000,Tabaco City,City of Tabaco,Component City,0500500000,0500000000,,4511
0500518000,Tiwi,Tiwi,Municipality,0500500000,0500000000,,4513
0501601000,Basud,Basud,Municipality,0501600000,0500000000,,4608
0501602000,Capalonga,Capalonga,Municipality,0501600000,0500000000,,4607
0501603000,Daet,Daet,Municipality,0501600000,0500000000,,4600
0501604000,San Lorenzo Ruiz,San Lorenzo Ruiz,Municipality,0501600000,0500000000,,4610
0501605000,Jose Panganiban,Jose Panganiban,Municipality,0501600000,0500000000,,4606
0501606000,Labo,Labo,Municipality,0501600000,0500000000,,4604
0501607000,Mercedes,Mercedes,Municipality,0501600000,0500000000,,4601
0501608000,Paracale,Paracale,Municipality,0501600000,0500000000,,4605
0501609000,San Vicente,San Vicente,Municipality,0501600000,0500000000,,4609
0501610000,Santa Elena,Santa Elena,Municipality,0501600000,0500000000,,4611
0501611000,Talisay,Talisay,Municipality,0501600000,0500000000,,4602
0501612000,Vinzons,Vinzons,Municipality,0501600000,0500000000,,4603
0501701000,Baao,Baao,Municipality,0501700000,0500000000,,4432
0501702000,Balatan,Balatan,Municipality,0501700000,0500000000,,4436
0501703000,Bato,Bato,Municipality,0501700000,0500000000,,4435
0501704000,Bombon,Bombon,Municipality,0501700000,0500000000,,4404
0501705000,Buhi,Buhi,Municipality,0501700000,0500000000,,4433
0501706000,Bula,Bula,Municipality,0501700000,0500000000,,4430
0501707000,Cabusao,Cabusao,Municipality,0501700000,0500000000,,4406
0501708000,Calabanga,Calabanga,Municipality,0501700000,0500000000,,4405
0501709000,Camaligan,Camaligan,Municipality,0501700000,0500000000,,4401
0501710000,Canaman,Canaman,Municipality,0501700000,0500000000,,4402
0501711000,Caramoan,Caramoan,Municipality,0501700000,0500000000,,4429
0501712000,Del Gallego,Del Gallego,Municipality,0501700000,0500000000,,4411
0501713000,Gainza,Gainza,Municipality,0501700000,0500000000,,4412
0501714000,Garchitorena,Garchitorena,Municipality,0501700000,0500000000,,4428
0501715000,Goa,Goa,Municipality,0501700000,0500000000,,4422
0501716000,Iriga City,City of Iriga,Component City,0501700000,0500000000,,4431
0501717000,Lagonoy,Lagonoy,Municipality,0501700000,0500000000,,4425
0501718000,Libmanan,Libmanan,Municipality,0501700000,0500000000,,4407
0501719000,Lupi,Lupi,Municipality,0501700000,0500000000,,4409
0501720000,Magarao,Magarao,Municipality,0501700000,0500000000,,4403
0501721000,Milaor,Milaor,Municipality,0501700000,0500000000,,4413
0501722000,Minalabac,Minalabac,Municipality,0501700000,0500000000,,4414
0501723000,Nabua,Nabua,Municipality,0501700000,0500000000,,4434
0501724000,Naga City,City of Naga,Independent Component City,0501700000,0500000000,,4400
0501725000,Ocampo,Ocampo,Municipality,0501700000,0500000000,,4419
0501726000,Pamplona,Pamplona,Municipality,0501700000,0500000000,,4416
0501727000,Pasacao,Pasacao,Municipality,0501700000,0500000000,,4417
0501728000,Pili,Pili,Municipality,0501700000,0500000000,,4418
0501729000,Presentacion,Presentacion,Municipality,0501700000,0500000000,,4424
0501730000,Ragay,Ragay,Municipality,0501700000,0500000000,,4410
0501731000,Sagñay,Sagñay,Municipality,0501700000,0500000000,,4421
0501732000,San Fernando,San Fernando,Municipality,0501700000,0500000000,,4415
0501733000,San Jose,San Jose,Municipality,0501700000,0500000000,,4423
0501734000,Sipocot,Sipocot,Municipality,0501700000,0500000000,,4408
0501735000,Siruma,Siruma,Municipality,0501700000,0500000000,,4427
0501736000,Tigaon,Tigaon,Municipality,0501700000,0500000000,,4420
0501737000,Tinambac,Tinambac,Municipality,0501700000,0500000000,,4426
0502001000,Bagamanoc,Bagamanoc,Municipality,0502000000,0500000000,,4807
0502002000,Baras,Baras,Municipality,0502000000,0500000000,,4803
0502003000,Bato,Bato,Municipality,0502000000,0500000000,,4801
0502004000,Caramoran,Caramoran,Municipality,0502000000,0500000000,,4808
0502005000,Gigmoto,Gigmoto,Municipality,0502000000,0500000000,,4804
0502006000,Pandan,Pandan,Municipality,0502000000,0500000000,,4809
0502007000,Panganiban,Panganiban,Municipality,0502000000,0500000000,,4806
0502008000,San Andres,San Andres,Municipality,0502000000,0500000000,,4810
0502009000,San Miguel,San Miguel,Municipality,0502000000,0500000000,,4802
0502010000,Viga,Viga,Municipality,0502000000,0500000000,,4805
0502011000,Virac,Virac,Municipality,0502000000,0500000000,,4800
0504101000,Aroroy,Aroroy,Municipality,0504100000,0500000000,,5414
0504102000,Baleno,Baleno,Municipality,0504100000,0500000000,,5413
0504103000,Balud,Balud,Municipality,0504100000,0500000000,,5412
0504104000,Batuan,Batuan,Municipality,0504100000,0500000000,,5415
0504105000,Cataingan,Cataingan,Municipality,0504100000,0500000000,,5405
0504106000,Cawayan,Cawayan,Municipality,0504100000,0500000000,,5409
0504107000,Claveria,Claveria,Municipality,0504100000,0500000000,,5419
0504108000,Dimasalang,Dimasalang,Municipality,0504100000,0500000000,,5403
0504109000,Esperanza,Esperanza,Municipality,0504100000,0500000000,,5407
0504110000,Mandaon,Mandaon,Municipality,0504100000,0500000000,,5411
0504111000,Masbate City,City of Masbate,Component City,0504100000,0500000000,,5400
0504112000,Milagros,Milagros,Municipality,0504100000,0500000000,,5410
0504113000,Mobo,Mobo,Municipality,0504100000,0500000000,,5401
0504114000,Monreal,Monreal,Municipality,0504100000,0500000000,,5418
0504115000,Palanas,Palanas,Municipality,0504100000,0500000000,,5404
0504116000,Pio V. Corpus,Pio V. Corpus,Municipality,0504100000,0500000000,,5406
0504117000,Placer,Placer,Municipality,0504100000,0500000000,,5408
0504118000,San Fernando,San Fernando,Municipality,0504100000,0500000000,,5416
0504119000,San Jacinto,San Jacinto,Municipality,0504100000,0500000000,,5417
0504120000,San Pascual,San Pascual,Municipality,0504100000,0500000000,,5420
0504121000,Uson,Uson,Municipality,0504100000,0500000000,,5402
0506202000,Barcelona,Barcelona,Municipality,0506200000,0500000000,,4712
0506203000,Bulan,Bulan,Municipality,0506200000,0500000000,,4706
0506204000,Bulusan,Bulusan,Municipality,0506200000,0500000000,,4704
0506205000,Casiguran,Casiguran,Municipality,0506200000,0500000000,,4702
0506206000,Castilla,Castilla,Municipality,0506200000,0500000000,,4713
0506207000,Donsol,Donsol,Municipality,0506200000,0500000000,,4715
0506208000,Gubat,Gubat,Municipality,0506200000,0500000000,,4710
0506209000,Irosin,Irosin,Municipality,0506200000,0500000000,,4707
0506210000,Juban,Juban,Municipality,0506200000,0500000000,,4703
0506211000,Magallanes,Magallanes,Municipality,0506200000,0500000000,,4705
0506212000,Matnog,Matnog,Municipality,0506200000,0500000000,,4708
0506213000,Pilar,Pilar,Municipality,0506200000,0500000000,,4714
0506214000,Prieto Diaz,Prieto Diaz,Municipality,0506200000,0500000000,,4711
0506215000,Santa Magdalena,Santa Magdalena,Municipality,0506200000,0500000000,,4709
0506216000,Sorsogon City,City of Sorsogon,Component City,0506200000,0500000000,,4700
0600401000,Altavas,Altavas,Municipality,0600400000,0600000000,,5616
0600402000,Balete,Balete,Municipality,0600400000,0600000000,,5614
0600403000,Banga,Banga,Municipality,0600400000,0600000000,,5601
0600404000,Batan,Batan,Municipality,0600400000,0600000000,,5615
0600405000,Buruanga,Buruanga,Municipality,0600400000,0600000000,,5609
0600406000,Ibajay,Ibajay,Municipality,0600400000,0600000000,,5613
0600407000,Kalibo,Kalibo,Municipality,0600400000,0600000000,,5600
0600408000,Lezo,Lezo,Municipality,0600400000,0600000000,,5605
0600409000,Libacao,Libacao,Municipality,0600400000,0600000000,,5602
0600410000,Madalag,Madalag,Municipality,0600400000,0600000000,,5603
0600411000,Makato,Makato,Municipality,0600400000,0600000000,,5611
0600412000,Malay,Malay,Municipality,0600400000,0600000000,,5608
0600413000,Malinao,Malinao,Municipality,0600400000,0600000000,,5606
0600414000,Nabas,Nabas,Municipality,0600400000,0600000000,,5607
0600415000,New Washington,New Washington,Municipality,0600400000,0600000000,,5610
0600416000,Numancia,Numancia,Municipality,0600400000,0600000000,,5604
0600417000,Tangalan,Tangalan,Municipality,0600400000,0600000000,,5612
0600601000,Anini-Y,Anini-Y,Municipality,0600600000,0600000000,,5717
0600602000,Barbaza,Barbaza,Municipality,0600600000,0600000000,,5706
0600603000,Belison,Belison,Municipality,0600600000,0600000000,,5701
0600604000,Bugasong,Bugasong,Municipality,0600600000,0600000000,,5456
0600605000,Caluya,Caluya,Municipality,0600600000,0600000000,,5711
0600606000,Culasi,Culasi,Municipality,0600600000,0600000000,,5708
0600607000,Tobias Fornier,Tobias Fornier,Municipality,0600600000,0600000000,,5716
0600608000,Hamtic,Hamtic,Municipality,0600600000,0600000000,,5715
0600609000,Laua-An,Laua-An,Municipality,0600600000,0600000000,,5705
0600610000,Libertad,Libertad,Municipality,0600600000,0600000000,,5710
0600611000,Pandan,Pandan,Municipality,0600600000,0600000000,,5712
0600612000,Patnongon,Patnongon,Municipality,0600600000,0600000000,,5702
0600613000,San Jose,San Jose,Municipality,0600600000,0600000000,,5700
0600614000,San Remigio,San Remigio,Municipality,0600600000,0600000000,,5714
0600615000,Sebaste,Sebaste,Municipality,0600600000,0600000000,,5709
0600616000,Sibalom,Sibalom,Municipality,0600600000,0600000000,,5713
0600617000,Tibiao,Tibiao,Municipality,0600600000,0600000000,,5707
0600618000,Valderrama,Valderrama,Municipality,0600600000,0600000000,,5703
0601901000,Cuartero,Cuartero,Municipality,0601900000,0600000000,,5811
0601902000,Dao,Dao,Municipality,0601900000,0600000000,,5810
0601903000,Dumalag,Dumalag,Municipality,0601900000,0600000000,,5813
0601904000,Dumarao,Dumarao,Municipality,0601900000,0600000000,,5812
0601905000,Ivisan,Ivisan,Municipality,0601900000,0600000000,,5805
0601906000,Jamindan,Jamindan,Municipality,0601900000,0600000000,,5808
0601907000,Ma-Ayon,Ma-Ayon,Municipality,0601900000,0600000000,,5809
0601908000,Mambusao,Mambusao,Municipality,0601900000,0600000000,,5807
0601909000,Panay,Panay,Municipality,0601900000,0600000000,,5801
0601910000,Panitan,Panitan,Municipality,0601900000,0600000000,,5815
0601911000,Pilar,Pilar,Municipality,0601900000,0600000000,,5804
0601912000,Pontevedra,Pontevedra,Municipality,0601900000,0600000000,,5802
0601913000,President Roxas,President Roxas,Municipality,0601900000,0600000000,,5803
0601914000,Roxas City,City of Roxas,Component City,0601900000,0600000000,,5800
0601915000,Sapi-An,Sapi-An,Municipality,0601900000,0600000000,,5806
0601916000,Sigma,Sigma,Municipality,0601900000,0600000000,,5816
0601917000,Tapaz,Tapaz,Municipality,0601900000,0600000000,,5814
0603001000,Ajuy,Ajuy,Municipality,0603000000,0600000000,,5012
0603002000,Alimodian,Alimodian,Municipality,0603000000,0600000000,,5028
0603003000,Anilao,Anilao,Municipality,0603000000,0600000000,,5009
0603004000,Badiangan,Badiangan,Municipality,0603000000,0600000000,,5033
0603005000,Balasan,Balasan,Municipality,0603000000,0600000000,,5018
0603006000,Banate,Banate,Municipality,0603000000,0600000000,,5010
0603007000,Barotac Nuevo,Barotac Nuevo,Municipality,0603000000,0600000000,,5007
0603008000,Barotac Viejo,Barotac Viejo,Municipality,0603000000,0600000000,,5011
0603009000,Batad,Batad,Municipality,0603000000,0600000000,,5016
0603010000,Bingawan,Bingawan,Municipality,0603000000,0600000000,,5041
0603012000,Cabatuan,Cabatuan,Municipality,0603000000,0600000000,,5031
0603013000,Calinog,Calinog,Municipality,0603000000,0600000000,,5040
0603014000,Carles,Carles,Municipality,0603000000,0600000000,,5019
0603015000,Concepcion,Concepcion,Municipality,0603000000,0600000000,,5013
0603016000,Dingle,Dingle,Municipality,0603000000,0600000000,,5035
0603017000,Dueñas,Dueñas,Municipality,0603000000,0600000000,,5038
0603018000,Dumangas,Dumangas,Municipality,0603000000,0600000000,,5006
0603019000,Estancia,Estancia,Municipality,0603000000,0600000000,,5017
0603020000,Guimbal,Guimbal,Municipality,0603000000,0600000000,,5022
0603021000,Igbaras,Igbaras,Municipality,0603000000,0600000000,,5029
0603023000,Janiuay,Janiuay,Municipality,0603000000,0600000000,,5034
0603025000,Lambunao,Lambunao,Municipality,0603000000,0600000000,,5042
0603026000,Leganes,Leganes,Municipality,0603000000,0600000000,,5003
0603027000,Lemery,Lemery,Municipality,0603000000,0600000000,,5043
0603028000,Leon,Leon,Municipality,0603000000,0600000000,,5026
0603029000,Maasin,Maasin,Municipality,0603000000,0600000000,,5030
0603030000,Miagao,Miagao,Municipality,0603000000,0600000000,,5023
0603031000,Mina,Mina,Municipality,0603000000,0600000000,,5032
0603032000,New Lucena,New Lucena,Municipality,0603000000,0600000000,,5005
0603034000,Oton,Oton,Municipality,0603000000,0600000000,,5020
0603035000,Passi City,City of Passi,Component City,0603000000,0600000000,,5037
0603036000,Pavia,Pavia,Municipality,0603000000,0600000000,,5001
0603037000,Pototan,Pototan,Municipality,0603000000,0600000000,,5008
0603038000,San Dionisio,San Dionisio,Municipality,0603000000,0600000000,,5015
0603039000,San Enrique,San Enrique,Municipality,0603000000,0600000000,,5036
0603040000,San Joaquin,San Joaquin,Municipality,0603000000,0600000000,,5024
0603041000,San Miguel,San Miguel,Municipality,0603000000,0600000000,,5025
0603042000,San Rafael,San Rafael,Municipality,0603000000,0600000000,,5039
0603043000,Santa Barbara,Santa Barbara,Municipality,0603000000,0600000000,,5002
0603044000,Sara,Sara,Municipality,0603000000,0600000000,,5014
0603045000,Tigbauan,Tigbauan,Municipality,0603000000,0600000000,,5021
0603046000,Tubungan,Tubungan,Municipality,0603000000,0600000000,,5027
0603047000,Zarraga,Zarraga,Municipality,0603000000,0600000000,,5004
0607901000,Buenavista,Buenavista,Municipality,0607900000,0600000000,,5044
0607902000,Jordan,Jordan,Municipality,0607900000,0600000000,,5045
0607903000,Nueva Valencia,Nueva Valencia,Municipality,0607900000,0600000000,,5046
0607904000,San Lorenzo,San Lorenzo,Municipality,0607900000,0600000000,,5047
0607905000,Sibunag,Sibunag,Municipality,0607900000,0600000000,,5048
0631000000,Iloilo City,City of Iloilo,Highly Urbanized City,0603000000,0600000000,,5000
0701201000,Alburquerque,Alburquerque,Municipality,0701200000,0700000000,,6302
0701202000,Alicia,Alicia,Municipality,0701200000,0700000000,,6314
0701203000,Anda,Anda,Municipality,0701200000,0700000000,,6311
0701204000,Antequera,Antequera,Municipality,0701200000,0700000000,,6335
0701205000,Baclayon,Baclayon,Municipality,0701200000,0700000000,,6301
0701206000,Balilihan,Balilihan,Municipality,0701200000,0700000000,,6342
0701207000,Batuan,Batuan,Municipality,0701200000,0700000000,,6318
0701208000,Bilar,Bilar,Municipality,0701200000,0700000000,,6317
0701209000,Buenavista,Buenavista,Municipality,0701200000,0700000000,,6333
0701210000,Calape,Calape,Municipality,0701200000,0700000000,,6328
0701211000,Candijay,Candijay,Municipality,0701200000,0700000000,,6312
0701212000,Carmen,Carmen,Municipality,0701200000,0700000000,,6319
0701213000,Catigbian,Catigbian,Municipality,0701200000,0700000000,,6343
0701214000,Clarin,Clarin,Municipality,0701200000,0700000000,,6330
0701215000,Corella,Corella,Municipality,0701200000,0700000000,,6337
0701216000,Cortes,Cortes,Municipality,0701200000,0700000000,,6341
0701217000,Dagohoy,Dagohoy,Municipality,0701200000,0700000000,,6322
0701218000,Danao,Danao,Municipality,0701200000,0700000000,,6344
0701219000,Dauis,Dauis,Municipality,0701200000,0700000000,,6339
0701220000,Dimiao,Dimiao,Municipality,0701200000,0700000000,,6305
0701221000,Duero,Duero,Municipality,0701200000,0700000000,,6309
0701222000,Garcia Hernandez,Garcia Hernandez,Municipality,0701200000,0700000000,,6307
0701223000,Guindulman,Guindulman,Municipality,0701200000,0700000000,,6310
0701224000,Inabanga,Inabanga,Municipality,0701200000,0700000000,,6332
0701225000,Jagna,Jagna,Municipality,0701200000,0700000000,,6308
0701226000,Getafe,Getafe,Municipality,0701200000,0700000000,,6334
0701227000,Lila,Lila,Municipality,0701200000,0700000000,,6304
0701228000,Loay,Loay,Municipality,0701200000,0700000000,,6303
0701229000,Loboc,Loboc,Municipality,0701200000,0700000000,,6316
0701230000,Loon,Loon,Municipality,0701200000,0700000000,,6327
0701231000,Mabini,Mabini,Municipality,0701200000,0700000000,,6313
0701232000,Maribojoc,Maribojoc,Municipality,0701200000,0700000000,,6336
0701233000,Panglao,Panglao,Municipality,0701200000,0700000000,,6340
0701234000,Pilar,Pilar,Municipality,0701200000,0700000000,,6321
0701235000,President Carlos P. Garcia,President Carlos P. Garcia,Municipality,0701200000,0700000000,,6346
0701236000,Sagbayan,Sagbayan,Municipality,0701200000,0700000000,,6331
0701237000,San Isidro,San Isidro,Municipality,0701200000,0700000000,,6345
0701238000,San Miguel,San Miguel,Municipality,0701200000,0700000000,,6323
0701239000,Sevilla,Sevilla,Municipality,0701200000,0700000000,,6347
0701240000,Sierra Bullones,Sierra Bullones,Municipality,0701200000,0700000000,,6320
0701241000,Sikatuna,Sikatuna,Municipality,0701200000,0700000000,,6338
0701242000,Tagbilaran City,City of Tagbilaran,Component City,0701200000,0700000000,,6300
0701243000,Talibon,Talibon,Municipality,0701200000,0700000000,,6325
0701244000,Trinidad,Trinidad,Municipality,0701200000,0700000000,,6324
0701245000,Tubigon,Tubigon,Municipality,0701200000,0700000000,,6329
0701246000,Ubay,Ubay,Municipality,0701200000,0700000000,,6315
0701247000,Valencia,Valencia,Municipality,0701200000,0700000000,,6306
0701248000,Bien Unido,Bien Unido,Municipality,0701200000,0700000000,,6326
0702201000,Alcantara,Alcantara,Municipality,0702200000,0700000000,,6033
0702202000,Alcoy,Alcoy,Municipality,0702200000,0700000000,,2566
0702203000,Alegria,Alegria,Municipality,0702200000,0700000000,,6030
0702204000,Aloguinsan,Aloguinsan,Municipality,0702200000,0700000000,,6040
0702205000,Argao,Argao,Municipality,0702200000,0700000000,,6021
0702206000,Asturias,Asturias,Municipality,0702200000,0700000000,,6042
0702207000,Badian,Badian,Municipality,0702200000,0700000000,,6031
0702208000,Balamban,Balamban,Municipality,0702200000,0700000000,,6041
0702209000,Bantayan,Bantayan,Municipality,0702200000,0700000000,,6052
0702210000,Barili,Barili,Municipality,0702200000,0700000000,,6036
0702211000,Bogo City,City of Bogo,Component City,0702200000,0700000000,,6010
0702212000,Boljoon,Boljoon,Municipality,0702200000,0700000000,,6024
0702213000,Borbon,Borbon,Municipality,0702200000,0700000000,,6008
0702214000,Carcar City,City of Carcar,Component City,0702200000,0700000000,,6019
0702215000,Carmen,Carmen,Municipality,0702200000,0700000000,,6005
0702216000,Catmon,Catmon,Municipality,0702200000,0700000000,,6006
0702218000,Compostela,Compostela,Municipality,0702200000,0700000000,,6003
0702219000,Consolacion,Consolacion,Municipality,0702200000,0700000000,,6001
0702220000,Cordova,Cordova,Municipality,0702200000,0700000000,,6017
0702221000,Daanbantayan,Daanbantayan,Municipality,0702200000,0700000000,,6013
0702222000,Dalaguete,Dalaguete,Municipality,0702200000,0700000000,,6022
0702223000,Danao City,Danao City,Component City,0702200000,0700000000,,6004
0702224000,Dumanjug,Dumanjug,Municipality,0702200000,0700000000,,6035
0702225000,Ginatilan,Ginatilan,Municipality,0702200000,0700000000,,6028
0702227000,Liloan,Liloan,Municipality,0702200000,0700000000,,6002
0702228000,Madridejos,Madridejos,Municipality,0702200000,0700000000,,6053
0702229000,Malabuyoc,Malabuyoc,Municipality,0702200000,0700000000,,6029
0702231000,Medellin,Medellin,Municipality,0702200000,0700000000,,6012
0702232000,Minglanilla,Minglanilla,Municipality,0702200000,0700000000,,6046
0702233000,Moalboal,Moalboal,Municipality,0702200000,0700000000,,6032
0702234000,Naga City,City of Naga,Component City,0702200000,0700000000,,6037
0702235000,Oslob,Oslob,Municipality,0702200000,0700000000,,6025
0702236000,Pilar,Pilar,Municipality,0702200000,0700000000,,6048
0702237000,Pinamungajan,Pinamungajan,Municipality,0702200000,0700000000,,6039
0702238000,Poro,Poro,Municipality,0702200000,0700000000,,6049
0702239000,Ronda,Ronda,Municipality,0702200000,0700000000,,6034
0702240000,Samboan,Samboan,Municipality,0702200000,0700000000,,6027
0702241000,San Fernando,San Fernando,Municipality,0702200000,0700000000,,6018
0702242000,San Francisco,San Francisco,Municipality,0702200000,0700000000,,6050
0702243000,San Remigio,San Remigio,Municipality,0702200000,0700000000,,6011
0702244000,Santa Fe,Santa Fe,Municipality,0702200000,0700000000,,6047
0702245000,Santander,Santander,Municipality,0702200000,0700000000,,6026
0702246000,Sibonga,Sibonga,Municipality,0702200000,0700000000,,6020
0702247000,Sogod,Sogod,Municipality,0702200000,0700000000,,6007
0702248000,Tabogon,Tabogon,Municipality,0702200000,0700000000,,6009
0702249000,Tabuelan,Tabuelan,Municipality,0702200000,0700000000,,6044
0702250000,Talisay City,City of Talisay,Component City,0702200000,0700000000,,6045
0702251000,Toledo City,City of Toledo,Component City,0702200000,0700000000,,6038
0702252000,Tuburan,Tuburan,Municipality,0702200000,0700000000,,6043
0702253000,Tudela,Tudela,Municipality,0702200000,0700000000,,6051
0730600000,Cebu City,City of Cebu,Highly Urbanized City,0702200000,0700000000,,6000
0731100000,Lapu-Lapu City,City of Lapu-Lapu,Highly Urbanized City,0702200000,0700000000,,6015
0731300000,Mandaue City,City of Mandaue,Highly Urbanized City,0702200000,0700000000,,6014
0802601000,Arteche,Arteche,Municipality,0802600000,0800000000,,6822
0802602000,Balangiga,Balangiga,Municipality,0802600000,0800000000,,6812
0802603000,Balangkayan,Balangkayan,Municipality,0802600000,0800000000,,6801
0802604000,Borongan City,City of Borongan,Component City,0802600000,0800000000,,6800
0802605000,Can-Avid,Can-Avid,Municipality,0802600000,0800000000,,6806
0802606000,Dolores,Dolores,Municipality,0802600000,0800000000,,6817
0802607000,General Macarthur,General Macarthur,Municipality,0802600000,0800000000,,6805
0802608000,Giporlos,Giporlos,Municipality,0802600000,0800000000,,6811
0802609000,Guiuan,Guiuan,Municipality,0802600000,0800000000,,6809
0802610000,Hernani,Hernani,Municipality,0802600000,0800000000,,6804
0802611000,Jipapad,Jipapad,Municipality,0802600000,0800000000,,6819
0802612000,Lawaan,Lawaan,Municipality,0802600000,0800000000,,6813
0802613000,Llorente,Llorente,Municipality,0802600000,0800000000,,6803
0802614000,Maslog,Maslog,Municipality,0802600000,0800000000,,6820
0802615000,Maydolong,Maydolong,Municipality,0802600000,0800000000,,6802
0802616000,Mercedes,Mercedes,Municipality,0802600000,0800000000,,6808
0802617000,Oras,Oras,Municipality,0802600000,0800000000,,6818
0802618000,Quinapondan,Quinapondan,Municipality,0802600000,0800000000,,6810
0802619000,Salcedo,Salcedo,Municipality,0802600000,0800000000,,6807
0802620000,San Julian,San Julian,Municipality,0802600000,0800000000,,6814
0802621000,San Policarpo,San Policarpo,Municipality,0802600000,0800000000,,6821
0802622000,Sulat,Sulat,Municipality,0802600000,0800000000,,6815
0802623000,Taft,Taft,Municipality,0802600000,0800000000,,6816
0803701000,Abuyog,Abuyog,Municipality,0803700000,0800000000,,6510
0803702000,Alangalang,Alangalang,Municipality,0803700000,0800000000,,6517
0803703000,Albuera,Albuera,Municipality,0803700000,0800000000,,6542
0803705000,Babatngon,Babatngon,Municipality,0803700000,0800000000,,6520
0803706000,Barugo,Barugo,Municipality,0803700000,0800000000,,6519
0803707000,Bato,Bato,Municipality,0803700000,0800000000,,6525
0803708000,Baybay City,City of Baybay,Component City,0803700000,0800000000,,6521
0803710000,Burauen,Burauen,Municipality,0803700000,0800000000,,6516
0803713000,Calubian,Calubian,Municipality,0803700000,0800000000,,6534
0803714000,Capoocan,Capoocan,Municipality,0803700000,0800000000,,6530
0803715000,Carigara,Carigara,Municipality,0803700000,0800000000,,6529
0803717000,Dagami,Dagami,Municipality,0803700000,0800000000,,6515
0803718000,Dulag,Dulag,Municipality,0803700000,0800000000,,6505
0803719000,Hilongos,Hilongos,Municipality,0803700000,0800000000,,6524
0803720000,Hindang,Hindang,Municipality,0803700000,0800000000,,6523
0803721000,Inopacan,Inopacan,Municipality,0803700000,0800000000,,6522
0803722000,Isabel,Isabel,Municipality,0803700000,0800000000,,6539
0803723000,Jaro,Jaro,Municipality,0803700000,0800000000,,6527
0803724000,Javier,Javier,Municipality,0803700000,0800000000,,6511
0803725000,Julita,Julita,Municipality,0803700000,0800000000,,6506
0803726000,Kananga,Kananga,Municipality,0803700000,0800000000,,6531
0803728000,La Paz,La Paz,Municipality,0803700000,0800000000,,6508
0803729000,Leyte,Leyte,Municipality,0803700000,0800000000,,6533
0803730000,Macarthur,Macarthur,Municipality,0803700000,0800000000,,6509
0803731000,Mahaplag,Mahaplag,Municipality,0803700000,0800000000,,6512
0803733000,Matag-Ob,Matag-Ob,Municipality,0803700000,0800000000,,6532
0803734000,Matalom,Matalom,Municipality,0803700000,0800000000,,6526
0803735000,Mayorga,Mayorga,Municipality,0803700000,0800000000,,6507
0803736000,Merida,Merida,Municipality,0803700000,0800000000,,6540
0803738000,Ormoc City,Ormoc City,Independent Component City,0803700000,0800000000,,6541
0803739000,Palo,Palo,Municipality,0803700000,0800000000,,6501
0803740000,Palompon,Palompon,Municipality,0803700000,0800000000,,6538
0803741000,Pastrana,Pastrana,Municipality,0803700000,0800000000,,6514
0803742000,San Isidro,San Isidro,Municipality,0803700000,0800000000,,6535
0803743000,San Miguel,San Miguel,Municipality,0803700000,0800000000,,6518
0803744000,Santa Fe,Santa Fe,Municipality,0803700000,0800000000,,6513
0803745000,Tabango,Tabango,Municipality,0803700000,0800000000,,6536
0803746000,Tabontabon,Tabontabon,Municipality,0803700000,0800000000,,6504
0803748000,Tanauan,Tanauan,Municipality,0803700000,0800000000,,6502
0803749000,Tolosa,Tolosa,Municipality,0803700000,0800000000,,6503
0803750000,Tunga,Tunga,Municipality,0803700000,0800000000,,6528
0803751000,Villaba,Villaba,Municipality,0803700000,0800000000,,6537
0804801000,Allen,Allen,Municipality,0804800000,0800000000,,6405
0804802000,Biri,Biri,Municipality,0804800000,0800000000,,6410
0804803000,Bobon,Bobon,Municipality,0804800000,0800000000,,6401
0804804000,Capul,Capul,Municipality,0804800000,0800000000,,6408
0804805000,Catarman,Catarman,Municipality,0804800000,0800000000,,6400
0804806000,Catubig,Catubig,Municipality,0804800000,0800000000,,6418
0804807000,Gamay,Gamay,Municipality,0804800000,0800000000,,6422
0804808000,Laoang,Laoang,Municipality,0804800000,0800000000,,6411
0804809000,Lapinig,Lapinig,Municipality,0804800000,0800000000,,6423
0804810000,Las Navas,Las Navas,Municipality,0804800000,0800000000,,6420
0804811000,Lavezares,Lavezares,Municipality,0804800000,0800000000,,6404
0804812000,Mapanas,Mapanas,Municipality,0804800000,0800000000,,6412
0804813000,Mondragon,Mondragon,Municipality,0804800000,0800000000,,6417
0804814000,Palapag,Palapag,Municipality,0804800000,0800000000,,6421
0804815000,Pambujan,Pambujan,Municipality,0804800000,0800000000,,6413
0804816000,Rosario,Rosario,Municipality,0804800000,0800000000,,6416
0804817000,San Antonio,San Antonio,Municipality,0804800000,0800000000,,6407
0804818000,San Isidro,San Isidro,Municipality,0804800000,0800000000,,6409
0804819000,San Jose,San Jose,Municipality,0804800000,0800000000,,6402
0804820000,San Roque,San Roque,Municipality,0804800000,0800000000,,6415
0804821000,San Vicente,San Vicente,Municipality,0804800000,0800000000,,6419
0804822000,Silvino Lobos,Silvino Lobos,Municipality,0804800000,0800000000,,6414
0804823000,Victoria,Victoria,Municipality,0804800000,0800000000,,6406
0804824000,Lope De Vega,Lope De Vega,Municipality,0804800000,0800000000,,6403
0806001000,Almagro,Almagro,Municipality,0806000000,0800000000,,6724
0806002000,Basey,Basey,Municipality,0806000000,0800000000,,6720
0806003000,Calbayog City,City of Calbayog,Component City,0806000000,0800000000,,6710
0806004000,Calbiga,Calbiga,Municipality,0806000000,0800000000,,6715
0806005000,Catbalogan City,City of Catbalogan,Component City,0806000000,0800000000,,6700
0806006000,Daram,Daram,Municipality,0806000000,0800000000,,6722
0806007000,Gandara,Gandara,Municipality,0806000000,0800000000,,6706
0806008000,Hinabangan,Hinabangan,Municipality,0806000000,0800000000,,6713
0806009000,Jiabong,Jiabong,Municipality,0806000000,0800000000,,6701
0806010000,Marabut,Marabut,Municipality,0806000000,0800000000,,6721
0806011000,Matuguinao,Matuguinao,Municipality,0806000000,0800000000,,6708
0806012000,Motiong,Motiong,Municipality,0806000000,0800000000,,6702
0806013000,Pinabacdao,Pinabacdao,Municipality,0806000000,0800000000,,6716
0806014000,San Jose De Buan,San Jose De Buan,Municipality,0806000000,0800000000,,6723
0806015000,San Sebastian,San Sebastian,Municipality,0806000000,0800000000,,6714
0806016000,Santa Margarita,Santa Margarita,Municipality,0806000000,0800000000,,6709
0806017000,Santa Rita,Santa Rita,Municipality,0806000000,0800000000,,6718
0806018000,Santo Niño,Santo Niño,Municipality,0806000000,0800000000,,6711
0806019000,Talalora,Talalora,Municipality,0806000000,0800000000,,6719
0806020000,Tarangnan,Tarangnan,Municipality,0806000000,0800000000,,6704
0806021000,Villareal,Villareal,Municipality,0806000000,0800000000,,6717
0806022000,Paranas,Paranas,Municipality,0806000000,0800000000,,6703
0806023000,Zumarraga,Zumarraga,Municipality,0806000000,0800000000,,6725
0806024000,Tagapul-An,Tagapul-An,Municipality,0806000000,0800000000,,6712
0806025000,San Jorge,San Jorge,Municipality,0806000000,0800000000,,6707
0806026000,Pagsanghan,Pagsanghan,Municipality,0806000000,0800000000,,6705
0806401000,Anahawan,Anahawan,Municipality,0806400000,0800000000,,6610
0806402000,Bontoc,Bontoc,Municipality,0806400000,0800000000,,6604
0806403000,Hinunangan,Hinunangan,Municipality,0806400000,0800000000,,6608
0806404000,Hinundayan,Hinundayan,Municipality,0806400000,0800000000,,6609
0806405000,Libagon,Libagon,Municipality,0806400000,0800000000,,6615
0806406000,Liloan,Liloan,Municipality,0806400000,0800000000,,6612
0806407000,Maasin City,City of Maasin,Component City,0806400000,0800000000,,6600
0806408000,Macrohon,Macrohon,Municipality,0806400000,0800000000,,6601
0806409000,Malitbog,Malitbog,Municipality,0806400000,0800000000,,6603
0806410000,Padre Burgos,Padre Burgos,Municipality,0806400000,0800000000,,6602
0806411000,Pintuyan,Pintuyan,Municipality,0806400000,0800000000,,6614
0806412000,Saint Bernard,Saint Bernard,Municipality,0806400000,0800000000,,6616
0806413000,San Francisco,San Francisco,Municipality,0806400000,0800000000,,6613
0806414000,San Juan,San Juan,Municipality,0806400000,0800000000,,6611
0806415000,San Ricardo,San Ricardo,Municipality,0806400000,0800000000,,6617
0806416000,Silago,Silago,Municipality,0806400000,0800000000,,6607
0806417000,Sogod,Sogod,Municipality,0806400000,0800000000,,6606
0806418000,Tomas Oppus,Tomas Oppus,Municipality,0806400000,0800000000,,6605
0806419000,Limasawa,Limasawa,Municipality,0806400000,0800000000,,6618
0807801000,Almeria,Almeria,Municipality,0807800000,0800000000,,6544
0807802000,Biliran,Biliran,Municipality,0807800000,0800000000,,6549
0807803000,Cabucgayan,Cabucgayan,Municipality,0807800000,0800000000,,6550
0807804000,Caibiran,Caibiran,Municipality,0807800000,0800000000,,6548
0807805000,Culaba,Culaba,Municipality,0807800000,0800000000,,6547
0807806000,Kawayan,Kawayan,Municipality,0807800000,0800000000,,6545
0807807000,Maripipi,Maripipi,Municipality,0807800000,0800000000,,6546
0807808000,Naval,Naval,Municipality,0807800000,0800000000,,6543
0831600000,Tacloban City,City of Tacloban,Highly Urbanized City,0803700000,0800000000,,6500
0906601000,Indanan,Indanan,Municipality,0906600000,0900000000,,7407
0906602000,Jolo,Jolo,Municipality,0906600000,0900000000,,7400
0906603000,Kalingalan Caluang,Kalingalan Caluang,Municipality,0906600000,0900000000,,7416
0906604000,Luuk,Luuk,Municipality,0906600000,0900000000,,7404
0906605000,Maimbung,Maimbung,Municipality,0906600000,0900000000,,7409
0906606000,Hadji Panglima Tahil,Hadji Panglima Tahil,Municipality,0906600000,0900000000,,7413
0906607000,Old Panamao,Old Panamao,Municipality,0906600000,0900000000,,7402
0906608000,Pangutaran,Pangutaran,Municipality,0906600000,0900000000,,7414
0906609000,Parang,Parang,Municipality,0906600000,0900000000,,7408
0906610000,Pata,Pata,Municipality,0906600000,0900000000,,7405
0906611000,Patikul,Patikul,Municipality,0906600000,0900000000,,7401
0906612000,Siasi,Siasi,Municipality,0906600000,0900000000,,7412
0906613000,Talipao,Talipao,Municipality,0906600000,0900000000,,7403
0906614000,Tapul,Tapul,Municipality,0906600000,0900000000,,7410
0906615000,Tongkil,Tongkil,Municipality,0906600000,0900000000,,7406
0906616000,Panglima Estino,Panglima Estino,Municipality,0906600000,0900000000,,7415
0906617000,Lugus,Lugus,Municipality,0906600000,0900000000,,7411
0906618000,Pandami,Pandami,Municipality,0906600000,0900000000,,7418
0906619000,Omar,Omar,Municipality,0906600000,0900000000,,7417
0907201000,Dapitan City,City of Dapitan,Component City,0907200000,0900000000,,7101
0907202000,Dipolog City,City of Dipolog,Component City,0907200000,0900000000,,7100
0907203000,Katipunan,Katipunan,Municipality,0907200000,0900000000,,7109
0907204000,La Libertad,La Libertad,Municipality,0907200000,0900000000,,7119
0907205000,Labason,Labason,Municipality,0907200000,0900000000,,7117
0907206000,Liloy,Liloy,Municipality,0907200000,0900000000,,7115
0907207000,Manukan,Manukan,Municipality,0907200000,0900000000,,7110
0907208000,Mutia,Mutia,Municipality,0907200000,0900000000,,7107
0907209000,Piñan,Piñan,Municipality,0907200000,0900000000,,7105
0907210000,Polanco,Polanco,Municipality,0907200000,0900000000,,7106
0907211000,Pres. Manuel A. Roxas,Pres. Manuel A. Roxas,Municipality,0907200000,0900000000,,7102
0907212000,Rizal,Rizal,Municipality,0907200000,0900000000,,7104
0907213000,Salug,Salug,Municipality,0907200000,0900000000,,7114
0907214000,Sergio Osmeña Sr.,Sergio Osmeña Sr.,Municipality,0907200000,0900000000,,7108
0907215000,Siayan,Siayan,Municipality,0907200000,0900000000,,7113
0907216000,Sibuco,Sibuco,Municipality,0907200000,0900000000,,7122
0907217000,Sibutad,Sibutad,Municipality,0907200000,0900000000,,7103
0907218000,Sindangan,Sindangan,Municipality,0907200000,0900000000,,7112
0907219000,Siocon,Siocon,Municipality,0907200000,0900000000,,7120
0907220000,Sirawai,Sirawai,Municipality,0907200000,0900000000,,7121
0907221000,Tampilisan,Tampilisan,Municipality,0907200000,0900000000,,7116
0907222000,Jose Dalman,Jose Dalman,Municipality,0907200000,0900000000,,7111
0907223000,Gutalac,Gutalac,Municipality,0907200000,0900000000,,7118
0907224000,Baliguian,Baliguian,Municipality,0907200000,0900000000,,7123
0907225000,Godod,Godod,Municipality,0907200000,0900000000,,7126
0907226000,Leon T. Postigo,Leon T. Postigo,Municipality,0907200000,0900000000,,7125
0907227000,Kalawit,Kalawit,Municipality,0907200000,0900000000,,7124
0907302000,Aurora,Aurora,Municipality,0907300000,0900000000,,7020
0907303000,Bayog,Bayog,Municipality,0907300000,0900000000,,7011
0907305000,Dimataling,Dimataling,Municipality,0907300000,0900000000,,7032
0907306000,Dinas,Dinas,Municipality,0907300000,0900000000,,7030
0907307000,Dumalinao,Dumalinao,Municipality,0907300000,0900000000,,7015
0907308000,Dumingag,Dumingag,Municipality,0907300000,0900000000,,7028
0907311000,Kumalarang,Kumalarang,Municipality,0907300000,0900000000,,7013
0907312000,Labangan,Labangan,Municipality,0907300000,0900000000,,7017
0907313000,Lapuyan,Lapuyan,Municipality,0907300000,0900000000,,7037
0907315000,Mahayag,Mahayag,Municipality,0907300000,0900000000,,7026
0907317000,Margosatubig,Margosatubig,Municipality,0907300000,0900000000,,7035
0907318000,Midsalip,Midsalip,Municipality,0907300000,0900000000,,7021
0907319000,Molave,Molave,Municipality,0907300000,0900000000,,7023
0907322000,Pagadian City,City of Pagadian,Component City,0907300000,0900000000,,7016
0907323000,Ramon Magsaysay,Ramon Magsaysay,Municipality,0907300000,0900000000,,7024
0907324000,San Miguel,San Miguel,Municipality,0907300000,0900000000,,7029
0907325000,San Pablo,San Pablo,Municipality,0907300000,0900000000,,7031
0907327000,Tabina,Tabina,Municipality,0907300000,0900000000,,7034
0907328000,Tambulig,Tambulig,Municipality,0907300000,0900000000,,7025
0907330000,Tukuran,Tukuran,Municipality,0907300000,0900000000,,7019
0907333000,Lakewood,Lakewood,Municipality,0907300000,0900000000,,7014
0907337000,Josefina,Josefina,Municipality,0907300000,0900000000,,7027
0907338000,Pitogo,Pitogo,Municipality,0907300000,0900000000,,7033
0907340000,Sominot,Sominot,Municipality,0907300000,0900000000,,7022
0907341000,Vincenzo A. Sagun,Vincenzo A. Sagun,Municipality,0907300000,0900000000,,7036
0907343000,Guipos,Guipos,Municipality,0907300000,0900000000,,7042
0907344000,Tigbao,Tigbao,Municipality,0907300000,0900000000,,7043
0908301000,Alicia,Alicia,Municipality,0908300000,0900000000,,7040
0908302000,Buug,Buug,Municipality,0908300000,0900000000,,7009
0908303000,Diplahan,Diplahan,Municipality,0908300000,0900000000,,7039
0908304000,Imelda,Imelda,Municipality,0908300000,0900000000,,7007
0908305000,Ipil,Ipil,Municipality,0908300000,0900000000,,7001
0908306000,Kabasalan,Kabasalan,Municipality,0908300000,0900000000,,7005
0908307000,Mabuhay,Mabuhay,Municipality,0908300000,0900000000,,7010
0908308000,Malangas,Malangas,Municipality,0908300000,0900000000,,7038
0908309000,Naga,Naga,Municipality,0908300000,0900000000,,7004
0908310000,Olutanga,Olutanga,Municipality,0908300000,0900000000,,7041
0908311000,Payao,Payao,Municipality,0908300000,0900000000,,7008
0908312000,Roseller Lim,Roseller Lim,Municipality,0908300000,0900000000,,7002
0908313000,Siay,Siay,Municipality,0908300000,0900000000,,7006
0908314000,Talusan,Talusan,Municipality,0908300000,0900000000,,7012
0908315000,Titay,Titay,Municipality,0908300000,0900000000,,7003
0908316000,Tungawan,Tungawan,Municipality,0908300000,0900000000,,7018
0931700000,Zamboanga City,City of Zamboanga,Highly Urbanized City,0907300000,0900000000,,7000
0990101000,Isabela City,City of Isabela,Component City,1900700000,0900000000,,7300
1001301000,Baungon,Baungon,Municipality,1001300000,1000000000,,8707
1001302000,Damulog,Damulog,Municipality,1001300000,1000000000,,8721
1001303000,Dangcagan,Dangcagan,Municipality,1001300000,1000000000,,8719
1001304000,Don Carlos,Don Carlos,Municipality,1001300000,1000000000,,8712
1001305000,Impasug-ong,Impasug-ong,Municipality,1001300000,1000000000,,8702
1001306000,Kadingilan,Kadingilan,Municipality,1001300000,1000000000,,8713
1001307000,Kalilangan,Kalilangan,Municipality,1001300000,1000000000,,8718
1001308000,Kibawe,Kibawe,Municipality,1001300000,1000000000,,8720
1001309000,Kitaotao,Kitaotao,Municipality,1001300000,1000000000,,8716
1001310000,Lantapan,Lantapan,Municipality,1001300000,1000000000,,8722
1001311000,Libona,Libona,Municipality,1001300000,1000000000,,8706
1001312000,Malaybalay City,City of Malaybalay,Component City,1001300000,1000000000,,8700
1001313000,Malitbog,Malitbog,Municipality,1001300000,1000000000,,8704
1001314000,Manolo Fortich,Manolo Fortich,Municipality,1001300000,1000000000,,8703
1001315000,Maramag,Maramag,Municipality,1001300000,1000000000,,8714
1001316000,Pangantucan,Pangantucan,Municipality,1001300000,1000000000,,8717
1001317000,Quezon,Quezon,Municipality,1001300000,1000000000,,8715
1001318000,San Fernando,San Fernando,Municipality,1001300000,1000000000,,8711
1001319000,Sumilao,Sumilao,Municipality,1001300000,1000000000,,8701
1001320000,Talakag,Talakag,Municipality,1001300000,1000000000,,8708
1001321000,Valencia City,City of Valencia,Component City,1001300000,1000000000,,8709
1001322000,Cabanglasan,Cabanglasan,Municipality,1001300000,1000000000,,8723
1001801000,Catarman,Catarman,Municipality,1001800000,1000000000,,9104
1001802000,Guinsiliban,Guinsiliban,Municipality,1001800000,1000000000,,9102
1001803000,Mahinog,Mahinog,Municipality,1001800000,1000000000,,9101
1001804000,Mambajao,Mambajao,Municipality,1001800000,1000000000,,9100
1001805000,Sagay,Sagay,Municipality,1001800000,1000000000,,9103
1003501000,Bacolod,Bacolod,Municipality,1003500000,1000000000,,9205
1003502000,Baloi,Baloi,Municipality,1003500000,1000000000,,9217
1003503000,Baroy,Baroy,Municipality,1003500000,1000000000,,9210
1003505000,Kapatagan,Kapatagan,Municipality,1003500000,1000000000,,9214
1003506000,Sultan Naga Dimaporo,Sultan Naga Dimaporo,Municipality,1003500000,1000000000,,9215
1003507000,Kauswagan,Kauswagan,Municipality,1003500000,1000000000,,9202
1003508000,Kolambugan,Kolambugan,Municipality,1003500000,1000000000,,9207
1003509000,Lala,Lala,Municipality,1003500000,1000000000,,9211
1003510000,Linamon,Linamon,Municipality,1003500000,1000000000,,9201
1003511000,Magsaysay,Magsaysay,Municipality,1003500000,1000000000,,9221
1003512000,Maigo,Maigo,Municipality,1003500000,1000000000,,9206
1003513000,Matungao,Matungao,Municipality,1003500000,1000000000,,9203
1003514000,Munai,Munai,Municipality,1003500000,1000000000,,9219
1003515000,Nunungan,Nunungan,Municipality,1003500000,1000000000,,9216
1003516000,Pantao Ragat,Pantao Ragat,Municipality,1003500000,1000000000,,9208
1003517000,Poona Piagapo,Poona Piagapo,Municipality,1003500000,1000000000,,9204
1003518000,Salvador,Salvador,Municipality,1003500000,1000000000,,9212
1003519000,Sapad,Sapad,Municipality,1003500000,1000000000,,9213
1003520000,Tagoloan,Tagoloan,Municipality,1003500000,1000000000,,9222
1003521000,Tangcal,Tangcal,Municipality,1003500000,1000000000,,9220
1003522000,Tubod,Tubod,Municipality,1003500000,1000000000,,9209
1003523000,Pantar,Pantar,Municipality,1003500000,1000000000,,9218
1004201000,Aloran,Aloran,Municipality,1004200000,1000000000,,7206
1004202000,Baliangao,Baliangao,Municipality,1004200000,1000000000,,7211
1004203000,Bonifacio,Bonifacio,Municipality,1004200000,1000000000,,7215
1004204000,Calamba,Calamba,Municipality,1004200000,1000000000,,7210
1004205000,Clarin,Clarin,Municipality,1004200000,1000000000,,7201
1004206000,Concepcion,Concepcion,Municipality,1004200000,1000000000,,7213
1004207000,Jimenez,Jimenez,Municipality,1004200000,1000000000,,7204
1004208000,Lopez Jaena,Lopez Jaena,Municipality,1004200000,1000000000,,7208
1004209000,Oroquieta City,City of Oroquieta,Component City,1004200000,1000000000,,7207
1004210000,Ozamiz City,City of Ozamiz,Component City,1004200000,1000000000,,7200
1004211000,Panaon,Panaon,Municipality,1004200000,1000000000,,7205
1004212000,Plaridel,Plaridel,Municipality,1004200000,1000000000,,7209
1004213000,Sapang Dalaga,Sapang Dalaga,Municipality,1004200000,1000000000,,7212
1004214000,Sinacaban,Sinacaban,Municipality,1004200000,1000000000,,7203
1004215000,Tangub City,City of Tangub,Component City,1004200000,1000000000,,7214
1004216000,Tudela,Tudela,Municipality,1004200000,1000000000,,7202
1004217000,Don Victoriano,Don Victoriano,Municipality,1004200000,1000000000,,7216
1004301000,Alubijid,Alubijid,Municipality,1004300000,1000000000,,9018
1004302000,Balingasag,Balingasag,Municipality,1004300000,1000000000,,9005
1004303000,Balingoan,Balingoan,Municipality,1004300000,1000000000,,9011
1004304000,Binuangan,Binuangan,Municipality,1004300000,1000000000,,9008
1004306000,Claveria,Claveria,Municipality,1004300000,1000000000,,9004
1004307000,El Salvador City,City of El Salvador,Component City,1004300000,1000000000,,9017
1004308000,Gingoog City,City of Gingoog,Component City,1004300000,1000000000,,9014
1004309000,Gitagum,Gitagum,Municipality,1004300000,1000000000,,9020
1004310000,Initao,Initao,Municipality,1004300000,1000000000,,9022
1004311000,Jasaan,Jasaan,Municipality,1004300000,1000000000,,9003
1004312000,Kinoguitan,Kinoguitan,Municipality,1004300000,1000000000,,9010
1004313000,Lagonglong,Lagonglong,Municipality,1004300000,1000000000,,9006
1004314000,Laguindingan,Laguindingan,Municipality,1004300000,1000000000,,9019
1004315000,Libertad,Libertad,Municipality,1004300000,1000000000,,9021
1004316000,Lugait,Lugait,Municipality,1004300000,1000000000,,9025
1004317000,Magsaysay,Magsaysay,Municipality,1004300000,1000000000,,9015
1004318000,Manticao,Manticao,Municipality,1004300000,1000000000,,9024
1004319000,Medina,Medina,Municipality,1004300000,1000000000,,9013
1004320000,Naawan,Naawan,Municipality,1004300000,1000000000,,9023
1004321000,Opol,Opol,Municipality,1004300000,1000000000,,9016
1004322000,Salay,Salay,Municipality,1004300000,1000000000,,9007
1004323000,Sugbongcogon,Sugbongcogon,Municipality,1004300000,1000000000,,9009
1004324000,Tagoloan,Tagoloan,Municipality,1004300000,1000000000,,9001
1004325000,Talisayan,Talisayan,Municipality,1004300000,1000000000,,9012
1004326000,Villanueva,Villanueva,Municipality,1004300000,1000000000,,9002
1030500000,Cagayan De Oro City,City of Cagayan De Oro,Highly Urbanized City,1004300000,1000000000,,9000
1030900000,Iligan City,City of Iligan,Highly Urbanized City,1003500000,1000000000,,9200
1102301000,Asuncion,Asuncion,Municipality,1102300000,1100000000,,8102
1102303000,Carmen,Carmen,Municipality,1102300000,1100000000,,8101
1102305000,Kapalong,Kapalong,Municipality,1102300000,1100000000,,8113
1102314000,New Corella,New Corella,Municipality,1102300000,1100000000,,8104
1102315000,Panabo City,City of Panabo,Component City,1102300000,1100000000,,8105
1102317000,Island Garden City of Samal,Island Garden City of Samal,Component City,1102300000,1100000000,,8118
1102318000,Santo Tomas,Santo Tomas,Municipality,1102300000,1100000000,,8112
1102319000,Tagum City,City of Tagum,Component City,1102300000,1100000000,,8100
1102322000,Talaingod,Talaingod,Municipality,1102300000,1100000000,,8107
1102323000,Braulio E. Dujali,Braulio E. Dujali,Municipality,1102300000,1100000000,,8106
1102324000,Sawata,Sawata,Municipality,1102300000,1100000000,,8121
1102401000,Bansalan,Bansalan,Municipality,1102400000,1100000000,,8005
1102403000,Digos City,City of Digos,Component City,1102400000,1100000000,,8002
1102404000,Hagonoy,Hagonoy,Municipality,1102400000,1100000000,,8006
1102406000,Kiblawan,Kiblawan,Municipality,1102400000,1100000000,,8008
1102407000,Magsaysay,Magsaysay,Municipality,1102400000,1100000000,,8004
1102408000,Malalag,Malalag,Municipality,1102400000,1100000000,,8010
1102410000,Matanao,Matanao,Municipality,1102400000,1100000000,,8003
1102411000,Padada,Padada,Municipality,1102400000,1100000000,,8007
1102412000,Santa Cruz,Santa Cruz,Municipality,1102400000,1100000000,,8001
1102414000,Sulop,Sulop,Municipality,1102400000,1100000000,,8009
1102501000,Baganga,Baganga,Municipality,1102500000,1100000000,,8204
1102502000,Banaybanay,Banaybanay,Municipality,1102500000,1100000000,,8208
1102503000,Boston,Boston,Municipality,1102500000,1100000000,,8206
1102504000,Caraga,Caraga,Municipality,1102500000,1100000000,,8203
1102505000,Cateel,Cateel,Municipality,1102500000,1100000000,,8205
1102506000,Governor Generoso,Governor Generoso,Municipality,1102500000,1100000000,,8210
1102507000,Lupon,Lupon,Municipality,1102500000,1100000000,,8207
1102508000,Manay,Manay,Municipality,1102500000,1100000000,,8202
1102509000,Mati City,City of Mati,Component City,1102500000,1100000000,,8200
1102510000,San Isidro,San Isidro,Municipality,1102500000,1100000000,,8209
1102511000,Tarragona,Tarragona,Municipality,1102500000,1100000000,,8201
1108201000,Compostela,Compostela,Municipality,1108200000,1100000000,,8803
1108202000,Laak,Laak,Municipality,1108200000,1100000000,,8103
1108203000,Mabini,Mabini,Municipality,1108200000,1100000000,,8807
1108204000,Maco,Maco,Municipality,1108200000,1100000000,,8114
1108205000,Maragusan,Maragusan,Municipality,1108200000,1100000000,,8116
1108206000,Mawab,Mawab,Municipality,1108200000,1100000000,,8108
1108207000,Monkayo,Monkayo,Municipality,1108200000,1100000000,,8111
1108208000,Montevista,Montevista,Municipality,1108200000,1100000000,,8801
1108209000,Nabunturan,Nabunturan,Municipality,1108200000,1100000000,,8800
1108210000,New Bataan,New Bataan,Municipality,1108200000,1100000000,,8110
1108211000,Pantukan,Pantukan,Municipality,1108200000,1100000000,,8117
1108601000,Don Marcelino,Don Marcelino,Municipality,1108600000,1100000000,,8013
1108602000,Jose Abad Santos,Jose Abad Santos,Municipality,1108600000,1100000000,,8014
1108603000,Malita,Malita,Municipality,1108600000,1100000000,,8012
1108604000,Santa Maria,Santa Maria,Municipality,1108600000,1100000000,,8011
1108605000,Sarangani,Sarangani,Municipality,1108600000,1100000000,,8015
1130700000,Davao City,City of Davao,Highly Urbanized City,1102400000,1100000000,,8000
1204701000,Alamada,Alamada,Municipality,1204700000,1200000000,,9413
1204702000,Carmen,Carmen,Municipality,1204700000,1200000000,,9408
1204703000,Kabacan,Kabacan,Municipality,1204700000,1200000000,,9407
1204704000,Kidapawan City,City of Kidapawan,Component City,1204700000,1200000000,,9400
1204705000,Libungan,Libungan,Municipality,1204700000,1200000000,,9411
1204706000,Magpet,Magpet,Municipality,1204700000,1200000000,,9404
1204707000,Makilala,Makilala,Municipality,1204700000,1200000000,,9401
1204708000,Matalam,Matalam,Municipality,1204700000,1200000000,,9406
1204709000,Midsayap,Midsayap,Municipality,1204700000,1200000000,,9410
1204710000,M'Lang,M'Lang,Municipality,1204700000,1200000000,,9402
1204711000,Pigkawayan,Pigkawayan,Municipality,1204700000,1200000000,,9412
1204712000,Pikit,Pikit,Municipality,1204700000,1200000000,,9409
1204713000,President Roxas,President Roxas,Municipality,1204700000,1200000000,,9405
1204714000,Tulunan,Tulunan,Municipality,1204700000,1200000000,,9403
1204715000,Antipas,Antipas,Municipality,1204700000,1200000000,,9414
1204716000,Banisilan,Banisilan,Municipality,1204700000,1200000000,,9416
1204717000,Aleosan,Aleosan,Municipality,1204700000,1200000000,,9415
1204718000,Arakan,Arakan,Municipality,1204700000,1200000000,,9417
1206302000,Banga,Banga,Municipality,1206300000,1200000000,,9511
1206306000,Koronadal City,City of Koronadal,Component City,1206300000,1200000000,,9506
1206311000,Norala,Norala,Municipality,1206300000,1200000000,,9508
1206312000,Polomolok,Polomolok,Municipality,1206300000,1200000000,,9504
1206313000,Surallah,Surallah,Municipality,1206300000,1200000000,,9512
1206314000,Tampakan,Tampakan,Municipality,1206300000,1200000000,,9507
1206315000,Tantangan,Tantangan,Municipality,1206300000,1200000000,,9510
1206316000,T'Boli,T'Boli,Municipality,1206300000,1200000000,,9513
1206317000,Tupi,Tupi,Municipality,1206300000,1200000000,,9505
1206318000,Santo Niño,Santo Niño,Municipality,1206300000,1200000000,,9509
1206319000,Lake Sebu,Lake Sebu,Municipality,1206300000,1200000000,,9518
1206501000,Bagumbayan,Bagumbayan,Municipality,1206500000,1200000000,,9810
1206502000,Columbio,Columbio,Municipality,1206500000,1200000000,,9801
1206503000,Esperanza,Esperanza,Municipality,1206500000,1200000000,,9806
1206504000,Isulan,Isulan,Municipality,1206500000,1200000000,,9805
1206505000,Kalamansig,Kalamansig,Municipality,1206500000,1200000000,,9808
1206506000,Lebak,Lebak,Municipality,1206500000,1200000000,,9807
1206507000,Lutayan,Lutayan,Municipality,1206500000,1200000000,,9803
1206508000,Lambayong,Lambayong,Municipality,1206500000,1200000000,,9802
1206509000,Palimbang,Palimbang,Municipality,1206500000,1200000000,,9809
1206510000,President Quirino,President Quirino,Municipality,1206500000,1200000000,,9804
1206511000,Tacurong City,City of Tacurong,Component City,1206500000,1200000000,,9800
1206512000,Sen. Ninoy Aquino,Sen. Ninoy Aquino,Municipality,1206500000,1200000000,,9811
1208001000,Alabel,Alabel,Municipality,1208000000,1200000000,,9501
1208002000,Glan,Glan,Municipality,1208000000,1200000000,,9517
1208003000,Kiamba,Kiamba,Municipality,1208000000,1200000000,,9514
1208004000,Maasim,Maasim,Municipality,1208000000,1200000000,,9502
1208005000,Maitum,Maitum,Municipality,1208000000,1200000000,,9515
1208006000,Malapatan,Malapatan,Municipality,1208000000,1200000000,,9516
1208007000,Malungon,Malungon,Municipality,1208000000,1200000000,,9503
1230800000,General Santos City,City of General Santos,Highly Urbanized City,1206300000,1200000000,,9500
1380100000,Caloocan City,City of Caloocan,Highly Urbanized City,NCR,1300000000,Third District,1400
1380200000,Las Piñas City,City of Las Piñas,Highly Urbanized City,NCR,1300000000,Fourth District,1740
1380300000,Makati City,City of Makati,Highly Urbanized City,NCR,1300000000,Fourth District,1200
1380400000,Malabon City,City of Malabon,Highly Urbanized City,NCR,1300000000,Third District,1470
1380500000,Mandaluyong City,City of Mandaluyong,Highly Urbanized City,NCR,1300000000,Second District,1550
1380600000,Manila City,City of Manila,Highly Urbanized City,NCR,1300000000,First District (City of Manila),1000
1380700000,Marikina City,City of Marikina,Highly Urbanized City,NCR,1300000000,Second District,1800
1380800000,Muntinlupa City,City of Muntinlupa,Highly Urbanized City,NCR,1300000000,Fourth District,1770
1380900000,Navotas City,City of Navotas,Highly Urbanized City,NCR,1300000000,Third District,1485
1381000000,Parañaque City,City of Parañaque,Highly Urbanized City,NCR,1300000000,Fourth District,1700
1381100000,Pasay City,Pasay City,Highly Urbanized City,NCR,1300000000,Fourth District,1300
1381200000,Pasig City,City of Pasig,Highly Urbanized City,NCR,1300000000,Second District,1600
1381300000,Quezon City,Quezon City,Highly Urbanized City,NCR,1300000000,Second District,1100
1381400000,San Juan City,City of San Juan,Highly Urbanized City,NCR,1300000000,Second District,1500
1381500000,Taguig City,City of Taguig,Highly Urbanized City,NCR,1300000000,Fourth District,1630
1381600000,Valenzuela City,City of Valenzuela,Highly Urbanized City,NCR,1300000000,Third District,1440
1381701000,Pateros,Pateros,Municipality,NCR,1300000000,Fourth District,1620
1400101000,Bangued,Bangued,Municipality,1400100000,1400000000,,2800
1400102000,Boliney,Boliney,Municipality,1400100000,1400000000,,2815
1400103000,Bucay,Bucay,Municipality,1400100000,1400000000,,2805
1400104000,Bucloc,Bucloc,Municipality,1400100000,1400000000,,2817
1400105000,Daguioman,Daguioman,Municipality,1400100000,1400000000,,2816
1400106000,Danglas,Danglas,Municipality,1400100000,1400000000,,2825
1400107000,Dolores,Dolores,Municipality,1400100000,1400000000,,2801
1400108000,La Paz,La Paz,Municipality,1400100000,1400000000,,2826
1400109000,Lacub,Lacub,Municipality,1400100000,1400000000,,2821
1400110000,Lagangilang,Lagangilang,Municipality,1400100000,1400000000,,2802
1400111000,Lagayan,Lagayan,Municipality,1400100000,1400000000,,2824
1400112000,Langiden,Langiden,Municipality,1400100000,1400000000,,2807
1400113000,Licuan-Baay,Licuan-Baay,Municipality,1400100000,1400000000,,2819
1400114000,Luba,Luba,Municipality,1400100000,1400000000,,2813
1400115000,Malibcong,Malibcong,Municipality,1400100000,1400000000,,2820
1400116000,Manabo,Manabo,Municipality,1400100000,1400000000,,2810
1400117000,Peñarrubia,Peñarrubia,Municipality,1400100000,1400000000,,2804
1400118000,Pidigan,Pidigan,Municipality,1400100000,1400000000,,2806
1400119000,Pilar,Pilar,Municipality,1400100000,1400000000,,2812
1400120000,Sallapadan,Sallapadan,Municipality,1400100000,1400000000,,2818
1400121000,San Isidro,San Isidro,Municipality,1400100000,1400000000,,2809
1400122000,San Juan,San Juan,Municipality,1400100000,1400000000,,2823
1400123000,San Quintin,San Quintin,Municipality,1400100000,1400000000,,2808
1400124000,Tayum,Tayum,Municipality,1400100000,1400000000,,2803
1400125000,Tineg,Tineg,Municipality,1400100000,1400000000,,2822
1400126000,Tubo,Tubo,Municipality,1400100000,1400000000,,2814
1400127000,Villaviciosa,Villaviciosa,Municipality,1400100000,1400000000,,2811
1401101000,Atok,Atok,Municipality,1401100000,1400000000,,2612
1401103000,Bakun,Bakun,Municipality,1401100000,1400000000,,2610
1401104000,Bokod,Bokod,Municipality,1401100000,1400000000,,2605
1401105000,Buguias,Buguias,Municipality,1401100000,1400000000,,2607
1401106000,Itogon,Itogon,Municipality,1401100000,1400000000,,2604
1401107000,Kabayan,Kabayan,Municipality,1401100000,1400000000,,2606
1401108000,Kapangan,Kapangan,Municipality,1401100000,1400000000,,2613
1401109000,Kibungan,Kibungan,Municipality,1401100000,1400000000,,2611
1401110000,La Trinidad,La Trinidad,Municipality,1401100000,1400000000,,2601
1401111000,Mankayan,Mankayan,Municipality,1401100000,1400000000,,2608
1401112000,Sablan,Sablan,Municipality,1401100000,1400000000,,2614
1401113000,Tuba,Tuba,Municipality,1401100000,1400000000,,2603
1401114000,Tublay,Tublay,Municipality,1401100000,1400000000,,2615
1402701000,Banaue,Banaue,Municipality,1402700000,1400000000,,3601
1402702000,Hungduan,Hungduan,Municipality,1402700000,1400000000,,3603
1402703000,Kiangan,Kiangan,Municipality,1402700000,1400000000,,3604
1402704000,Lagawe,Lagawe,Municipality,1402700000,1400000000,,3600
1402705000,Lamut,Lamut,Municipality,1402700000,1400000000,,3605
1402706000,Mayoyao,Mayoyao,Municipality,1402700000,1400000000,,3602
1402707000,Alfonso Lista,Alfonso Lista,Municipality,1402700000,1400000000,,3608
1402708000,Aguinaldo,Aguinaldo,Municipality,1402700000,1400000000,,3606
1402709000,Hingyon,Hingyon,Municipality,1402700000,1400000000,,3607
1402710000,Tinoc,Tinoc,Municipality,1402700000,1400000000,,3609
1402711000,Asipulo,Asipulo,Municipality,1402700000,1400000000,,3610
1403201000,Balbalan,Balbalan,Municipality,1403200000,1400000000,,3801
1403206000,Lubuagan,Lubuagan,Municipality,1403200000,1400000000,,3802
1403208000,Pasil,Pasil,Municipality,1403200000,1400000000,,3803
1403209000,Pinukpuk,Pinukpuk,Municipality,1403200000,1400000000,,3806
1403211000,Rizal,Rizal,Municipality,1403200000,1400000000,,3808
1403213000,Tabuk City,City of Tabuk,Component City,1403200000,1400000000,,3800
1403214000,Tanudan,Tanudan,Municipality,1403200000,1400000000,,3805
1403215000,Tinglayan,Tinglayan,Municipality,1403200000,1400000000,,3804
1404401000,Barlig,Barlig,Municipality,1404400000,1400000000,,2623
1404402000,Bauko,Bauko,Municipality,1404400000,1400000000,,2621
1404403000,Besao,Besao,Municipality,1404400000,1400000000,,2618
1404404000,Bontoc,Bontoc,Municipality,1404400000,1400000000,,2616
1404405000,Natonin,Natonin,Municipality,1404400000,1400000000,,2624
1404406000,Paracelis,Paracelis,Municipality,1404400000,1400000000,,2625
1404407000,Sabangan,Sabangan,Municipality,1404400000,1400000000,,2622
1404408000,Sadanga,Sadanga,Municipality,1404400000,1400000000,,2617
1404409000,Sagada,Sagada,Municipality,1404400000,1400000000,,2619
1404410000,Tadian,Tadian,Municipality,1404400000,1400000000,,2620
1408101000,Calanasan,Calanasan,Municipality,1408100000,1400000000,,3814
1408102000,Conner,Conner,Municipality,1408100000,1400000000,,3807
1408103000,Flora,Flora,Municipality,1408100000,1400000000,,3810
1408104000,Kabugao,Kabugao,Municipality,1408100000,1400000000,,3809
1408105000,Luna,Luna,Municipality,1408100000,1400000000,,3813
1408106000,Pudtol,Pudtol,Municipality,1408100000,1400000000,,3812
1408107000,Santa Marcela,Santa Marcela,Municipality,1408100000,1400000000,,3811
1430300000,Baguio City,City of Baguio,Highly Urbanized City,1401100000,1400000000,,2600
1600201000,Buenavista,Buenavista,Municipality,1600200000,1600000000,,8601
1600203000,Cabadbaran City,City of Cabadbaran,Component City,1600200000,1600000000,,8605
1600204000,Carmen,Carmen,Municipality,1600200000,1600000000,,8603
1600205000,Jabonga,Jabonga,Municipality,1600200000,1600000000,,8607
1600206000,Kitcharao,Kitcharao,Municipality,1600200000,1600000000,,8609
1600207000,Las Nieves,Las Nieves,Municipality,1600200000,1600000000,,8610
1600208000,Magallanes,Magallanes,Municipality,1600200000,1600000000,,8604
1600209000,Nasipit,Nasipit,Municipality,1600200000,1600000000,,8602
1600210000,Santiago,Santiago,Municipality,1600200000,1600000000,,8608
1600211000,Tubay,Tubay,Municipality,1600200000,1600000000,,8606
1600212000,Remedios T. Romualdez,Remedios T. Romualdez,Municipality,1600200000,1600000000,,8611
1600301000,Bayugan City,City of Bayugan,Component City,1600300000,1600000000,,8502
1600302000,Bunawan,Bunawan,Municipality,1600300000,1600000000,,8506
1600303000,Esperanza,Esperanza,Municipality,1600300000,1600000000,,8513
1600304000,La Paz,La Paz,Municipality,1600300000,1600000000,,8508
1600305000,Loreto,Loreto,Municipality,1600300000,1600000000,,8507
1600306000,Prosperidad,Prosperidad,Municipality,1600300000,1600000000,,8500
1600307000,Rosario,Rosario,Municipality,1600300000,1600000000,,8504
1600308000,San Francisco,San Francisco,Municipality,1600300000,1600000000,,8501
1600309000,San Luis,San Luis,Municipality,1600300000,1600000000,,8511
1600310000,Santa Josefa,Santa Josefa,Municipality,1600300000,1600000000,,8512
1600311000,Talacogon,Talacogon,Municipality,1600300000,1600000000,,8510
1600312000,Trento,Trento,Municipality,1600300000,1600000000,,8505
1600313000,Veruela,Veruela,Municipality,1600300000,1600000000,,8509
1600314000,Sibagat,Sibagat,Municipality,1600300000,1600000000,,8503
1606701000,Alegria,Alegria,Municipality,1606700000,1600000000,,8425
1606702000,Bacuag,Bacuag,Municipality,1606700000,1600000000,,8408
1606704000,Burgos,Burgos,Municipality,1606700000,1600000000,,8424
1606706000,Claver,Claver,Municipality,1606700000,1600000000,,8410
1606707000,Dapa,Dapa,Municipality,1606700000,1600000000,,8417
1606708000,Del Carmen,Del Carmen,Municipality,1606700000,1600000000,,8418
1606710000,General Luna,General Luna,Municipality,1606700000,1600000000,,8419
1606711000,Gigaquit,Gigaquit,Municipality,1606700000,1600000000,,8409
1606714000,Mainit,Mainit,Municipality,1606700000,1600000000,,8407
1606715000,Malimono,Malimono,Municipality,1606700000,1600000000,,8402
1606716000,Pilar,Pilar,Municipality,1606700000,1600000000,,8420
1606717000,Placer,Placer,Municipality,1606700000,1600000000,,8405
1606718000,San Benito,San Benito,Municipality,1606700000,1600000000,,8423
1606719000,San Francisco,San Francisco,Municipality,1606700000,1600000000,,8401
1606720000,San Isidro,San Isidro,Municipality,1606700000,1600000000,,8421
1606721000,Santa Monica,Santa Monica,Municipality,1606700000,1600000000,,8422
1606722000,Sison,Sison,Municipality,1606700000,1600000000,,8404
1606723000,Socorro,Socorro,Municipality,1606700000,1600000000,,8416
1606724000,Surigao City,City of Surigao,Component City,1606700000,1600000000,,8400
1606725000,Tagana-An,Tagana-An,Municipality,1606700000,1600000000,,8403
1606727000,Tubod,Tubod,Municipality,1606700000,1600000000,,8406
1606801000,Barobo,Barobo,Municipality,1606800000,1600000000,,8309
1606802000,Bayabas,Bayabas,Municipality,1606800000,1600000000,,8303
1606803000,Bislig City,City of Bislig,Component City,1606800000,1600000000,,8311
1606804000,Cagwait,Cagwait,Municipality,1606800000,1600000000,,8304
1606805000,Cantilan,Cantilan,Municipality,1606800000,1600000000,,8317
1606806000,Carmen,Carmen,Municipality,1606800000,1600000000,,8315
1606807000,Carrascal,Carrascal,Municipality,1606800000,1600000000,,8318
1606808000,Cortes,Cortes,Municipality,1606800000,1600000000,,8313
1606809000,Hinatuan,Hinatuan,Municipality,1606800000,1600000000,,8310
1606810000,Lanuza,Lanuza,Municipality,1606800000,1600000000,,8314
1606811000,Lianga,Lianga,Municipality,1606800000,1600000000,,8307
1606812000,Lingig,Lingig,Municipality,1606800000,1600000000,,8312
1606813000,Madrid,Madrid,Municipality,1606800000,1600000000,,8316
1606814000,Marihatag,Marihatag,Municipality,1606800000,1600000000,,8306
1606815000,San Agustin,San Agustin,Municipality,1606800000,1600000000,,8305
1606816000,San Miguel,San Miguel,Municipality,1606800000,1600000000,,8301
1606817000,Tagbina,Tagbina,Municipality,1606800000,1600000000,,8308
1606818000,Tago,Tago,Municipality,1606800000,1600000000,,8302
1606819000,Tandag City,City of Tandag,Component City,1606800000,1600000000,,8300
1608501000,Basilisa,Basilisa,Municipality,1608500000,1600000000,,8413
1608502000,Cagdianao,Cagdianao,Municipality,1608500000,1600000000,,8411
1608503000,Dinagat,Dinagat,Municipality,1608500000,1600000000,,8412
1608504000,Libjo,Libjo,Municipality,1608500000,1600000000,,8414
1608505000,Loreto,Loreto,Municipality,1608500000,1600000000,,8415
1608506000,San Jose,San Jose,Municipality,1608500000,1600000000,,8427
1608507000,Tubajon,Tubajon,Municipality,1608500000,1600000000,,8426
1630400000,Butuan City,City of Butuan,Highly Urbanized City,1600200000,1600000000,,8600
1704001000,Boac,Boac,Municipality,1704000000,1700000000,,4900
1704002000,Buenavista,Buenavista,Municipality,1704000000,1700000000,,4904
1704003000,Gasan,Gasan,Municipality,1704000000,1700000000,,4905
1704004000,Mogpog,Mogpog,Municipality,1704000000,1700000000,,4901
1704005000,Santa Cruz,Santa Cruz,Municipality,1704000000,1700000000,,4902
1704006000,Torrijos,Torrijos,Municipality,1704000000,1700000000,,4903
1705101000,Abra De Ilog,Abra De Ilog,Municipality,1705100000,1700000000,,5108
1705102000,Calintaan,Calintaan,Municipality,1705100000,1700000000,,5102
1705103000,Looc,Looc,Municipality,1705100000,1700000000,,5111
1705104000,Lubang,Lubang,Municipality,1705100000,1700000000,,5109
1705105000,Magsaysay,Magsaysay,Municipality,1705100000,1700000000,,5101
1705106000,Mamburao,Mamburao,Municipality,1705100000,1700000000,,5106
1705107000,Paluan,Paluan,Municipality,1705100000,1700000000,,5107
1705108000,Rizal,Rizal,Municipality,1705100000,1700000000,,5103
1705109000,Sablayan,Sablayan,Municipality,1705100000,1700000000,,5104
1705110000,San Jose,San Jose,Municipality,1705100000,1700000000,,5100
1705111000,Santa Cruz,Santa Cruz,Municipality,1705100000,1700000000,,5105
1705201000,Baco,Baco,Municipality,1705200000,1700000000,,5201
1705202000,Bansud,Bansud,Municipality,1705200000,1700000000,,5210
1705203000,Bongabong,Bongabong,Municipality,1705200000,1700000000,,5211
1705204000,Bulalacao,Bulalacao,Municipality,1705200000,1700000000,,5214
1705205000,Calapan City,City of Calapan,Component City,1705200000,1700000000,,5200
1705206000,Gloria,Gloria,Municipality,1705200000,1700000000,,5209
1705207000,Mansalay,Mansalay,Municipality,1705200000,1700000000,,5213
1705208000,Naujan,Naujan,Municipality,1705200000,1700000000,,5204
1705209000,Pinamalayan,Pinamalayan,Municipality,1705200000,1700000000,,5208
1705210000,Pola,Pola,Municipality,1705200000,1700000000,,5206
1705211000,Puerto Galera,Puerto Galera,Municipality,1705200000,1700000000,,5203
1705212000,Roxas,Roxas,Municipality,1705200000,1700000000,,5212
1705213000,San Teodoro,San Teodoro,Municipality,1705200000,1700000000,,5202
1705214000,Socorro,Socorro,Municipality,1705200000,1700000000,,5207
1705215000,Victoria,Victoria,Municipality,1705200000,1700000000,,5205
1705301000,Aborlan,Aborlan,Municipality,1705300000,1700000000,,5302
1705302000,Agutaya,Agutaya,Municipality,1705300000,1700000000,,5320
1705303000,Araceli,Araceli,Municipality,1705300000,1700000000,,5311
1705304000,Balabac,Balabac,Municipality,1705300000,1700000000,,5307
1705305000,Bataraza,Bataraza,Municipality,1705300000,1700000000,,5306
1705306000,Brooke's Point,Brooke's Point,Municipality,1705300000,1700000000,,5305
1705307000,Busuanga,Busuanga,Municipality,1705300000,1700000000,,5317
1705308000,Cagayancillo,Cagayancillo,Municipality,1705300000,1700000000,,5321
1705309000,Coron,Coron,Municipality,1705300000,1700000000,,5316
1705310000,Cuyo,Cuyo,Municipality,1705300000,1700000000,,5318
1705311000,Dumaran,Dumaran,Municipality,1705300000,1700000000,,5310
1705312000,El Nido,El Nido,Municipality,1705300000,1700000000,,5313
1705313000,Linapacan,Linapacan,Municipality,1705300000,1700000000,,5314
1705314000,Magsaysay,Magsaysay,Municipality,1705300000,1700000000,,5319
1705315000,Narra,Narra,Municipality,1705300000,1700000000,,5303
1705317000,Quezon,Quezon,Municipality,1705300000,1700000000,,5304
1705318000,Roxas,Roxas,Municipality,1705300000,1700000000,,5308
1705319000,San Vicente,San Vicente,Municipality,1705300000,1700000000,,5309
1705320000,Taytay,Taytay,Municipality,1705300000,1700000000,,5312
1705321000,Kalayaan,Kalayaan,Municipality,1705300000,1700000000,,5322
1705322000,Culion,Culion,Municipality,1705300000,1700000000,,5315
1705323000,Dr. Jose P. Rizal,Dr. Jose P. Rizal,Municipality,1705300000,1700000000,,5323
1705324000,Sofronio Española,Sofronio Española,Municipality,1705300000,1700000000,,5324
1705901000,Alcantara,Alcantara,Municipality,1705900000,1700000000,,5509
1705902000,Banton,Banton,Municipality,1705900000,1700000000,,5515
1705903000,Cajidiocan,Cajidiocan,Municipality,1705900000,1700000000,,5512
1705904000,Calatrava,Calatrava,Municipality,1705900000,1700000000,,5503
1705905000,Concepcion,Concepcion,Municipality,1705900000,1700000000,,5516
1705906000,Corcuera,Corcuera,Municipality,1705900000,1700000000,,5514
1705907000,Looc,Looc,Municipality,1705900000,1700000000,,5507
1705908000,Magdiwang,Magdiwang,Municipality,1705900000,1700000000,,5511
1705909000,Odiongan,Odiongan,Municipality,1705900000,1700000000,,5505
1705910000,Romblon,Romblon,Municipality,1705900000,1700000000,,5500
1705911000,San Agustin,San Agustin,Municipality,1705900000,1700000000,,5501
1705912000,San Andres,San Andres,Municipality,1705900000,1700000000,,5504
1705913000,San Fernando,San Fernando,Municipality,1705900000,1700000000,,5513
1705914000,San Jose,San Jose,Municipality,1705900000,1700000000,,5510
1705915000,Santa Fe,Santa Fe,Municipality,1705900000,1700000000,,5508
1705916000,Ferrol,Ferrol,Municipality,1705900000,1700000000,,5506
1705917000,Santa Maria,Santa Maria,Municipality,1705900000,1700000000,,5502
1731500000,Puerto Princesa City,City of Puerto Princesa,Highly Urbanized City,1705300000,1700000000,,5300
1804502000,Bago City,City of Bago,Component City,1804500000,1800000000,,6101
1804503000,Binalbagan,Binalbagan,Municipality,1804500000,1800000000,,6107
1804504000,Cadiz City,City of Cadiz,Component City,1804500000,1800000000,,6121
1804505000,Calatrava,Calatrava,Municipality,1804500000,1800000000,,6126
1804506000,Candoni,Candoni,Municipality,1804500000,1800000000,,6110
1804507000,Cauayan,Cauayan,Municipality,1804500000,1800000000,,6112
1804508000,Enrique B. Magalona,Enrique B. Magalona,Municipality,1804500000,1800000000,,6118
1804509000,Escalante City,City of Escalante,Component City,1804500000,1800000000,,6124
1804510000,Himamaylan City,City of Himamaylan,Component City,1804500000,1800000000,,6108
1804511000,Hinigaran,Hinigaran,Municipality,1804500000,1800000000,,6106
1804512000,Hinoba-an,Hinoba-an,Municipality,1804500000,1800000000,,6114
1804513000,Ilog,Ilog,Municipality,1804500000,1800000000,,6109
1804514000,Isabela,Isabela,Municipality,1804500000,1800000000,,6128
1804515000,Kabankalan City,City of Kabankalan,Component City,1804500000,1800000000,,6111
1804516000,La Carlota City,City of La Carlota,Component City,1804500000,1800000000,,6130
1804517000,La Castellana,La Castellana,Municipality,1804500000,1800000000,,6131
1804518000,Manapla,Manapla,Municipality,1804500000,1800000000,,6120
1804519000,Moises Padilla,Moises Padilla,Municipality,1804500000,1800000000,,6132
1804520000,Murcia,Murcia,Municipality,1804500000,1800000000,,6129
1804521000,Pontevedra,Pontevedra,Municipality,1804500000,1800000000,,6105
1804522000,Pulupandan,Pulupandan,Municipality,1804500000,1800000000,,6102
1804523000,Sagay City,City of Sagay,Component City,1804500000,1800000000,,6122
1804524000,San Carlos City,City of San Carlos,Component City,1804500000,1800000000,,6127
1804525000,San Enrique,San Enrique,Municipality,1804500000,1800000000,,6104
1804526000,Silay City,City of Silay,Component City,1804500000,1800000000,,6116
1804527000,Sipalay City,City of Sipalay,Component City,1804500000,1800000000,,6113
1804528000,Talisay City,City of Talisay,Component City,1804500000,1800000000,,6115
1804529000,Toboso,Toboso,Municipality,1804500000,1800000000,,6125
1804530000,Valladolid,Valladolid,Municipality,1804500000,1800000000,,6103
1804531000,Victorias City,City of Victorias,Component City,1804500000,1800000000,,6119
1804532000,Salvador Benedicto,Salvador Benedicto,Municipality,1804500000,1800000000,,6133
1804601000,Amlan,Amlan,Municipality,1804600000,1800000000,,6203
1804602000,Ayungon,Ayungon,Municipality,1804600000,1800000000,,6210
1804603000,Bacong,Bacong,Municipality,1804600000,1800000000,,6216
1804604000,Bais City,City of Bais,Component City,1804600000,1800000000,,6206
1804605000,Basay,Basay,Municipality,1804600000,1800000000,,6222
1804606000,Bayawan City,City of Bayawan,Component City,1804600000,1800000000,,6221
1804607000,Bindoy,Bindoy,Municipality,1804600000,1800000000,,6209
1804608000,Canlaon City,City of Canlaon,Component City,1804600000,1800000000,,6223
1804609000,Dauin,Dauin,Municipality,1804600000,1800000000,,6217
1804610000,Dumaguete City,City of Dumaguete,Component City,1804600000,1800000000,,6200
1804611000,Guihulngan City,City of Guihulngan,Component City,1804600000,1800000000,,6214
1804612000,Jimalalud,Jimalalud,Municipality,1804600000,1800000000,,6212
1804613000,La Libertad,La Libertad,Municipality,1804600000,1800000000,,6213
1804614000,Mabinay,Mabinay,Municipality,1804600000,1800000000,,6207
1804615000,Manjuyod,Manjuyod,Municipality,1804600000,1800000000,,6208
1804616000,Pamplona,Pamplona,Municipality,1804600000,1800000000,,6205
1804617000,San Jose,San Jose,Municipality,1804600000,1800000000,,6202
1804618000,Santa Catalina,Santa Catalina,Municipality,1804600000,1800000000,,6220
1804619000,Siaton,Siaton,Municipality,1804600000,1800000000,,6219
1804620000,Sibulan,Sibulan,Municipality,1804600000,1800000000,,6201
1804621000,Tanjay City,City of Tanjay,Component City,1804600000,1800000000,,6204
1804622000,Tayasan,Tayasan,Municipality,1804600000,1800000000,,6211
1804623000,Valencia,Valencia,Municipality,1804600000,1800000000,,6215
1804624000,Vallehermoso,Vallehermoso,Municipality,1804600000,1800000000,,6224
1804625000,Zamboanguita,Zamboanguita,Municipality,1804600000,1800000000,,6218
1806101000,Enrique Villanueva,Enrique Villanueva,Municipality,1806100000,1800000000,,6230
1806102000,Larena,Larena,Municipality,1806100000,1800000000,,6226
1806103000,Lazi,Lazi,Municipality,1806100000,1800000000,,6228
1806104000,Maria,Maria,Municipality,1806100000,1800000000,,6229
1806105000,San Juan,San Juan,Municipality,1806100000,1800000000,,6227
1806106000,Siquijor,Siquijor,Municipality,1806100000,1800000000,,6225
1830200000,Bacolod City,City of Bacolod,Highly Urbanized City,1804500000,1800000000,,6100
1900702000,Lamitan City,City of Lamitan,Component City,1900700000,1900000000,,7302
1900703000,Lantawan,Lantawan,Municipality,1900700000,1900000000,,7301
1900704000,Maluso,Maluso,Municipality,1900700000,1900000000,,7303
1900705000,Sumisip,Sumisip,Municipality,1900700000,1900000000,,7305
1900706000,Tipo-Tipo,Tipo-Tipo,Municipality,1900700000,1900000000,,7304
1900707000,Tuburan,Tuburan,Municipality,1900700000,1900000000,,7306
1900708000,Akbar,Akbar,Municipality,1900700000,1900000000,,7307
1900709000,Al-Barka,Al-Barka,Municipality,1900700000,1900000000,,7308
1900710000,Hadji Mohammad Ajul,Hadji Mohammad Ajul,Municipality,1900700000,1900000000,,7309
1900711000,Ungkaya Pukan,Ungkaya Pukan,Municipality,1900700000,1900000000,,7311
1900712000,Hadji Muhtamad,Hadji Muhtamad,Municipality,1900700000,1900000000,,7310
1900713000,Tabuan-Lasa,Tabuan-Lasa,Municipality,1900700000,1900000000,,7312
1903601000,Bacolod-Kalawi,Bacolod-Kalawi,Municipality,1903600000,1900000000,,9316
1903602000,Balabagan,Balabagan,Municipality,1903600000,1900000000,,9302
1903603000,Balindong,Balindong,Municipality,1903600000,1900000000,,9318
1903604000,Bayang,Bayang,Municipality,1903600000,1900000000,,9309
1903605000,Binidayan,Binidayan,Municipality,1903600000,1900000000,,9310
1903606000,Bubong,Bubong,Municipality,1903600000,1900000000,,9708
1903607000,Butig,Butig,Municipality,1903600000,1900000000,,9305
1903609000,Ganassi,Ganassi,Municipality,1903600000,1900000000,,9311
1903610000,Kapai,Kapai,Municipality,1903600000,1900000000,,9709
1903611000,Lumba-Bayabao,Lumba-Bayabao,Municipality,1903600000,1900000000,,9703
1903612000,Lumbatan,Lumbatan,Municipality,1903600000,1900000000,,9307
1903613000,Madalum,Madalum,Municipality,1903600000,1900000000,,9315
1903614000,Madamba,Madamba,Municipality,1903600000,1900000000,,9314
1903615000,Malabang,Malabang,Municipality,1903600000,1900000000,,9300
1903616000,Marantao,Marantao,Municipality,1903600000,1900000000,,9711
1903617000,Marawi City,City of Marawi,Component City,1903600000,1900000000,,9700
1903618000,Masiu,Masiu,Municipality,1903600000,1900000000,,9706
1903619000,Mulondo,Mulondo,Municipality,1903600000,1900000000,,9702
1903620000,Pagayawan,Pagayawan,Municipality,1903600000,1900000000,,9312
1903621000,Piagapo,Piagapo,Municipality,1903600000,1900000000,,9710
1903622000,Poona Bayabao,Poona Bayabao,Municipality,1903600000,1900000000,,9705
1903623000,Pualas,Pualas,Municipality,1903600000,1900000000,,9313
1903624000,Ditsaan-Ramain,Ditsaan-Ramain,Municipality,1903600000,1900000000,,9713
1903625000,Saguiaran,Saguiaran,Municipality,1903600000,1900000000,,9701
1903626000,Tamparan,Tamparan,Municipality,1903600000,1900000000,,9704
1903627000,Taraka,Taraka,Municipality,1903600000,1900000000,,9712
1903628000,Tubaran,Tubaran,Municipality,1903600000,1900000000,,9304
1903629000,Tugaya,Tugaya,Municipality,1903600000,1900000000,,9317
1903630000,Wao,Wao,Municipality,1903600000,1900000000,,9716
1903631000,Marogong,Marogong,Municipality,1903600000,1900000000,,9303
1903632000,Calanogas,Calanogas,Municipality,1903600000,1900000000,,9319
1903633000,Buadiposo-Buntong,Buadiposo-Buntong,Municipality,1903600000,1900000000,,9714
1903634000,Maguing,Maguing,Municipality,1903600000,1900000000,,9715
1903635000,Picong,Picong,Municipality,1903600000,1900000000,,9301
1903636000,Lumbayanague,Lumbayanague,Municipality,1903600000,1900000000,,9306
1903637000,Amai Manabilang,Amai Manabilang,Municipality,1903600000,1900000000,,9320
1903638000,Tagoloan II,Tagoloan II,Municipality,1903600000,1900000000,,9321
1903639000,Kapatagan,Kapatagan,Municipality,1903600000,1900000000,,9322
1903640000,Sultan Dumalondong,Sultan Dumalondong,Municipality,1903600000,1900000000,,9324
1903641000,Lumbaca-Unayan,Lumbaca-Unayan,Municipality,1903600000,1900000000,,9323
1907001000,Panglima Sugala,Panglima Sugala,Municipality,1907000000,1900000000,,7501
1907002000,Bongao,Bongao,Municipality,1907000000,1900000000,,7500
1907003000,Mapun,Mapun,Municipality,1907000000,1900000000,,7508
1907004000,Simunul,Simunul,Municipality,1907000000,1900000000,,7505
1907005000,Sitangkai,Sitangkai,Municipality,1907000000,1900000000,,7506
1907006000,South Ubian,South Ubian,Municipality,1907000000,1900000000,,7504
1907007000,Tandubas,Tandubas,Municipality,1907000000,1900000000,,7502
1907008000,Turtle Islands,Turtle Islands,Municipality,1907000000,1900000000,,7507
1907009000,Languyan,Languyan,Municipality,1907000000,1900000000,,7509
1907010000,Sapa-Sapa,Sapa-Sapa,Municipality,1907000000,1900000000,,7503
1907011000,Sibutu,Sibutu,Municipality,1907000000,1900000000,,7510
1908701000,Barira,Barira,Municipality,1908700000,1900000000,,9614
1908702000,Buldon,Buldon,Municipality,1908700000,1900000000,,9615
1908703000,Cotabato City,City of Cotabato,Independent Component City,1908700000,1900000000,,9600
1908704000,Datu Blah T. Sinsuat,Datu Blah T. Sinsuat,Municipality,1908700000,1900000000,,9623
1908705000,Datu Odin Sinsuat,Datu Odin Sinsuat,Municipality,1908700000,1900000000,,9601
1908706000,Kabuntalan,Kabuntalan,Municipality,1908700000,1900000000,,9606
1908707000,Matanog,Matanog,Municipality,1908700000,1900000000,,9613
1908708000,Northern Kabuntalan,Northern Kabuntalan,Municipality,1908700000,1900000000,,9630
1908709000,Parang,Parang,Municipality,1908700000,1900000000,,9604
1908710000,Sultan Kudarat,Sultan Kudarat,Municipality,1908700000,1900000000,,9605
1908711000,Sultan Mastura,Sultan Mastura,Municipality,1908700000,1900000000,,9636
1908712000,Talitay,Talitay,Municipality,1908700000,1900000000,,9637
1908713000,Upi,Upi,Municipality,1908700000,1900000000,,9602
1908801000,Ampatuan,Ampatuan,Municipality,1908800000,1900000000,,9609
1908802000,Buluan,Buluan,Municipality,1908800000,1900000000,,9616
1908803000,Datu Abdullah Sangki,Datu Abdullah Sangki,Municipality,1908800000,1900000000,,9621
1908804000,Datu Anggal Midtimbang,Datu Anggal Midtimbang,Municipality,1908800000,1900000000,,9622
1908805000,Datu Hoffer Ampatuan,Datu Hoffer Ampatuan,Municipality,1908800000,1900000000,,9624
1908806000,Datu Paglas,Datu Paglas,Municipality,1908800000,1900000000,,9617
1908807000,Datu Piang,Datu Piang,Municipality,1908800000,1900000000,,9607
1908808000,Datu Salibo,Datu Salibo,Municipality,1908800000,1900000000,,9625
1908809000,Datu Saudi Ampatuan,Datu Saudi Ampatuan,Municipality,1908800000,1900000000,,9626
1908810000,Datu Unsay,Datu Unsay,Municipality,1908800000,1900000000,,9627
1908811000,Gen. S.K. Pendatun,Gen. S.K. Pendatun,Municipality,1908800000,1900000000,,9618
1908812000,Guindulungan,Guindulungan,Municipality,1908800000,1900000000,,9628
1908813000,Mamasapano,Mamasapano,Municipality,1908800000,1900000000,,9629
1908814000,Mangudadatu,Mangudadatu,Municipality,1908800000,1900000000,,9620
1908815000,Pagagawan,Pagagawan,Municipality,1908800000,1900000000,,9631
1908816000,Pagalungan,Pagalungan,Municipality,1908800000,1900000000,,9610
1908817000,Paglat,Paglat,Municipality,1908800000,1900000000,,9632
1908818000,Pandag,Pandag,Municipality,1908800000,1900000000,,9633
1908819000,Rajah Buayan,Rajah Buayan,Municipality,1908800000,1900000000,,9634
1908820000,Shariff Aguak,Shariff Aguak,Municipality,1908800000,1900000000,,9608
1908821000,Shariff Saydona Mustapha,Shariff Saydona Mustapha,Municipality,1908800000,1900000000,,9635
1908822000,South Upi,South Upi,Municipality,1908800000,1900000000,,9603
1908823000,Sultan Sa Barongis,Sultan Sa Barongis,Municipality,1908800000,1900000000,,9611
1908824000,Talayan,Talayan,Municipality,1908800000,1900000000,,9612
1999901000,Kapalawan,Kapalawan,Municipality,1999900000,1900000000,,9408
1999902000,Old Kaabakan,Old Kaabakan,Municipality,1999900000,1900000000,,9407
1999903000,Kadayangan,Kadayangan,Municipality,1999900000,1900000000,,9410
1999904000,Nabalawag,Nabalawag,Municipality,1999900000,1900000000,,9410
1999905000,Pahamuddin,Pahamuddin,Municipality,1999900000,1900000000,,9412
1999906000,Malidegao,Malidegao,Municipality,1999900000,1900000000,,9409
1999907000,Ligawasan,Ligawasan,Municipality,1999900000,1900000000,,9409
1999908000,Tugunan,Tugunan,Municipality,1999900000,1900000000,,9409
